-- MySQL dump 10.13  Distrib 5.7.9, for Win64 (x86_64)
--
-- Host: localhost    Database: resergol
-- ------------------------------------------------------
-- Server version	5.6.26

/*!40101 SET @OLD_CHARACTER_SET_CLIENT=@@CHARACTER_SET_CLIENT */;
/*!40101 SET @OLD_CHARACTER_SET_RESULTS=@@CHARACTER_SET_RESULTS */;
/*!40101 SET @OLD_COLLATION_CONNECTION=@@COLLATION_CONNECTION */;
/*!40101 SET NAMES utf8 */;
/*!40103 SET @OLD_TIME_ZONE=@@TIME_ZONE */;
/*!40103 SET TIME_ZONE='+00:00' */;
/*!40014 SET @OLD_UNIQUE_CHECKS=@@UNIQUE_CHECKS, UNIQUE_CHECKS=0 */;
/*!40014 SET @OLD_FOREIGN_KEY_CHECKS=@@FOREIGN_KEY_CHECKS, FOREIGN_KEY_CHECKS=0 */;
/*!40101 SET @OLD_SQL_MODE=@@SQL_MODE, SQL_MODE='NO_AUTO_VALUE_ON_ZERO' */;
/*!40111 SET @OLD_SQL_NOTES=@@SQL_NOTES, SQL_NOTES=0 */;

--
-- Table structure for table `administradores`
--

DROP TABLE IF EXISTS `administradores`;
/*!40101 SET @saved_cs_client     = @@character_set_client */;
/*!40101 SET character_set_client = utf8 */;
CREATE TABLE `administradores` (
  `Usuario` varchar(25) NOT NULL,
  `id` int(11) NOT NULL AUTO_INCREMENT,
  `Contrasenia` blob NOT NULL,
  PRIMARY KEY (`id`),
  UNIQUE KEY `Usuario` (`Usuario`)
) ENGINE=InnoDB AUTO_INCREMENT=2 DEFAULT CHARSET=latin1;
/*!40101 SET character_set_client = @saved_cs_client */;

--
-- Dumping data for table `administradores`
--

LOCK TABLES `administradores` WRITE;
/*!40000 ALTER TABLE `administradores` DISABLE KEYS */;
INSERT INTO `administradores` VALUES ('ADMIN',1,'454545');
/*!40000 ALTER TABLE `administradores` ENABLE KEYS */;
UNLOCK TABLES;

--
-- Table structure for table `calendario`
--

DROP TABLE IF EXISTS `calendario`;
/*!40101 SET @saved_cs_client     = @@character_set_client */;
/*!40101 SET character_set_client = utf8 */;
CREATE TABLE `calendario` (
  `fecha` datetime NOT NULL,
  `idDia` int(11) NOT NULL,
  PRIMARY KEY (`fecha`),
  KEY `idx_dias` (`idDia`)
) ENGINE=InnoDB DEFAULT CHARSET=latin1;
/*!40101 SET character_set_client = @saved_cs_client */;

--
-- Dumping data for table `calendario`
--

LOCK TABLES `calendario` WRITE;
/*!40000 ALTER TABLE `calendario` DISABLE KEYS */;
INSERT INTO `calendario` VALUES ('2016-06-06 00:00:00',1),('2016-06-13 00:00:00',1),('2016-06-20 00:00:00',1),('2016-06-27 00:00:00',1),('2016-07-04 00:00:00',1),('2016-07-11 00:00:00',1),('2016-07-18 00:00:00',1),('2016-07-25 00:00:00',1),('2016-08-01 00:00:00',1),('2016-08-08 00:00:00',1),('2016-08-15 00:00:00',1),('2016-08-22 00:00:00',1),('2016-08-29 00:00:00',1),('2016-09-05 00:00:00',1),('2016-09-12 00:00:00',1),('2016-09-19 00:00:00',1),('2016-09-26 00:00:00',1),('2016-10-03 00:00:00',1),('2016-10-10 00:00:00',1),('2016-10-17 00:00:00',1),('2016-10-24 00:00:00',1),('2016-10-31 00:00:00',1),('2016-11-07 00:00:00',1),('2016-11-14 00:00:00',1),('2016-11-21 00:00:00',1),('2016-11-28 00:00:00',1),('2016-12-05 00:00:00',1),('2016-12-12 00:00:00',1),('2016-12-19 00:00:00',1),('2016-12-26 00:00:00',1),('2017-01-02 00:00:00',1),('2017-01-09 00:00:00',1),('2017-01-16 00:00:00',1),('2017-01-23 00:00:00',1),('2017-01-30 00:00:00',1),('2017-02-06 00:00:00',1),('2017-02-13 00:00:00',1),('2017-02-20 00:00:00',1),('2017-02-27 00:00:00',1),('2017-03-06 00:00:00',1),('2017-03-13 00:00:00',1),('2017-03-20 00:00:00',1),('2017-03-27 00:00:00',1),('2017-04-03 00:00:00',1),('2017-04-10 00:00:00',1),('2017-04-17 00:00:00',1),('2017-04-24 00:00:00',1),('2017-05-01 00:00:00',1),('2017-05-08 00:00:00',1),('2017-05-15 00:00:00',1),('2017-05-22 00:00:00',1),('2017-05-29 00:00:00',1),('2017-06-05 00:00:00',1),('2017-06-12 00:00:00',1),('2017-06-19 00:00:00',1),('2017-06-26 00:00:00',1),('2017-07-03 00:00:00',1),('2017-07-10 00:00:00',1),('2017-07-17 00:00:00',1),('2017-07-24 00:00:00',1),('2017-07-31 00:00:00',1),('2017-08-07 00:00:00',1),('2017-08-14 00:00:00',1),('2017-08-21 00:00:00',1),('2017-08-28 00:00:00',1),('2017-09-04 00:00:00',1),('2017-09-11 00:00:00',1),('2017-09-18 00:00:00',1),('2017-09-25 00:00:00',1),('2017-10-02 00:00:00',1),('2017-10-09 00:00:00',1),('2017-10-16 00:00:00',1),('2017-10-23 00:00:00',1),('2017-10-30 00:00:00',1),('2017-11-06 00:00:00',1),('2017-11-13 00:00:00',1),('2017-11-20 00:00:00',1),('2017-11-27 00:00:00',1),('2017-12-04 00:00:00',1),('2017-12-11 00:00:00',1),('2017-12-18 00:00:00',1),('2017-12-25 00:00:00',1),('2018-01-01 00:00:00',1),('2016-06-07 00:00:00',2),('2016-06-14 00:00:00',2),('2016-06-21 00:00:00',2),('2016-06-28 00:00:00',2),('2016-07-05 00:00:00',2),('2016-07-12 00:00:00',2),('2016-07-19 00:00:00',2),('2016-07-26 00:00:00',2),('2016-08-02 00:00:00',2),('2016-08-09 00:00:00',2),('2016-08-16 00:00:00',2),('2016-08-23 00:00:00',2),('2016-08-30 00:00:00',2),('2016-09-06 00:00:00',2),('2016-09-13 00:00:00',2),('2016-09-20 00:00:00',2),('2016-09-27 00:00:00',2),('2016-10-04 00:00:00',2),('2016-10-11 00:00:00',2),('2016-10-18 00:00:00',2),('2016-10-25 00:00:00',2),('2016-11-01 00:00:00',2),('2016-11-08 00:00:00',2),('2016-11-15 00:00:00',2),('2016-11-22 00:00:00',2),('2016-11-29 00:00:00',2),('2016-12-06 00:00:00',2),('2016-12-13 00:00:00',2),('2016-12-20 00:00:00',2),('2016-12-27 00:00:00',2),('2017-01-03 00:00:00',2),('2017-01-10 00:00:00',2),('2017-01-17 00:00:00',2),('2017-01-24 00:00:00',2),('2017-01-31 00:00:00',2),('2017-02-07 00:00:00',2),('2017-02-14 00:00:00',2),('2017-02-21 00:00:00',2),('2017-02-28 00:00:00',2),('2017-03-07 00:00:00',2),('2017-03-14 00:00:00',2),('2017-03-21 00:00:00',2),('2017-03-28 00:00:00',2),('2017-04-04 00:00:00',2),('2017-04-11 00:00:00',2),('2017-04-18 00:00:00',2),('2017-04-25 00:00:00',2),('2017-05-02 00:00:00',2),('2017-05-09 00:00:00',2),('2017-05-16 00:00:00',2),('2017-05-23 00:00:00',2),('2017-05-30 00:00:00',2),('2017-06-06 00:00:00',2),('2017-06-13 00:00:00',2),('2017-06-20 00:00:00',2),('2017-06-27 00:00:00',2),('2017-07-04 00:00:00',2),('2017-07-11 00:00:00',2),('2017-07-18 00:00:00',2),('2017-07-25 00:00:00',2),('2017-08-01 00:00:00',2),('2017-08-08 00:00:00',2),('2017-08-15 00:00:00',2),('2017-08-22 00:00:00',2),('2017-08-29 00:00:00',2),('2017-09-05 00:00:00',2),('2017-09-12 00:00:00',2),('2017-09-19 00:00:00',2),('2017-09-26 00:00:00',2),('2017-10-03 00:00:00',2),('2017-10-10 00:00:00',2),('2017-10-17 00:00:00',2),('2017-10-24 00:00:00',2),('2017-10-31 00:00:00',2),('2017-11-07 00:00:00',2),('2017-11-14 00:00:00',2),('2017-11-21 00:00:00',2),('2017-11-28 00:00:00',2),('2017-12-05 00:00:00',2),('2017-12-12 00:00:00',2),('2017-12-19 00:00:00',2),('2017-12-26 00:00:00',2),('2016-06-01 00:00:00',3),('2016-06-08 00:00:00',3),('2016-06-15 00:00:00',3),('2016-06-22 00:00:00',3),('2016-06-29 00:00:00',3),('2016-07-06 00:00:00',3),('2016-07-13 00:00:00',3),('2016-07-20 00:00:00',3),('2016-07-27 00:00:00',3),('2016-08-03 00:00:00',3),('2016-08-10 00:00:00',3),('2016-08-17 00:00:00',3),('2016-08-24 00:00:00',3),('2016-08-31 00:00:00',3),('2016-09-07 00:00:00',3),('2016-09-14 00:00:00',3),('2016-09-21 00:00:00',3),('2016-09-28 00:00:00',3),('2016-10-05 00:00:00',3),('2016-10-12 00:00:00',3),('2016-10-19 00:00:00',3),('2016-10-26 00:00:00',3),('2016-11-02 00:00:00',3),('2016-11-09 00:00:00',3),('2016-11-16 00:00:00',3),('2016-11-23 00:00:00',3),('2016-11-30 00:00:00',3),('2016-12-07 00:00:00',3),('2016-12-14 00:00:00',3),('2016-12-21 00:00:00',3),('2016-12-28 00:00:00',3),('2017-01-04 00:00:00',3),('2017-01-11 00:00:00',3),('2017-01-18 00:00:00',3),('2017-01-25 00:00:00',3),('2017-02-01 00:00:00',3),('2017-02-08 00:00:00',3),('2017-02-15 00:00:00',3),('2017-02-22 00:00:00',3),('2017-03-01 00:00:00',3),('2017-03-08 00:00:00',3),('2017-03-15 00:00:00',3),('2017-03-22 00:00:00',3),('2017-03-29 00:00:00',3),('2017-04-05 00:00:00',3),('2017-04-12 00:00:00',3),('2017-04-19 00:00:00',3),('2017-04-26 00:00:00',3),('2017-05-03 00:00:00',3),('2017-05-10 00:00:00',3),('2017-05-17 00:00:00',3),('2017-05-24 00:00:00',3),('2017-05-31 00:00:00',3),('2017-06-07 00:00:00',3),('2017-06-14 00:00:00',3),('2017-06-21 00:00:00',3),('2017-06-28 00:00:00',3),('2017-07-05 00:00:00',3),('2017-07-12 00:00:00',3),('2017-07-19 00:00:00',3),('2017-07-26 00:00:00',3),('2017-08-02 00:00:00',3),('2017-08-09 00:00:00',3),('2017-08-16 00:00:00',3),('2017-08-23 00:00:00',3),('2017-08-30 00:00:00',3),('2017-09-06 00:00:00',3),('2017-09-13 00:00:00',3),('2017-09-20 00:00:00',3),('2017-09-27 00:00:00',3),('2017-10-04 00:00:00',3),('2017-10-11 00:00:00',3),('2017-10-18 00:00:00',3),('2017-10-25 00:00:00',3),('2017-11-01 00:00:00',3),('2017-11-08 00:00:00',3),('2017-11-15 00:00:00',3),('2017-11-22 00:00:00',3),('2017-11-29 00:00:00',3),('2017-12-06 00:00:00',3),('2017-12-13 00:00:00',3),('2017-12-20 00:00:00',3),('2017-12-27 00:00:00',3),('2016-06-02 00:00:00',4),('2016-06-09 00:00:00',4),('2016-06-16 00:00:00',4),('2016-06-23 00:00:00',4),('2016-06-30 00:00:00',4),('2016-07-07 00:00:00',4),('2016-07-14 00:00:00',4),('2016-07-21 00:00:00',4),('2016-07-28 00:00:00',4),('2016-08-04 00:00:00',4),('2016-08-11 00:00:00',4),('2016-08-18 00:00:00',4),('2016-08-25 00:00:00',4),('2016-09-01 00:00:00',4),('2016-09-08 00:00:00',4),('2016-09-15 00:00:00',4),('2016-09-22 00:00:00',4),('2016-09-29 00:00:00',4),('2016-10-06 00:00:00',4),('2016-10-13 00:00:00',4),('2016-10-20 00:00:00',4),('2016-10-27 00:00:00',4),('2016-11-03 00:00:00',4),('2016-11-10 00:00:00',4),('2016-11-17 00:00:00',4),('2016-11-24 00:00:00',4),('2016-12-01 00:00:00',4),('2016-12-08 00:00:00',4),('2016-12-15 00:00:00',4),('2016-12-22 00:00:00',4),('2016-12-29 00:00:00',4),('2017-01-05 00:00:00',4),('2017-01-12 00:00:00',4),('2017-01-19 00:00:00',4),('2017-01-26 00:00:00',4),('2017-02-02 00:00:00',4),('2017-02-09 00:00:00',4),('2017-02-16 00:00:00',4),('2017-02-23 00:00:00',4),('2017-03-02 00:00:00',4),('2017-03-09 00:00:00',4),('2017-03-16 00:00:00',4),('2017-03-23 00:00:00',4),('2017-03-30 00:00:00',4),('2017-04-06 00:00:00',4),('2017-04-13 00:00:00',4),('2017-04-20 00:00:00',4),('2017-04-27 00:00:00',4),('2017-05-04 00:00:00',4),('2017-05-11 00:00:00',4),('2017-05-18 00:00:00',4),('2017-05-25 00:00:00',4),('2017-06-01 00:00:00',4),('2017-06-08 00:00:00',4),('2017-06-15 00:00:00',4),('2017-06-22 00:00:00',4),('2017-06-29 00:00:00',4),('2017-07-06 00:00:00',4),('2017-07-13 00:00:00',4),('2017-07-20 00:00:00',4),('2017-07-27 00:00:00',4),('2017-08-03 00:00:00',4),('2017-08-10 00:00:00',4),('2017-08-17 00:00:00',4),('2017-08-24 00:00:00',4),('2017-08-31 00:00:00',4),('2017-09-07 00:00:00',4),('2017-09-14 00:00:00',4),('2017-09-21 00:00:00',4),('2017-09-28 00:00:00',4),('2017-10-05 00:00:00',4),('2017-10-12 00:00:00',4),('2017-10-19 00:00:00',4),('2017-10-26 00:00:00',4),('2017-11-02 00:00:00',4),('2017-11-09 00:00:00',4),('2017-11-16 00:00:00',4),('2017-11-23 00:00:00',4),('2017-11-30 00:00:00',4),('2017-12-07 00:00:00',4),('2017-12-14 00:00:00',4),('2017-12-21 00:00:00',4),('2017-12-28 00:00:00',4),('2016-06-03 00:00:00',5),('2016-06-10 00:00:00',5),('2016-06-17 00:00:00',5),('2016-06-24 00:00:00',5),('2016-07-01 00:00:00',5),('2016-07-08 00:00:00',5),('2016-07-15 00:00:00',5),('2016-07-22 00:00:00',5),('2016-07-29 00:00:00',5),('2016-08-05 00:00:00',5),('2016-08-12 00:00:00',5),('2016-08-19 00:00:00',5),('2016-08-26 00:00:00',5),('2016-09-02 00:00:00',5),('2016-09-09 00:00:00',5),('2016-09-16 00:00:00',5),('2016-09-23 00:00:00',5),('2016-09-30 00:00:00',5),('2016-10-07 00:00:00',5),('2016-10-14 00:00:00',5),('2016-10-21 00:00:00',5),('2016-10-28 00:00:00',5),('2016-11-04 00:00:00',5),('2016-11-11 00:00:00',5),('2016-11-18 00:00:00',5),('2016-11-25 00:00:00',5),('2016-12-02 00:00:00',5),('2016-12-09 00:00:00',5),('2016-12-16 00:00:00',5),('2016-12-23 00:00:00',5),('2016-12-30 00:00:00',5),('2017-01-06 00:00:00',5),('2017-01-13 00:00:00',5),('2017-01-20 00:00:00',5),('2017-01-27 00:00:00',5),('2017-02-03 00:00:00',5),('2017-02-10 00:00:00',5),('2017-02-17 00:00:00',5),('2017-02-24 00:00:00',5),('2017-03-03 00:00:00',5),('2017-03-10 00:00:00',5),('2017-03-17 00:00:00',5),('2017-03-24 00:00:00',5),('2017-03-31 00:00:00',5),('2017-04-07 00:00:00',5),('2017-04-14 00:00:00',5),('2017-04-21 00:00:00',5),('2017-04-28 00:00:00',5),('2017-05-05 00:00:00',5),('2017-05-12 00:00:00',5),('2017-05-19 00:00:00',5),('2017-05-26 00:00:00',5),('2017-06-02 00:00:00',5),('2017-06-09 00:00:00',5),('2017-06-16 00:00:00',5),('2017-06-23 00:00:00',5),('2017-06-30 00:00:00',5),('2017-07-07 00:00:00',5),('2017-07-14 00:00:00',5),('2017-07-21 00:00:00',5),('2017-07-28 00:00:00',5),('2017-08-04 00:00:00',5),('2017-08-11 00:00:00',5),('2017-08-18 00:00:00',5),('2017-08-25 00:00:00',5),('2017-09-01 00:00:00',5),('2017-09-08 00:00:00',5),('2017-09-15 00:00:00',5),('2017-09-22 00:00:00',5),('2017-09-29 00:00:00',5),('2017-10-06 00:00:00',5),('2017-10-13 00:00:00',5),('2017-10-20 00:00:00',5),('2017-10-27 00:00:00',5),('2017-11-03 00:00:00',5),('2017-11-10 00:00:00',5),('2017-11-17 00:00:00',5),('2017-11-24 00:00:00',5),('2017-12-01 00:00:00',5),('2017-12-08 00:00:00',5),('2017-12-15 00:00:00',5),('2017-12-22 00:00:00',5),('2017-12-29 00:00:00',5),('2016-06-04 00:00:00',6),('2016-06-11 00:00:00',6),('2016-06-18 00:00:00',6),('2016-06-25 00:00:00',6),('2016-07-02 00:00:00',6),('2016-07-09 00:00:00',6),('2016-07-16 00:00:00',6),('2016-07-23 00:00:00',6),('2016-07-30 00:00:00',6),('2016-08-06 00:00:00',6),('2016-08-13 00:00:00',6),('2016-08-20 00:00:00',6),('2016-08-27 00:00:00',6),('2016-09-03 00:00:00',6),('2016-09-10 00:00:00',6),('2016-09-17 00:00:00',6),('2016-09-24 00:00:00',6),('2016-10-01 00:00:00',6),('2016-10-08 00:00:00',6),('2016-10-15 00:00:00',6),('2016-10-22 00:00:00',6),('2016-10-29 00:00:00',6),('2016-11-05 00:00:00',6),('2016-11-12 00:00:00',6),('2016-11-19 00:00:00',6),('2016-11-26 00:00:00',6),('2016-12-03 00:00:00',6),('2016-12-10 00:00:00',6),('2016-12-17 00:00:00',6),('2016-12-24 00:00:00',6),('2016-12-31 00:00:00',6),('2017-01-07 00:00:00',6),('2017-01-14 00:00:00',6),('2017-01-21 00:00:00',6),('2017-01-28 00:00:00',6),('2017-02-04 00:00:00',6),('2017-02-11 00:00:00',6),('2017-02-18 00:00:00',6),('2017-02-25 00:00:00',6),('2017-03-04 00:00:00',6),('2017-03-11 00:00:00',6),('2017-03-18 00:00:00',6),('2017-03-25 00:00:00',6),('2017-04-01 00:00:00',6),('2017-04-08 00:00:00',6),('2017-04-15 00:00:00',6),('2017-04-22 00:00:00',6),('2017-04-29 00:00:00',6),('2017-05-06 00:00:00',6),('2017-05-13 00:00:00',6),('2017-05-20 00:00:00',6),('2017-05-27 00:00:00',6),('2017-06-03 00:00:00',6),('2017-06-10 00:00:00',6),('2017-06-17 00:00:00',6),('2017-06-24 00:00:00',6),('2017-07-01 00:00:00',6),('2017-07-08 00:00:00',6),('2017-07-15 00:00:00',6),('2017-07-22 00:00:00',6),('2017-07-29 00:00:00',6),('2017-08-05 00:00:00',6),('2017-08-12 00:00:00',6),('2017-08-19 00:00:00',6),('2017-08-26 00:00:00',6),('2017-09-02 00:00:00',6),('2017-09-09 00:00:00',6),('2017-09-16 00:00:00',6),('2017-09-23 00:00:00',6),('2017-09-30 00:00:00',6),('2017-10-07 00:00:00',6),('2017-10-14 00:00:00',6),('2017-10-21 00:00:00',6),('2017-10-28 00:00:00',6),('2017-11-04 00:00:00',6),('2017-11-11 00:00:00',6),('2017-11-18 00:00:00',6),('2017-11-25 00:00:00',6),('2017-12-02 00:00:00',6),('2017-12-09 00:00:00',6),('2017-12-16 00:00:00',6),('2017-12-23 00:00:00',6),('2017-12-30 00:00:00',6),('2016-06-05 00:00:00',7),('2016-06-12 00:00:00',7),('2016-06-19 00:00:00',7),('2016-06-26 00:00:00',7),('2016-07-03 00:00:00',7),('2016-07-10 00:00:00',7),('2016-07-17 00:00:00',7),('2016-07-24 00:00:00',7),('2016-07-31 00:00:00',7),('2016-08-07 00:00:00',7),('2016-08-14 00:00:00',7),('2016-08-21 00:00:00',7),('2016-08-28 00:00:00',7),('2016-09-04 00:00:00',7),('2016-09-11 00:00:00',7),('2016-09-18 00:00:00',7),('2016-09-25 00:00:00',7),('2016-10-02 00:00:00',7),('2016-10-09 00:00:00',7),('2016-10-16 00:00:00',7),('2016-10-23 00:00:00',7),('2016-10-30 00:00:00',7),('2016-11-06 00:00:00',7),('2016-11-13 00:00:00',7),('2016-11-20 00:00:00',7),('2016-11-27 00:00:00',7),('2016-12-04 00:00:00',7),('2016-12-11 00:00:00',7),('2016-12-18 00:00:00',7),('2016-12-25 00:00:00',7),('2017-01-01 00:00:00',7),('2017-01-08 00:00:00',7),('2017-01-15 00:00:00',7),('2017-01-22 00:00:00',7),('2017-01-29 00:00:00',7),('2017-02-05 00:00:00',7),('2017-02-12 00:00:00',7),('2017-02-19 00:00:00',7),('2017-02-26 00:00:00',7),('2017-03-05 00:00:00',7),('2017-03-12 00:00:00',7),('2017-03-19 00:00:00',7),('2017-03-26 00:00:00',7),('2017-04-02 00:00:00',7),('2017-04-09 00:00:00',7),('2017-04-16 00:00:00',7),('2017-04-23 00:00:00',7),('2017-04-30 00:00:00',7),('2017-05-07 00:00:00',7),('2017-05-14 00:00:00',7),('2017-05-21 00:00:00',7),('2017-05-28 00:00:00',7),('2017-06-04 00:00:00',7),('2017-06-11 00:00:00',7),('2017-06-18 00:00:00',7),('2017-06-25 00:00:00',7),('2017-07-02 00:00:00',7),('2017-07-09 00:00:00',7),('2017-07-16 00:00:00',7),('2017-07-23 00:00:00',7),('2017-07-30 00:00:00',7),('2017-08-06 00:00:00',7),('2017-08-13 00:00:00',7),('2017-08-20 00:00:00',7),('2017-08-27 00:00:00',7),('2017-09-03 00:00:00',7),('2017-09-10 00:00:00',7),('2017-09-17 00:00:00',7),('2017-09-24 00:00:00',7),('2017-10-01 00:00:00',7),('2017-10-08 00:00:00',7),('2017-10-15 00:00:00',7),('2017-10-22 00:00:00',7),('2017-10-29 00:00:00',7),('2017-11-05 00:00:00',7),('2017-11-12 00:00:00',7),('2017-11-19 00:00:00',7),('2017-11-26 00:00:00',7),('2017-12-03 00:00:00',7),('2017-12-10 00:00:00',7),('2017-12-17 00:00:00',7),('2017-12-24 00:00:00',7),('2017-12-31 00:00:00',7);
/*!40000 ALTER TABLE `calendario` ENABLE KEYS */;
UNLOCK TABLES;

--
-- Table structure for table `canchas`
--

DROP TABLE IF EXISTS `canchas`;
/*!40101 SET @saved_cs_client     = @@character_set_client */;
/*!40101 SET character_set_client = utf8 */;
CREATE TABLE `canchas` (
  `IdComplejo` int(11) NOT NULL,
  `IdCancha` int(11) NOT NULL,
  `nombre` varchar(30) NOT NULL,
  `CantJugadores` int(11) NOT NULL,
  `IdSuperficie` int(11) NOT NULL,
  `Techada` tinyint(1) NOT NULL,
  `Luz` tinyint(1) NOT NULL,
  `Precio` decimal(6,2) NOT NULL,
  `IdEstado` int(11) NOT NULL,
  PRIMARY KEY (`IdComplejo`,`IdCancha`),
  KEY `Canchas_Estados_fk` (`IdEstado`),
  CONSTRAINT `Canchas_Estados_fk` FOREIGN KEY (`IdEstado`) REFERENCES `canchasestados` (`IdEstado`),
  CONSTRAINT `Canchas_complejo_fk` FOREIGN KEY (`IdComplejo`) REFERENCES `complejos` (`IdComplejo`)
) ENGINE=InnoDB DEFAULT CHARSET=latin1;
/*!40101 SET character_set_client = @saved_cs_client */;

--
-- Dumping data for table `canchas`
--

LOCK TABLES `canchas` WRITE;
/*!40000 ALTER TABLE `canchas` DISABLE KEYS */;
INSERT INTO `canchas` VALUES (1,1,'Maracana',5,1,1,1,200.00,1),(1,2,'Monumental',11,2,0,1,300.00,1),(1,4,'Fortin',7,3,1,1,200.00,1),(1,5,'Fortaleza',11,4,1,0,200.00,1),(2,3,'Cancha N° 3',6,2,1,1,600.00,1),(2,6,'Cancha N° 1',5,5,0,1,500.00,1),(2,7,'Cancha N° 2',5,5,0,1,500.00,1),(3,8,'Cancha 1',5,5,0,1,550.00,1),(4,9,'Delantera',5,3,1,1,450.00,1),(4,10,'Trasera',5,3,1,1,450.00,1),(5,11,'Gallardon',5,1,0,1,400.00,1),(5,12,'Lencho Sola',6,5,1,1,650.00,1),(6,13,'Cancha 1 (5j)',5,5,0,1,540.00,1),(6,14,'Cancha 2 (5j)',5,5,0,1,540.00,1),(6,15,'Cancha 3 (7j)',7,5,0,1,750.00,1),(6,16,'Cancha 4 (7j)',7,5,0,1,750.00,1),(6,17,'Cancha 5 (11j)',11,4,0,1,1300.00,1);
/*!40000 ALTER TABLE `canchas` ENABLE KEYS */;
UNLOCK TABLES;

--
-- Table structure for table `canchascomentarios`
--

DROP TABLE IF EXISTS `canchascomentarios`;
/*!40101 SET @saved_cs_client     = @@character_set_client */;
/*!40101 SET character_set_client = utf8 */;
CREATE TABLE `canchascomentarios` (
  `IdComentario` int(11) NOT NULL AUTO_INCREMENT,
  `IdComplejo` int(11) NOT NULL,
  `IdCancha` int(11) NOT NULL,
  `IdCliente` int(11) NOT NULL,
  `Comentario` varchar(300) NOT NULL,
  `Fecha` datetime NOT NULL,
  PRIMARY KEY (`IdComentario`),
  KEY `CanchasComentarios_Canchas_fk` (`IdComplejo`,`IdCancha`),
  KEY `CanchasComentarios_Clientes_fk` (`IdCliente`),
  CONSTRAINT `CanchasComentarios_Canchas_fk` FOREIGN KEY (`IdComplejo`, `IdCancha`) REFERENCES `canchas` (`IdComplejo`, `IdCancha`),
  CONSTRAINT `CanchasComentarios_Clientes_fk` FOREIGN KEY (`IdCliente`) REFERENCES `clientes` (`IdCliente`)
) ENGINE=InnoDB DEFAULT CHARSET=latin1;
/*!40101 SET character_set_client = @saved_cs_client */;

--
-- Dumping data for table `canchascomentarios`
--

LOCK TABLES `canchascomentarios` WRITE;
/*!40000 ALTER TABLE `canchascomentarios` DISABLE KEYS */;
/*!40000 ALTER TABLE `canchascomentarios` ENABLE KEYS */;
UNLOCK TABLES;

--
-- Table structure for table `canchasestados`
--

DROP TABLE IF EXISTS `canchasestados`;
/*!40101 SET @saved_cs_client     = @@character_set_client */;
/*!40101 SET character_set_client = utf8 */;
CREATE TABLE `canchasestados` (
  `IdEstado` int(11) NOT NULL AUTO_INCREMENT,
  `Descripcion` varchar(30) NOT NULL,
  PRIMARY KEY (`IdEstado`)
) ENGINE=InnoDB AUTO_INCREMENT=3 DEFAULT CHARSET=latin1;
/*!40101 SET character_set_client = @saved_cs_client */;

--
-- Dumping data for table `canchasestados`
--

LOCK TABLES `canchasestados` WRITE;
/*!40000 ALTER TABLE `canchasestados` DISABLE KEYS */;
INSERT INTO `canchasestados` VALUES (1,'Activo'),(2,'Baja');
/*!40000 ALTER TABLE `canchasestados` ENABLE KEYS */;
UNLOCK TABLES;

--
-- Table structure for table `canchasimagenes`
--

DROP TABLE IF EXISTS `canchasimagenes`;
/*!40101 SET @saved_cs_client     = @@character_set_client */;
/*!40101 SET character_set_client = utf8 */;
CREATE TABLE `canchasimagenes` (
  `IdComplejo` int(11) NOT NULL,
  `IdCancha` int(11) NOT NULL,
  `IdImagen` int(11) NOT NULL,
  `Imagen` mediumblob NOT NULL,
  PRIMARY KEY (`IdComplejo`,`IdCancha`,`IdImagen`),
  CONSTRAINT `Imagenes_Canchas_fk` FOREIGN KEY (`IdComplejo`, `IdCancha`) REFERENCES `canchas` (`IdComplejo`, `IdCancha`)
) ENGINE=InnoDB DEFAULT CHARSET=latin1;
/*!40101 SET character_set_client = @saved_cs_client */;

--
-- Dumping data for table `canchasimagenes`
--

LOCK TABLES `canchasimagenes` WRITE;
/*!40000 ALTER TABLE `canchasimagenes` DISABLE KEYS */;
INSERT INTO `canchasimagenes` VALUES (5,12,1,'/9j/4AAQSkZJRgABAQAAAQABAAD//gA7Q1JFQVRPUjogZ2QtanBlZyB2MS4wICh1c2luZyBJSkcgSlBFRyB2NjIpLCBxdWFsaXR5ID0gODAK/9sAQwAGBAUGBQQGBgUGBwcGCAoQCgoJCQoUDg8MEBcUGBgXFBYWGh0lHxobIxwWFiAsICMmJykqKRkfLTAtKDAlKCko/9sAQwEHBwcKCAoTCgoTKBoWGigoKCgoKCgoKCgoKCgoKCgoKCgoKCgoKCgoKCgoKCgoKCgoKCgoKCgoKCgoKCgoKCgo/8IAEQgA8AFAAwEiAAIRAQMRAf/EABsAAAIDAQEBAAAAAAAAAAAAAAIDAAEEBQYH/8QAGAEBAQEBAQAAAAAAAAAAAAAAAAECAwT/2gAMAwEAAhADEAAAAeklGi3gcXo8/F9mnzXX1NiVv0XmfmUEszZujRzUC+zwNJ6zn8PXHQ6Xk9dey4+FGltG8ty1Prnek5lxuDDnHLQA8udI6zfNVb6dnk/VWcQeUrGvoObhlcTBpfLzNWrTSAdjNyJgrZe/Fmlg9JljmaNiKHVygjtbPKCepT5dlegQPIOivm2ujPKCNYUVgMHVUWElH67yvpbnyVjUvYw9Becr04u8uqcjvac6+55A7/M4+wJPd8/L6DyfsvIRKq1IIawqElwD0HC9L5+5RGLmhuQuoQFGJKOC4dE9L5v1Ws+PhhL2kXoxMqlFuObyprO4sVy3v5gnqE8HsTXa8l7Px2bYWSiRUoiwCUyJ6LndXl6yK86ZrcGMjbOfZ0dHF6KY8z1KQWRPXeU9PrPkBarN7WRrMEc70nJ9HNd6k5KDYOdByeji1J3vPdSX2HjfaeOzVRt52FWQNMsWrXzrPTY3L1MC3pzVRkFESqLfzOimXNpyqRhUr/U+T9NvHmFumdP0NYznfOf7fModxefpz66JceuBHabXA1Xh6Z915n0/M575NdjLnWCbgrJWlYO9XU6Y08Tq8iMiTVjR0si87uXqbOtyupGfM7PKy12rPT+a9RvHkoNZ17dOPTyx4augj2cvUb+Vv8nW5LzBBlnmcHY8768+vbh6nm1kbrXktl1bGJGtSn5ut2Y34GXpzznXMyDbp8r38VmnoYGqLMZVqrLoG9fkb9TjK7OXN7ORWnzc+DxfUcH066nd57+E0RRQbFKM/jvbcHvMfuPFdyXrVRchJp8LqWZvJ9jZ3cz0HJ63OgLQzKFtQkH0Ip9W5o+jPHQzDpEyJ6A11Mwv55Vh6StFOOQUCi9C00OfYrdci25aFLbDVrMMYpEBpq3PtxvGWg5GQAVsCyxqgoFBQRohoSKdRtSDsZBlJDuWpWqqjCUFLssBaGtdhGIEbFhFSy7ghhYodLtZYjTaXCS6BuQIJAgql0KFuc0yIHUJ1ZCtbYIyMCFaQrsaSaCYq0sqiywqiiZF3VpKYKyDZLEBlDZYWAUqVVXSsJJZyTBAOAZTAUMJZ2msbgiUNNLPDQAlVCRRUkQxqhqqJRJZJcgl0UJF0Gu6W5BLGDWqAGYZRQ4aqqeCR61EOCpaJmEGImXVWlXa1jQshUAUqISjWQgMuwpbGrJa6QxGW2NUazSsdRELZQEYIyNWBLVwUIbMlVQRgSrYuEqEksDUhoiCNVLCpDtVqY1VXVDBQJRkALoKwzm3BKqUBcowahgxtEoYXdgXBO2qkDEKkYYEslDVCNySwYShq04EogqS1CcmfTrRvX//xAApEAABBAEDBAICAwEBAAAAAAABAAIDERIEITEQEyIyFEEFMyAjJEI0/9oACAEBAAEFAnxd1heWE2Ym/wBbhqA9glN0yV8TXGNs7nxnFsd5STQhro34SSsDU61o3j5MuqEKcXubLP8AK1em1bNO+ctmbpaOnnkyaZf88UjIY/EOGoPyXyGJO1WDDqcQTZq1j4hjQ1tL0Ty1rX7rvtBdqGhaWUujLrETgF/1E8xvjnYC1p70RLjE3Nsr/EtycAS6SMgNdYfdeWTnuLzqCxb2wdx0c2ETGSoxv1AbpyYo9PaaKkEeLgO24ljBmwLv+TtSCnakuc+dxPfcjK8oO3cbDv2Hlv46JzZNL24u2GzTMwkaCScxG3UzNT53yPglc1suoY5neGRe0m8hHG8kaaRy+G8Fmh3bo2IwMa8xMtskZBnjY2F+EMmraHy65zmnVSPTpJCsiXB1Jxvp9XStHo0eT3Cj+z7+Zqwvn6mhPIxz5WTM7eazaCWuqcDGHTyGICpmtDmSGVkhYG6VmqYGnVMR/IGxrJWh2okeu9Kt1W4BI099p3J54RNnHZ38Bxx02TOSpP2KTya5jg2twwduEwPkmnE0j2+UrYpNP+OkDo2Au04DMWnCeZxGnB2aUd1tS+gd0FCQdI/3XHS/4fZCAFgKtmDycfGT9qzAJe2y4B2l17IdM9znDQubA6OWJq1z2iVk3aUUh7Ub2ta425v/AIW+p3IX30cdm9NK0HRyjzCK+z14WyK2PQqPZ5HjJWa+ZJTJcEZG5vooTIal6Ewt03ecXYrRantS6nUxmP8AGRxytfH/AF/a++pQForTN/yGONwx01D4wN6ZrstOHB8QPfjB+RSilL2u9FVo8x+7vWT9mwTNiUeOWtCHLAhSp1N2V27Sj+pjv87huFSBtELlHYr60klaCVo7R3ZaCHFKkOdMaO+CGyyJUXvIfGas9k4bOsih8eLLPtrtbdpYUtXWDeDsvxLqV5wO8ZCrTl99PpxWgka/TvLmw/8AGNo79OFsEQtIcV/y07/XKj/bIRhL7rLYC1qi1jIg5krnh64V2pvTUejBSNAfj5u1KWYxvru8CrVUnC0NlS5Ujf79KxmDf08A0tqB6AtaQdtIaIPjwrtfUQPdkUl9xZeVseJgS+GUNDAWEucS4lOyKxJZ23NRj/q00zXOgkM8Eo/vvpa4V2stuUyvkM0/x4uYmWCNlS5RO0ckJTC0zabZ7ffjoQLj/ZL6P/ZYQiF9qPF/lpO84KOPwLdyHBdp7g2OQBsbnNmuOfT+D4owI/j5zO0BA+FKnaGYl2kmYHaaYLsvvTNfHPI4PLJSRWw3cdivv/mUYGFtN0m0jdn/AGEVDvPL6v8A2FCCO5Y2u6MsjShjYRPGnv7i7jmrvFw8l+SJ7rmCURukwcwuFSBNe+2SSxozue35UjB39o9QZXYFBzY2xzMwMsT1kxzWmJOjiCdFC5jGXDooY3QRQMjf8dq+GCjof7PgWmaFwln3Y7TTX8aaw3yDGLWBrJZ2hp0UodC5mashXku3imnKT823BNcY1+LkMjMd7BXbILd126TRkCyjp6znd2Jn4TQgIwhpMDa7QXbwT4zXbe5rMiyIkPBei+Vd2Vd8lM1HnJKymyiRTarCRP51cDZNRJC+J0Vu1OYXsg0tAdksW1rGZRiJ8smhk7M2TVhZsl3bQO7xaBpageBa6R+ijLX0C0bIjFVkhuqxRZviCKtuOSxtVY56Vvhv2WlZHIcSxZv1YqfThjYSM1ZCDshiFkQdUcdNoGH5Gu0+EujlE7Q8h2IKvfLZtsBIeHufPJ8ZjIfxzMFj5AdwNsnE2RmNyvUnYlFcrnodjVKlv0erCfprIipZYrcrFNfZUsZkb+O0skCka2Vum/yrYre8hQBaQ7JEYiIVNqbEOjb/AJg45HYmnNvFGwj5DK1kQbLVZarIRcQrpWR0N1aLiHAIprXNWYVZKi1NOY+qN5WjGCvVYBbtQO1W4OskBNKc2zynRNB2LR4ooEFDxTrC5BpwtDxPquDYaVRKroKTtkHUiVjbi7EVacAhYVrEk5EGkbBBFEWc6NWgSC7yF4ogJp2x8h5DhbOQOSvFHZEZDZzQ6xut0BXTlcoovIQR4Y0sWQvlVSa5WqOWW9WjYQqnCzlS5XBtV22+yAIXuLIJFrlep2cg4FBxCohUHL2/hz/DhHYNNL6oFWQAbRqhscwuUSWoFOFrKlja4cCCsaTHZJw3ByRGKyX60fJAmy2lsUCvXpsVs5crkcjnpaLsUFax8sqQRxWRVqrJcQgU7yWWK5RsGwg1A2njJXu7FZFFqCIxHi4XR+9nAFXijzyvYcjlXsShS2RpDJWvZeQTXX0I3uujgg6l7I21By5OaPkPIIUh4KwUDiuV6py2cuERv7BeqK5XK5V2rX0baG+SoottXSDiUTapBy5RsIEI0VZAzVZGnAgherch0aqsh1rhDyW7FsUHI7KrFr1Xr056X0J6Y2t7yVqk0qwjurIQeKPmDkhSxyNkEELFBEAoI0VZBNOF0juQdjsuRlSPOzla46nfpfSyg7Lo4ZLcIU5E0q3cXWAiLFkIUU7dElClW9lHcG7G69VmCuEDaohXYJIRFq+nKG6ulwrV2uevKpVuTSs9AKV2cUWonFBHdXSC+735XqsgqV0q2uk4WLIRoqxdUibWVK1dq6XCLlyhuueoQAXKxV7WFVo2s6QtFWQguTlRFKsRe9LcLkUQAQhasLhAgjIrlX05Fo7dOVyjuuUUFybIWV9PvIq1yTatWi1cK0KvIrlboPtHcgo7qy1bFWQjTlwqVrhbFbL1R26copkJKoLexSK2VIHdVZ3CCq0dlkhuvvJUiKOSKshN3VYrJFotFqyVUjRVkdNnK66VaYwvcGAJ89D/xAAgEQADAAICAgMBAAAAAAAAAAAAARECECAhAzAxQEFw/9oACAEDAQE/AdThPbfsL0Lm9TVLpe1i1l5MbDFrJUmkLjI+bELsfjSzfZ4sX8shC9iKUpkLbc4PVMl2fBSj1SlE/wAFxpdXWcLfuP8AgMP/xAAlEQACAQQBAwUBAQAAAAAAAAAAARECEBIgIQMxQCIwQVFxUGH/2gAIAQIBAT8BsneSbSZEkmRkZaIgkVmO06rdXVn7HxurZCIGrPb43VuRdKoqTpcXY9EPdDtnNKUHVrTcIkyMZUncgi1EQVXSVXGlNsoKauEVVcmTMmdN+nkqcMyZmzNlPKk6lUMzMhVoyJRKE0cTB2Oi/gqcu9FXpkrUrLSmrFFffeSbKqD9t3FVChiqjROBuefZ7a/v8bv4P+ne0eDF5+/BifDj7P/EADcQAAIBAgUDAgMHBAICAwAAAAABEQIhEBIxUWEDIkFxkRMygSAjQlJiobEzcuHwBMFTY5Ki8f/aAAgBAQAGPwLvstYRlrqK6fDqZOpRLWapE9C9X5dxXbcexVVTKfm2ok2kpNLt/m1KfmXrYzZ1X6FOaKqH5H3ulxKS8Gqk6fxWrLydqTV+3aSh13lpQfeQqKbWOrRlSpehPSdxuuyVXzbEVRbb+RdOFF2mU0N2d9CjN58LwW+RvQjJTy9h00JQ9Sqzaqqn6ncv92MtTvufqRnaMsXehb5/xGSUqdzNpSrMjzS2UwdOdY8+R9mbfYr38Mc6lmTRS0N/JzuV/GtEt0oofTs/LMsXpZmVvU0MxqLYmfGpNTuUZdFg5tF2ZcvU9UPJQ8t3c+al8kVV6eCKncyTKjXcjIuCHp4GqmoY1U5Xg1t6Gl0ToWIkzZmKSYeXyV+p/A/u3Svdif31F4mXH+BrqVVpJ3gqyNxya2F8nr5KXVRLWjZa1b0uNVUVfTyKimhzvBBaqGXT0LUO/BkS7pO5rL/B/Un0IqnMWp7fxErLTbU+8qpXA1nzJ6MVVPyu7FUqdBQhKVSXqZdyR5O54SpJOMUO0L8RV6lrn9er6l+rYra8l+nl6i8p2FkpylVENUbcnzpKbqdC1U6i6kp06w2fedsDy1dJr1Eq6ieNRX8amajNm/ktQvqNLKpc6HdWR8RwfM4xoVWkWH64Sc4c4ckzjzgkvcq2XzFSW5chIiwyZaa4KO2H+pioapVKlEV1KqrT4utCP+PTRbqNVZmdOnq1fc9Nd/Dv52Oq8tOWvqCmE/LS0F8V5qBLVNewpL4aX+xxhSvI8LMnGcODgvjSla+o/wD7FSnyep3WNSVpBV08uaXbgSlnTz2q/Myr4tSyu9x0dHMulrl2ZVkmalBTR3rf0PuenU16FWWn+o4VJTv5+xPkjyWw0LCatUVbyXw0xsaEIhEXL4UqfI/zfiKlzrhddN22Gn0unVcn4NGnypjhRfctRQfp/uPlml6dwn54J1f+BfEl9Pgfw/iU9QfxO6u2o/h674c/YvjBTUpj8RVXV1cvc0llkWbqdWf7Bz8WPEJHy9V0/wBx/SrjZ1kroW2zMTp/4/T9NSV0el/8TqTR04yz20olxHGEThSt2P8A8hV64IlnbsV/Qpb0sL6FP0FGojn/AAf7udSmlpWV9hZ/fwPeS+Gn2binRldX/sKTQvhwcEuIOrCs6fYexeJInuwT8Sa+jG5vJ/jBoeRZqoEnN/BLFBYX++Tp2P8Adi9/9R1O2bXj1Gqfl3Kl4TwU/Z1sXdyqh3qpOp+XPqO/kkiSHobl9GcHV1jIyteIHthHn1FtI1Pb/A5PXgvruI6dNE5nTL8GalJDej8jawYp/MclyPz9voPJ7FT5+zfGL32GqPy6nVT/ADlW2HJfCa7lvJWn+Ua8QQcYUQvI3vqM0LbmuXjwynaF/BU2tdBtqw/qefI7PyQ7uZvhmSmCKFyVN2voiuN8OTQthuiy9hdFRS1T3PWSvLlb8nX/ALkfQsTOFz7yllUTlKnwcFzKblG8maLvVD9dzxJdPKWVjpNt5lYaXuJ68kw/YvR9S1LIdDHlRV0tM1IptU3HoNaVboqzdSlTo41P6lAszpgWj9Kjvo+si+7ZHw6s20CqdOXLe6M7V/0lac5Y1Z/yfoIhlj/BDMiv6Hgb/DlFsO1i+pElHqOvzpBVy8PJ91r5ZVFTaJfuUVUtZmtGXTT9BpqrL6allU0dlJ205X6iqdPdB8Tp2q8oU1PK0XqZ89UEqsejpbmCIWVnyzSS6as/A+nWhxaorzW4Y4hrX0JWWS9FMny0tbiapG6F3ep1erVqogpz5k3cd3p5PncMXe76WIfUI+LT7alPfTNN4M69IHZQ7o+S6O6cnhlkh/hRRFVmpFS7VU2F4i6O5fVHbpudljJ8rOlHJmXbUyrM/lJp+XY/6G1q9TTTU7TnY7fY/aCzoc6qdC1dMq6vcqp03OCxszWw2pJydzfyCGq9iIEsvuZXIlVS0KW0ZqalBkoqmbkVNTh93aryUKHTmHTV+HyUV9NWauQ7MtpudumzGlaNSIIfdTTf0OoqbulSUqr8VmjZ7GaYqMvk8p7nf9OS3zeCKrDrtK0M8LgzKqSxFWu+46vdEkM/T/BmRK1OSPKOUfqOUZjgj+D5brkct5Ny2hNVX0geZsWTQvobotoaEN9v5ivYraf0M1Fk/wBhTV95QZXEvyXO75dzcvdGigfTf9Iryy62tWV5+3wjMvYnx4Iq+h2r1wytXP0mbwZlqStSaTMtSV9SdyPwkeUT74fd/MbPkbr6jYosd9uTgtYiq3/eDXTtJXnav+HyRWZaMt/LHN5PLpLDa8+Cx2exUyvLo/2Muq3Mr9zt+pAl+5NOv8mtzL5MrdjXtJnXUs7eTMjXt8nDMrdi+qJX1IbtvhdG5zsd2mxZ/Q/6L6G9OxzsXEmXO3QsZvJliGbHfqJrwQ1clU3wWa/I2tS/sX0/gzLU5HSyKj10I8HDIehEO+5lbv4JjuRPh4fd67F7Pk5M0wzu03Rf2w7r7Ek+SHrh26FhR4IerLo7tPBAky536mZYb0ifsy5fQzU6lju8EVXZlZFTnYy+DLUR5JWqJ8MSa+uL0Odi522O7XDMrENXLqRRhZkNFzek3LXWE60nBD03NmQW+UUEVa7GluSV9YFUtS+plqIZlqIZtUSifDwlanfrhLN0SXJXy7YXN1hyXUFyFenzhKP+iV/+4dvsWFsdvuiHY3p2JX0IepwSiU7nKIepGxH4kfqMxwy6knXDNTY7rFzkvpuaklzU7bMvY7iFLwmYZe2EP3OeBKLjc9xEdx2kEPQle2EPU/SSiVqbM5RycolfU4ZL1J0O7Dgsy/thKL4dlmXsX0LOcJ8kVW5IpuI3LXWHGHcSrMgvoStcO7Q4JRNOpK1OUW1JR+knXGdC5xhPjbC524cG/rhsX04O2Dt9sJThl7MlHciV7Yb4Qy10a3IZwcEomnUnyi2pKOMLm9JqcFv2L6YXNzW5oanJfwbrCTusXL6YX0NC+m5Jew8pBf3JRBDOCSUStSSUSsNuMd8Zpkj9zcubmuG5qT5O7Tc4LTGHb7FjtGWw4Lal7Hb7YRUXLEolak+SUSsdbcl8LltCPOFi+OmElyx2+xya3L4XLF8LliDglakOxctoSiVqcltTkt+536cHaaFrHdhctja2Ekl/fDsO7Uui+E/th2nOx2mhvhclYQy2hKLErU2ZzjYuWwk0wuWL2+1e2FtMe7C+C84XJLlsLlyxKOSGd9tjYe32Y8l8NznnDtsXsSSi+HaRjY7Tksy5b7MovhYsbDVXuR+5/8QAJhABAAICAgICAgMBAQEAAAAAAQARITFBUWFxgaGRscHR8OHxEP/aAAgBAQABPyG6Gvg954Yofdb4f6lPpmBM8M1DG13g78S1I0v8n9zmIr4vXXEcBY8h7QgMe8OsyjcANUw/ic4YF2wd3BVe8bkC8uCnMYLYGLBwP8SpvIpo1UwODaY8QDMyofmPEZCgAyh/5crsGqF+af5jBQFw1jXqAc+ZboTrzMPEqpdo48QIKuv2gNo/cWM8SwBdvcp8UIbNe2aLTa45/wARAQGP5HiVkVqzdPZH3AmPtN3U+dxfRbZcQZZI5krSyENVbnepWy6B/ctPYny1FRY4R3PQO4xFxaguZEXwF9YVPyr/AGlXNtLr/k3cXnBDdnJRrx5ijmNPMbZrmq3t9woThF8/zNBXYZ43EqqAtxXMasLdrxKhYauo6pd5r+Y2dIlOY8bR5grKKpaPu4mCMS+1lI5L3iPZWFjqIOJ10J1OKZyKuXT0n84jSodOnubCOnZL0LAeXchgWUbMDH4VFuEYQv4jdPzPqVqIDrK/cVsF+MYnQCJsKcIyxpmaqWeG4cxUdbK/MNaVaPmI36W+Zo4swnYhjn/jMC2VAvkRmONsdQbJGnapl1KbrMynHXZKDQbGvUwBZtGvj9SycqrZ/nxCSQ+QyzA4BukH4nCEq3FwpIzLGq9xaVoG4Is3sJrA+dxTTKnCOwIcPPrxAT5SrqUgUWrVR6ZlPGAcWAHXucRCj43PFM3zBozOG8nzHgEN4Mk5Yd3LQf2ZasV2qU+Q5inlh+wiMmYMvhS2ue5vVHcFuuxKpmBUcDzKt7i13AC+oxmaVNeDM61TbdNwkxa3s+McRJiiuk9QJDOtwsgAcLw5uNuo0oX0eoIb2GrrzUOntG9Vplhg1zmvGIMKs4Q3FQhq90ecZg3Rs0m9zwGIeyVMrr2jseHyuDTtED7uqxUHKCPNRxwnJvEtS8ee46N9lzwSe0JnqrGYN8/xBwFY4YuB/CchuK9nhCzMuyz/AKgYbIEsokzk7dTimOADfOYuJydo8Xxi85gpiysF1y1DfaHlgmiL7mXqGMF4VRt8wm6moJzqQK5dRTmw+E1zK/cYcKCvu5u+FYLUA+CGLkV1rNH5iaTMoX87z8wDi2b79wFopvePMdwNfiUeDyO5VDXqCiPgGZbq2N4mLiUTrREtWKmtwN5BrrO4MPN1nmcVWIHY8dQw4B/Msr1zPPEctkajnI46hbpX0IJ5hHCTYm5075i1LgyOYn0zWgXJbhnr+EUDN9QFsDmLapIEtnLaguZEGUbr8SqLejpdynPJRkWqOIVocE+yOcq4vVO5RdlrTOT13PJVP8vMsv1AhKMYVXvmXMq9MvZiBMua4eI21LOS1XaVWxUJpFW7PmZeVcpNJK5uxzqBn2U8X3L3ZfmfigvWppxdfcfb+50tU2P8MwcieZ+Y3MrhrBuWBVv/AG5YDYM3R4CYpWUxxeM6w4ivaDcWhK+W7iCaPEzU+TVqx6lmLJVYNVMG6vRVs3MsrQZVcsENcfKY+wZrRFpprxvrH7lc04td8Zj6Oh0lJpA6YK6gp2eY4pv4QrTmacP44lWVxCgptdwZs547nLtZgdPUZMpuncyjgP8AZcM0lxT+4TG7aC/cGNZ0G/xLlGZXAZTW1qzTAB9o1m51VqGoCq4T/uI3EVjTUUutQDoLPuMG4KxUpmGHPO5czeWNk2y8o9R2F44rcVBKwkp4LM/EpSw5WwqzvIPiDwF+cpnussusxmlGLfbCUdXgdyjCcB+ElbKteuMI4mDPMMqA+wihUHQds/ULjya9wUXQenmUxRbcHGg96lC1nuFYGoMWKmTIi91BFYPiYIVEE7uAMchO8QCnyXWv9cRb24na3uaL14nC8/IqCtyfSphQXgxcgQMYXg2GWBzNZmikhBwnM2yWJtxmNa8uvc2ZmsnW152gCb7gCc1R1iVBS2wZjTVP8+oGjLrIxNiqub8woBx79y115OIVA5VcyWeP6StsE8fMYm1pATp+71CDmQGICr+4VQvwYZRC0PZC8Kx4nLkz+J4HOoWF9xeod5bYCNskV6zADh7hhw6flPWiwS6qogZL/aWYGH1HCVOiBdfkEDMr+dBNz9GZkKvpBT21AdmMO8bg+czaD7qHe563KrIPZNJWxe1nlLYRNNxJ6ZKoeDmpsqL8E9QmG24lwb2fMLkqnMBpyC38xPhb/MA5zhjrDHYv/gmEGaKuKxHvGbbh9dS4V5W4Gos6mLjMsvECvES6p7lrcebhwrMen/L5hB1RAePMXHqPTChdLc6jxr7nJrtWoDdBeI2Ga8TPvhfmFatHDmF3n5qJk5P4xAobHL5nksQG1hcwFECneY/Usa1DS4tRluW2cOpmql9talZaxyHk+onogwO6pqZfArDLAgXxV5gAMUKBZV14nKp/xCtLPAq41Lyqa+YmUVHXglHImdm5VbVCmYZVJ0cAnzOeDlDjaFi6Y4CVbu/iCKFe7UUqeYNoLXbByfXiPaO4cwR5eEr8xUXSqYFrlLJfL9xDZphW0YW2Uzz/AHHe5AmZpNiz1F2bWX8TI8v1EDHTm54BWJdYMj+5dZyIauEVXhMHAYqCS6wmdQyhoQFOi3rNEp0MlLlC7sbR3dmoyCh4YjlfZi4cUx3mNlpdZ4lsPh8wDkbr28T/AHQtS2SKA8TB7I5AOw69wCNN2EsIUdbLYP5My10RnJG2ZrsF1AN2g+39yrH7y/Mw2CWPMYh7LGdEzV3FLzxzFw8G+UcrE6l+tryxsnMz76iuFyHqHH5ZmcuBoJhplglU2JllszIKmY/JDVSm0IqfWMMAOXuKYUHdhOpy7lh5meMdpV5Gw/1M/DkwNDddoHB1toT5hfLTyuZZFL7PuDPAoI49zA3stsVRQW1p6Y0xvMoFIfzAgCdR2reAxH9nAnjqNfscuiJp51hUoQCULg+Y3FU/cDtp/juHtAbeF69RDV+D7hWVTnBbLvG3TfzK665B2SuEC72m51CH6h5XvMSTJQ7SmuCzX0zPJD0+koQATCkBcB+qVYCHolK/BAzDLYMzcuQuGJ/aPcUCo7gjgHgmWIYYAbnCJkUqjzKvF/rEF/rfUOY9hyMzCg2r+poKUi/xMkcKuu5Z3lr3zOOv9/ZAGN/lLhHE4ZtCjhbiOzDw6hWJXLpELOuYRztsVy9TymANnqUnAClviZ67JVOSDKF5eIq27p3C2k8Pcex5dQSKer3B+wqI1+IhFR3ThJqBV8xZn1jE/lJDKqKxnLDDSzd3mKogYbgrXXIP3MFtCkxFxxMp1MwXlyZGv/Yn6SleJ/EWSiVsrNDz/vMLvhmLVMXvt6gIeH+Ll+ylVuJdYE8wGvwK5vLQUPcjOrFk4PcH2vYMxwRqr48wVqBLUePEeQA4RccC6WiCFYchxMELd8M4MPbXzHTJT0PMuHdZo2R5x0kaSMokY3BIPwSZqSzXk7mVfhA4pf7lVi8v5nrH6Zgcj6ph6Tjhl82B9RE3+SboV5KjS1Fsaj3Q8quJhbd1rhWMOq7iKYdKm9xwMo9jBq2EqMLXzCNFq35ucv8AUyuWi5jhrI5Nz6lH1BRqnEZrxn24ZhO/aOLf1CFqN1VncDBwKYiChb3zBCLPH+0bVujx3FW9raTZTc8xbwXL9Mb8Qh2+OpXWCy4l7KZ32lKPyUwJ4H5RO6VwOZrrw9aYWNL9pTR/4h0PKv3C99NdzKlj5h/qjYPhRrv/AGhw9Y+pR2zoe+plz2DE4aTSpdQ1tT618wurK/lKcpeo1iwKBz+ZY4U6agBnHTllBzv4nkhRUFB4jDhFboWXUunZ5jDXoOoio8Oy/cvQLbEaVGjk5JsUTxKQuT09TMyKabl28Pj/AMmOcVU1PRVL8phJCbR3BfgwUE+hyRO7Y9S9nN4II2ZcQtCPsMtZKcvJC3OOM/UWXfqXqK6LOx/MU23V/MRvUdl78xRsVs5fcV1b7NQW7nWXZnteY954pOF5eOvcAMXmVqrL47mRQ6l5PENGuzcWMCFDcdv7g36O2/mNNae0osDwJlMNwpOR1xNhGcCYJRoK9ylMnkdeoPgIuihSsm50I34m9t3NJhw6YVQvl3MX8wbggTbX8xexfHmNI8XkwVp8vMAaZrK4ic97juBb4Fdxq+/F6nIDmb0njzLZCxfDxDP7epdXLY8RaQt++p26NGOAuj9wGR7fMU0zslRX+YaunHhC5eyBHOehGgqJRUdkiP8AFTL0jaSq5m4UXkfzK0Bu9VNxqtfEQCL6eIDN5vuUWTyN1GZcS7bcu5gH0VzOgXuMHPkgFdUmamQBnAkr2snJuIAw7cMvau0qmIurHTFUrYfkjhHWYHYpY67jZl4+IG+RbO5kGX3PEWzmdFHHJ3OVPtzcq1oMELHizNKLemK2SB0keFWCpple7xEwEePHuE2I3z3HXZeO5cC1t114hjNnYR+DqYlX8ZaFa6Op9JmIJ4YVCL6O5WBy1OtpHocSiaq28PiaqFtFaZXAfMVqtp9/4mYVVpa3B45hQux9aiFB4DqNFnuJM0wKlPkg2dU3/wAmaD5HXqYcNGRmGA+yI0tThWpas22OUN4jSy6bH3JvA3+4N8vUE/Q9yq8+7iqU0Eta3aSNH5Vw25WG608eWUiic3iKFuI1NpquIpuC/MI6JwRaOOblqS+CdQXhvrmIZj/kpt2VniXmG/Ms2YHPfiUJdfHiPBK6Y3mKMIJY/EFdAXKOpQvT9J++3qLiFiOYlPzgCIs8n9zQFe/EqM1fwTV2G9yxYvJAGYPCZTbPzBxPy6jh/KdxoPES8Djd4lhprx/csZb5fzMXIZ8RL4FPJGknJQVq9R+7s1KbWWEBbhmLD9rlnhXUFrfkTdVeAIBLCniNJKJqC6J2S7O3cFsu1mKj0KzAe7xFcA57Ilq765limzC73TzMKmk5OJeld/hFTGe+xKnCXLzHoGLkhLyfb7ila7cn7iprfeckvggae47f9k2L9eIg9TfcUnOP1LC/F3Kvb/nc5DDLAQrEXFNbDFtjG4uZfwJs51VDIywNGXZiPa75r+IBLsoi6f8AqV+gczoxjbLClPfccIaXVcyuWZrHb6g6P4Sv4VRUXDph00+7jzEGLhk0g/KOwKd6iVhxzykG39oK4HRzEDpIm9qd8kd13+pbS9rzByxMy3yMe726lfTfmNIZvnxBz9kwrC+nUXX6OZpZUN5VdJdcQNmjZP7ISq7r6jVw8TS78HE/DLZfDnuXujByQDG33EFIJLChvsgux9VGtWOpi0+GIxaPTHiq9o3gU6ilbzuosXhpmxKOYDqLlHiaUp3vzEFbFH4we6QBVD1MrhqEf0ZssRf4iDZQ9ksUg/mb30JtFOxKW/8AvLtTa3D1GxZ7Ed8z9zA+5MJQ9kyzr2Mu+TsmGzffiGdnxEaLm74P9zKcw2NxTsQufia3Md4qEyw6I4R/eB1ePMsHDecSiqD2Sx78txoUrhMF8nMUYZshqYVs+pS7G4g78X+4BAybmCC03KbLuybLwFAdaSWgzQtmXiCIs93BWxqA22/uXcjMw2Lw9y3/AHiUmGuSXbpa/MTuUxU8NnDLrT7l/wBEp1k6Y0g9ksheLuIm/wBI8LjxzC51LNYPkgtR+VQK8ue4BdczA2PE2snqUoVgbILeH2T3u4Fqx4TF9DUBRhmiiXPuPQ+fEvAWoAJteYjV/CVBybIeI6uVoC/DxBVc2x4gAfkIVsP9pVW5ENGzCfUXQfEOXjuLe9L1G3d+4vosS/3LmHgherPJK+MqlNRRcJXSwwRdq8EsNVfzKXn8wnfxPE8R0mGWrljweajjHHZFrmaeK5Iul2+IisMrgR48TFBx2SwZYY6CiyzW2Y7Jk6mQN2UcMPcCj7zoDwkxDXudHPczCpTh7m13W6YN1zsZa1F/aOn/AFS2JafB7g57RyN9kWBlswNk7YRh1g7IX2ryiW/8fcq2D3GzWn7mHKDsfGpgszEaR8dSlN+8xoBalmWFwZPEwLMeJ4LXmNDqmmLpAENaBjYU3OTBSjmBW7EzYFkuNzcI4zABfwgDlglA96iAyp1ELop1yTBYIa/KUj9Hc/IfUHw+57Uc8DxLBf8A7i30D/4Nqxjwi60xdxwO37lNczxGnpLeZWjC+I2U/Ih0yxHqGpTVviY7e0LdzJd1/Mt2N8kBsz5lCRRd/wDysCnJMF26MD2I0Ear7mZ4GniZy+NJEnMOYi29QomOA/JFbcO5ldqYcMHzHLkdQKUa8xVjf9y/ITJerxHJb/2b4sm10tuMTebbg4MvEyst7EdsNe8T3ibLBVu/4gWy8JgimPiavOMLt+iI9eu47BZS5VfaG1sxDiOoK0xDkmRwjFL8rjdthhKqv7hsFkp6OJavHqUumyMhki6MGEFqlZl4ZyH4i276gnVksTl/cu2le4pZydzTojxKZKUL4v8AU5PP0mIgs//aAAwDAQACAAMAAAAQGJD5oVV4C847PTWZxsmUEQkCu1F4/XZRu2wW2cvFjis8dyrrOI+t+uiOR6GElYNmTba50ybzsE0r+zGHBshVuqlSjD/RE54pQee4hMEmCZgW9c1hq3AmWaYkk/BtbChRMExV3WTCYsFTd4rIEsI5v/1iFrbA6K+4iq+PNga0I1YMdkS+yokWTvuA6vJComE8Ve4xzVd+/XNozQsIdEEev28ei25UjP7i8OQyYWpt0wFNrySflLJDX4mK3M6uJ5ZiarI58AobQZxPqWLUvM9C4+9yrHnJ4LnnokTa0fnY9KfZ/8QAHxEAAwADAAIDAQAAAAAAAAAAAAERECExIEEwUXFh/9oACAEDAQE/ECfZplJYTEIfwhLmMg0IbH0ooKN4k2bxBKMtdITxfrHoZw6FrC6JCQ0NHRCHCYggj9jWCal3BN0W3hDGLvhReAo2kJve0TQga2I6dDRBoa+h6DxMMRo7IKhD3cNUSTZ0r0f2JkyRoyCDYZpjXCYzZC4J47Fw/ZtUd1YzQrui66UUWUTYbRSj2X6yN0TYdkoOSxRusTLmK7G7wrxcXNx3w17KXLXo2vQmUuL5UvhfGlzS/Fr5r4fmf34kLMufzMIhLHPJYQzZS+C3mEwxZRwnhCZ2QvpFzM9ErwUdP//EAB8RAAIDAQADAQEBAAAAAAAAAAABESExEEFRcSBhsf/aAAgBAgEBPxBsTokFx24mBM3ZLxxrRJBNDYl8T9liMjEIEhqGa4pk9bkouSSSSSMNknkJzRihy+KiSRCGJJJZJJPDKxQ3jigy0MJVHJMJG+HJLFMmkcvRKBCTSpkuEsWSWRQkmSTVjKK5JuCM70JpE7AmKiMIaQGqQxIkRAmgiVIXEknA1cD6ejXjGzlH8BMdFYOauHtFgPF6lF4I+RKIEH00MJey+Gt2FM9H+G4RP6CohK8klYUadsdu/gsfETyQmWCqx1lQ22PmcLajRiwnQ3FnwUeCRKJUvJJL5ImyWWJl2Hdk1YrtFOzAqP6hOcNfJ9HwRDK0kbJ5DVlOxT5wibJ9n9Ze83T6QNe+TBvE+Ll6bpe+ChPtGWK/pFWZonVF8knqH3aE+Qk/GFrdFLWT60l+eQIX5X51Mja8oTnC1jLKZJfgVn3vgfF+JPQfcITstWz4NexL0UWIX8/EEEECUiVWP//EACUQAQACAgICAQQDAQAAAAAAAAERIQAxQVFhcYGRobHRweHw8f/aAAgBAQABPxBWeiQwMotMMMB8uCwhsUiaNl/Cw8ON7toNNHM31kZyJl8Q8xxiPHkVJDcr5PvlQ4RKiORBFdtlzjqjJYegAbDw33kB+hPYJh0jf2wQHiCy8Imrpj4M2ZvlkxIqyvMaLOkCkkJDWCDAzvmMNC0te+YQmiMaoVFKREJOxNecEy2wMgpKuZTzBHIW2QAojc6Idnb2YE1Jl4TCu4ZE++AykQFWJCgQxPqMR60mKtqSeQe9mLEyJyGZoUsAw1o7CTg8XvF4M65mdzg8Qk/MG8y/HjIsLdtR5IZeVHq8UwtHqgiJmRt8YchFCdKhfcDVV3kiqWIFCQNTpn3GGyAoO5sQUJWofrn2yM1BKzUFNViTlKEJNw4lzLFzjRiITyKLHbdvvAYLjYsovhca485CkhbUFKBFRae3WJ9jgnKqIhtPU5YYj4vr5q/WHgypA7at5mnETVDRW4ngPxOQkKKMSBzHjxxD9Jk8T2baU2y76cWULPpDE1sEj58ZFOAOdBOnl/5grSIgSVbNlN30xjw7uCl2in8xxk4jBNT2K2eCfOAJsWIdNyyC7J9YKCWIGEmbfxirCGNG0smY2sxbwy2FgQy7YvzeNhcQifT2/gyBTwMkmDDKzJBr3hwUDwagB2XrIvShqUsEN8cxGrxERcijRoYPG6wtAlE8dzrjIcFGiE6D9c2HEdZ1HvIi2FtcTr64uToIGtR/WN8SyS/lw6COhgBQpXVRxLqcj8Sdm3auFUmswP8AsmIOEsN0I+NuDGNIxXxWpI57c51Mss6tkN9eNZGK8IBK1KL478Yam4JQLJIm4fUQ4c0hCAEhGNmlmb4xv1Bwo3M8le8XTkLZtuHrm9Virl4IX30dcZK1NEa+W/P3rBEvqZH1LS/7nBFVg7NXLJJlLzgQA0cHmf5xq5sVB5Ynn1lwILgI32YNoCWEh6wsp27Bp84jp9HIjQ+jVeMHNKU8rc4maCwDrCm7SLDgCUX1eKyNSJCloJVtfJ08AW3Vcchmy7cImKQXbNhqkn3igXyIPFfzOEQQvDwoJNmrj5xllbESwiBVRs+ZxwaTIvsoQdPGPCwQVB5XUJy4ZMAC1IJRIImZk+msRRIAlCI6T8ffJCUvRSSmYqtYrlIQSxIp0nx8Yo5qtCdy84z3KYSaXrx3FYItGQn3Pj1lmFHAAOlbr84iXpGQPa0/hOGPgxQdYeDvceMQkCCyW7NJiJYTOkcsxshPZ1lux5PPy+PnvACKc2+EPg14+szqCaGW3x4x6aC1Vvhuz04SHUgo1HfrHAQkWiHiGslLILSVNNri2ctqv3hwQcSwPXGAhmDTpP6yIAc6Kn1xckUWVjhPBtD5MjScx0cFowiHIvvC1qSUFkS4h0EwK8vMd811ighFRbeJwFJKAHNZCOeCpL8l5BUmSKNUlHihxiDuKCb2ESiiqyFFQe6wH5TT+wtuaWRi2WGYnqdZVdOGCBBMRPnrWsmMjAISgilFkqfORFSwwKyeQZGmKiDqK5AvCtCUpQHFXg2Wy7u2fTc3GUwDNMeFhrrEHuDOMrAbdiMhpHqyUrHjxrBdDlH8CZG58ffNT2arMwJ0SxERixrYFK7T1hgJkNFZcEzqbRh7qMUVqiQPt4xNB4sUL4OsCByfb4GRRgiLp1GsvwQBNAmfcYumJCnOitYMiphmUp2XgqDB/ZRbgJkSjyPEcYJaIB3qfri3oMQ4jyb+MnKFdBczH0MgNHJmXbtzfe+UhfWI05m1WcqRnkYyQbXIDBjBEwgbL8YUW3RTCz94Ckx3WKoZ67+MkuQYETenvIgEGgb+2VnToPj94JLqoPv17wEdq8tZIukrSffC03MxlwAqdpiYZEkiut5f6ZAFIFKVD4+TYW4JsDjIgOoqJ26yU0tt1BYEiniciwz4AaRcoTMwtsZL1WEEpkvUdP1jKewVVJIAH6PWIplBBloIauTfrAGOLOCUCNjoWPnDsNgVR0DqMYO6XE9P99sfMBtqOsAghkEycMZLSI01frNKYPv4I++JJakpJq4yLAZShgjnM53EG443kDTSnhKJdTp+mTssOXQ+cobU4lKvKlmJjftvIKeJw4WkU2RvwRkqJaVNz6w6oJ1QdZJHHqGg8YJzCpWQO5xGal0QfBP5yyU9AEPhyYRG5LA+aMdhgm8knEduAESg+Lcev5wkzUgp9H/cZEKTcFJ++MFilJBr4ydF+xkeH+MUAA28xPzkFFBid3vqf9OOcBoE/wBAt+MYUOiIs2Nf3iAKVBPQY5GInuBTDh0xWAKXNMduMWS/DBA9wVLGIMinYdDvSPGAfHWTYUWqkRGsBBe4DKbUssO8QqJIQtyGOGTeujBwWPhKS81GISkLITMdz1jQ2xuoTg9ZTAhJZ7Jg+oBf15wVQGqi31m6SLfHrASaNQwav5xdBLHkdxGIyohVAJ3fJlMoUoCaen8r6ybQEKSmdT1ziiJEnRWeojNkgXB0e8iRDFFTrzvAU0rKb/OQADkGBV+sVSvOawm5XaSyvZeEAlFZI12wnBIla7oMYumQp18c5BqOpbr4xcxVUQ/K3GloWopkg+MkBEpGmThP4jiecMplYGIlYe8AXLiE3yxJcombmLNRGawknQkh6NesSgcFQ3cjDfGuMu4pIEC0KB8fO8SJDGbQp9bnrjDME9kEQqBrYVHvJmIU8hlQQjZkNoMUCkUV5n1hLecVGxIm9cR7codIWIhUc7bfnBwgGeBUYTOnepx+kig13OWXb6wj4MpQ5xt3xJOOGAVKS77d4bAtpfnp8Y3A3wm5+mLrRSAt9XWCAgRmSvnHyEohj5DEIAGkGfh/OOJmNr/NUYgSCGQpPq8g2Jn5MIPXMbxlysDRDegvrjDkQTCEiqeEjebDuoFHg3/WPs2SxJsymkRWIEnkJk2oFRxga7b5xIz8ZBsDTo3crIePxzFp+xD0hbjxr+R4bCmaBkJi7xOwDABBmpI6yKeyMnflnD6wqUU7CbxgT3QPx4xGHKQMwhzjhyQppPsPXPC+YyV6DBUhL9OvrkiWBiyF3lQ3Y0u9/vCVoDOF3EwDSXx+8l0Z3F3B95oFDDmAn+caVKtIwERPy4RolhoPNjBSgMcga8JzjNnIl0rrHuMShiVJQhL71xjy3fZRoNY3K2SyQsJz6wSGQDEGnl4fhcLBKQUq1v6yKZvm9sbB9BYa1vBUCxb+HOHERLlNvZjW0BcWj8lZVFi5LjwuMJaIr7P7xgk6UxP31kQjINs6Tj2V6yAjsU8gz3bgUQjAm6MRhhgpS0eSpwJIwhgCC9NYw3JMyQOjGai7UIPA1WIYEtywH1zTEbiI3W/9eQacKASdXFRiNuxWANnqL/GCkCCVTHet5GEwSIxB1MY4YFStX/fjFAA6q0S+DHSlo1Amnvz3xrGzIAgkOKwCjfEEgnr6fnFsJggm5MeUQhGbcOCcL4HFZ5Y3F/EZKuJLFa5f8frOFGQznRSxPP5wcdgiwYnlQE5i1J/GSFHLC3b+cdA406Z3BzvnAQoRc7l7c6yQrFNoCS/Pj+8JGEWCwETHO3V+MVAQi9CbBzyYBDVlYF3zrKENlMIPWALIREXbeMYIuQH1rXjEedBgAMfjAtSkEIfLxhArVWGK75/04RNUG7TvrAlZSbfEGHtFEki4eXz9MiG3JKoIOdRzl20DepDNd0YoShRKoV/usjBIUSGQKtghUpxTYDcjD12YV5EURfTwZVYdwETkgTAJcSbjqXjCAuMNzAYk1ibCscF4pURmqUZ5Y7wiUKlVfvr/ALjjGJwC6KlduPphAmukvH5PpjjBTq459/6MgN02Dbf1wKVJLiKfbHMWLpQfOSEhgIi0AShGWHtxKpVZ2fmB5++N3CxmhKSKtXJUxDITMDnvBaBMhYCE+uVYQlHMNH1x04UqaSH0yLscDwqX36/5iFkMgzaq39MmH3GxIyvd1leK2aza5fbxzhVb50SVqPt/pwEG2E1eqxZwAEqu/wBZJqKNqzHzz+cEYy46PWQoUk0s9vH+1gaeIHHvx4ysUoa1Hku/vgnaAYTEOXlyJoQAuSU7nRGnKuHQ2wCRP8ZGEKIEmDb6vRkaieWkmRQLZl+DAwQuUg+TCAcndVmI2YrNCQatGt/1hWKkUgefxhWQsYaKiYy0SiEbWDIwYGhI/wCO8J2VRFSWNerw4DRICX2/fIYx8jgg8f3kYNPF2xf379+c1+uYl+fOAD8AhVG8tFjTu2cOXNWgpTH8sUlkNKqbM2ZMjQBaePXvCtp4dXz59Y24vxixF65ybWEzowa/e8ZB2JBTlPgyPCAQX3eW/XvgBSMUZp/fHiSoTYoWIvW2jEMM7IR30+TOUSqDVPRP1yMwiUWn4wTG0hBl/wAyJSqCZa+cmlBHVfJ+8g3cpBCn8YlCIWB0cCIFmFQuwDBEmZshBK+/GJhAIUiiNbLOwK8lQ2u1ty7PuPRvKFKDYRkfEX9cltMjO2OvYYdCLE57mMWSKdMX+uWz80qJ6Jw81A5WIL43hQaKYUBPQj6c4SKSKmCr54i8CIXOFg1cdVhEhwBNSo+n4wDkYLdscr8/vFxJ4jT0sf6ca1E7Gv4rEWYMZgace/xgAQA3wBZHKC/6MMJWiUNu/r9MJ6ayEsi4+v3xl+2ZgVIW/eMm1UBUm5v5y9aoFAZT60b5yZymHbdTOBIlLifg3gY2krSofTjCIulVVJzOKWQZCrNQ5GqAIjpPv5x4StCAQ3smRwqFSCtmS/o4U8iHYW0ce+6yZEcs8cbDMnhxAJGyAEXDNMyc6rHZi0/yA4AsWrTxpZ80eMEOWBADueMMShYF8s17frh9bzBD1Bk/npTqWmesA9AjgIAp3MfyYNaqAGdljobuoTKjGgORghRPdTrNAIABgCyJzkfK3CIJyXDIH5c4AWFmXL2E+slVAIJfUxjpS1yn0KwTkuUl4PX847mpMNSbP+vC30IJEx8xjHGvhqbfGCUFVJEHjm/6xKZ4dtn35wShsA/3s1gDYhxlFkjxHeSOwZqWCzffXjIrCA1F8V/pcVWZmT8GysjD3Tv+sCSUQiIinvzFeMhTqc69rjvEp4VG34O3OJDBHbaSpyk8VWQkA3JZ7RCEwNEUmp5XR9/WABdRgeJX8/XEBswlJHAR7yYAbZJ6It8785JsOBAM7c3F17yAGyn0hw5OFU5nlTiO8G3sixAYq9fDpxKRf5M1A0Aip14x4aBUhdx2ePpg+DoHfk33i5QgDZqur9/WcnEQ4vQPXiL5zmNW0ydt7g1JjZgy+DMS91F+ciPUKlvr5Yomxy6Fh4dnesq+NidDEwi+NawzPo3O7mquRwEYAQSBPSfrzksYIzXoeGf5xxLFgCDUL3GUYfZi5hU5rBJaKwCgg7/rEpFeNLYmpo94op0Fo18E4CSwiQlZl8c+MCUQn+ottrDIhadgiy++PWNqHCRMpkemI/5hS0NekoosdkR9flT+gNcjM4DKxCMhHmJwtHSdWEX3DqjzkBCwCyPGGabwQPYBUvnWNcky0zMnhGf6wxgjBhOE8oZJCGAFhpfrr75ppO7Q97H3xomHin/HeveHNcbtLtHnyY7VUiJD93zrDDTkrb2/OFkdQKSuRxxH1jCuSBNpgsp9ODAsDlA+RXxRklc6yID0jrBBjipqII5K5v1iG6zQtAwd0z/oyap2Wlfr4+mF4cW7fnv3ksYLNqPC6fH4yMgHQtJwe+9c44oL2AqEtka6yWogGklKynTrDoL+U11jjwOqo78mNqAsbfsybUt6NOR5PxiIg2gBZXm9eeMWGzVT/fB0XO6DzyZJjc4T5BHExwcYoymMlB5rNibLS+/ZgFgs7UHqI0l6yCCQwUk0y5Q4BAsBAxGFIs4kbjR5hwAHwvV8Owr/AJjN41CAijOg3jccQlRksRHJZ1zkSLJx1CgSIZyPEjmJMbgM5KgYeZuLnFnE7JA2Q+dxvHP5DQMiT2kcYqGC5afI6cetCEJg7B/OveEjSAagODY+ZyOmleV4OfeveHIhcme5784jBaDOOttje5TKRALaSFdsM/GC4IRAHUu54+uIIO3D+EN/E45VoSTtMUv4ciXqBSUgy2/jzgoBDffy8/OTjQUSHv3PHzghJx5Xm+PGCAOJMr4e/DeJGVNoIkYlwwYGm0GIgj21i9BCRsmb2puPGEmnaLnue8daVoaXjz4xCSVQ6NnnxzklKiWa+cEyk2lf6fGSJUMKGPJ9fjAOS2y2pmZ4fOE+2JFS+TDx+sLP+vqYFBhle3vrLY/IPIeMhBN3pXjxkasIz5cnr+sYB7AOJjnjZgFJjk0l/eSpLibIJY1dP8YcZcsi+rc5DKQDZcimg7i+6woMdivjHANXHBmBVjykYOE4ucsK+NfGUqVItVq+cJEEM7BkfEZea3JQfh+2bYyrb6694woBTQPTvFckDyD2Sh8/jBNARpNKHzvDirfqEIs4amPF9ZHSeTBuYddiPXWPVpAyUCV3NSfbFGAWJKPDp8Zshply7k18Y+g4p28i68x7x7IcBZD+IyE5KrH0GbQ1J9MFsnYSTNInwzg2IpuBFEuaOt8bwEfhCBFANPWIlmBgEJXXLJv+MTUYAiiOyan+sBIcqQdTunxj0TIMQI7Z0uyPE5PItCgfjz+cUQxmmchx77yJoCUii9fziuhmbbn1PWO4ESv+JjBKEETp3HjKZ52xpOR/28UISTlkT2vn74A2ERIuOR8n5woGSVDh+z+sIEKk+lP+8YueRNf41/zFpUomXPX6chRdMJQf68iIJCOoxC6IxsJtGvneMnaiN/lp+MGbJQifAO8clXNA49vWu8ZktGzx8n0yxJ+0ezr1istypp9mnHRiCkIeY9eN44MAT0YjVanoCdQ3POFsbBOXNDst0uCqTECTIiZ7+2Jqxygk3uU4yW7tAPwUHgxnIJFacHaRxbgwRTAcnr34y9GzRKcuO9bw4+DaEev7xHMwpbeB/wCPGE9Ks1UssjY9z9cSKpcADSDpvIVAbXaT1FYDSRJSp8R3/GXGFlEUfnV4BWEMNPv0n6xUsA4R8+fz4xQoaVNdpO/OC4QaZjtRgaME3UTpwhIrXCX5SAUbyeGfjFOmRx2PUGOpoKTv/N41JIBo6eb+QySVPcSVn4d4pU8gSR/p/OaQAbprifH+1iUqaZkKfhx0IJIDN+V9xkFkxL2a4T5o8Y2Ztp3PmcWuakR+jJYoqpAXgtP2xZZDYR9G3IgDeXPv9ZLLb1V+m31nBwlSVPwa9Y2aawVmgb0ieSePDjPipSyH5njzhKEAhECWzz84Slp9IGk4wkQpDCvQZAn74n2/GNSjkls9jr5xLQbZDyf7+MeQhlsYTEjz6wItT4sPz384lC2IEdEefG8DEJS14PZhIcAlCEOmechSA1kY/I3iQ1USp9un8Y9TJAJVOH/RiwE5R1HQ/vJ2h0EvhGSsyAEzJAHknEDSwXUaPd4DCKuG1/uMQmhiMyR2Px8YWRIwnR/fjKpFBfb6ZE6Du0SnXrzjpIAAzL9OAXPMdJ4ef5zYsNmQB13P6ziCmRivae7zlARaWW/6wzfWEULz/DgUJV28rzl0T+RvacHkjF5DYHW+kqPGczmrlxJgRdQdjJes3RSlY8q/hcLO3Q59/rWQfnFE+cTW6QFHY7+PpgxAqNsuEX1yGQ2h7vLP5ibRt7PWH5IhQWdR14yKvgdj2Tz4+mSMXud+fOTWRGIz0hOT9YoJsG5Ib3Z98iTkEpE9JrGETbSAI58zN6zT8SWh684yCT0wvScaxVJdcD1+vzl2rzA8BGnxliQkKkPOxyTutjkfJlDrRFpz5T/XgCCnEBuOOy8NPLDCSFSTxizStCdr1Dy+HEDTQ637DACLshbOx6OIxWQDQYQj395w0CRIH4DRyesZAiIQv2e/n1kU4sVgiNMc+cFHYhol6fOTQjZLrr2ZwIGOO/nnFCFKT5u/6yAD2Rg8smQRsCPI/v6YUXO85+rAu4gfswIAsiw+B1B1WQ041AX0c/Gc5DY4nl7y40LSSfs/UZVSaSa3Y8uILQBaxk46wbpO3pyMBoGT0f3iZgTudfGNwntuh2d/P9YiRWt5nz5wZ+WHTdo374yL5qaUjXEa5wM5o9JPjH/ZFoZ08v1YojTRGo7zZAeP2fXT9cMwNNKYcmQVfXvshyf4xNi05h4R8YszAER74enziQIYYnHT2eMcoaI7P83iBVAY+VR+UmKs5UPU+OzNsglp+ByZIgIiI7BxhWUMHsTpyQFiwj3M/wCMBYEaGzx3gQmCDP5D3P0y2RKVxEnfvI0kgDL/AJNYpGUgIRJNP9fvAm2CKknfpxiKCdhOveSZ2OyjzHnLlPIY3/useTrX0gnOX74S7PhKDJZ21DK+scBEkVD5Sc/bHXAyyR9lP2wOXZB1784JMEPDhUBIVB7J76ftkhQfX6OfxkZpaJ+x784ohV5HlWz74E1ne0/r1i70ErXkjZjKAUFJT0J+jN/mAJP+4wKVQMo8A7js9RjATFA3PUYA0MZZjvZrAB3gz37YCJRCqhPPrv8AOTljU+PX7xIgidkkdktP2wmyKTZhCSExKvz8mMpJpoPeWnURinNlJ29eff3xovRsiXsCJ5rGsgCoAk/6Ix4OEVFDmP7zmK5ZT9fZhqaCRa/vjWRCH/DmrKBQ2v5HByFaFrof7xhIEauya/zzimFIFTvv04ohBxZde+nFgq0GS1/OQaBr9L/DkOQAbE8p/J9MkLHBoHjFRjB1gJKAjk91pcY8jWB0XFn8xieewdffnFKY70Pz/eAMBu4rtC1+IyJxbQV7yFDGfJ39Y1hIKmAoT2fyfTKCCihqPGSEAJCRrh7/AIwZWyaJeA8+MlShsZR+3AvEGZDiF/C4HDYp1+jeaFGPIBoee8rSSoJx5Hk8fXAQmcxQ+E+esYrEKDfx4fGTI0aLE8xx7x6Ulq+jT4nA0MygepDZ84aGaLK2OXwxAVy0wzsdd5LJB2gnb04RBEGv0eD+cBBmrhXOfD5yIKD0bUfnBqj0K9f1l4AQOf8AjC9isCqB+8AEOez8YoX5wtnh8f4wSaQA09PhjFQCs3/rMmQVA28L04iDU0lv/TIGccAoXf14wyBAo4PX7xLo+b7u/mcAQuNAwHEjT8Y2D7Gde8AzC0wkS/JgyGRNEPrv7uUw/dPPkwVLALtrItiEIT8j/OLe1Cci68ZGjsaNxigsQ2geU/veJB0Sb+o/nIhgHFbeXGrbtrjsW/q5Er/k+TJgQUCGnh8YA78a7essWqlQ8nnGhma8R4nf0m8WIWby2fTkjAWV6S8dx04iM4h6PGGqKYrlaPJlw5hAzD6PGAyqIJyLuHr+s2AVJ6Tz8c5Emwq5HPzjuOzGRft+8RLGCHQ89ZrQEhpW8cUyER38PB/OKxc5MvqP19MXTJ3wMnVIiEJjp/1YgYQRIv04t2Qm009PZiVq4Svj+8QvFr+d5MgUEPusFWIJYQ/p+2OUitnJ9d5EqjC24DBMCucvhyYhAQlOT5P+4/XzWf5HjPAeEIzgyYTT2fpyAJnCs+u8mRq8J+uBrRNpJHZ19Yxp5chC+fOEjQJZiXj6bw5Y4k15H9/XF0suAW/WsRrIQize/wDTiou0lMPSFvu83hbIR8uJwzQVI+Dr8YEhgtghfXfxkNUQ9Qd4KANmO/Iu8aTAETFPswhE5vc+fJjNQYrad66/rDLFkstezGCS6XZX8ZMJem1+zCcgjmj4xLQ0l7Hx48fTEwpKOL3/AHkoIMfHpiNaBPy8ecCBWKhv2frI2xAkmQfvFFJAiB509Ys7SNCJenEzLYaT4cSo5dUa/nEQkzwiT4ZO08MkteXzkXamen4d5J3xkJFnn0/15PIExYkfnIIoudT6y+bfKI+mvriXRKmg8/6MbKXYZn95CQI0MJPk5xEhHJwO/J9MRTIJbMDxxhX54Lo+IvCauYQhTwuESwBcaHzxjr5ZTCTzjy4LBT4zqExE3i5G21NfOQCjBU/yyFSNhHfc8YiiD0kvqHXf1zdwEp54wdtNE+yH5xnaIP8AFnOEHD89f7WSj0gE7/jHuTpCn0v4x8EllRT/AH9slgB7B3gqkDQJrz/WQmBxMlQ7xAjGFGoeMm50LAUPPnGAL0J/yskoymQ/JjM4xCfdlwqwqnxiTNdSkT4cosOgm/7y02ztCf5xcTS/zP8AWFEbcmF/ZiCwr5vJRAAoSJOsliBHLL64MJDuz8jrE2R7ML4Db8YpvZBRXkefjCyJSYOjl/5k01vUzL8fTIBU4Jw+MZQZUQIT9/GSOL0qPjjF3hA2PjIKS1THyec5g/c+TvELLQT0OHvIH2UFjt6/GSEM2zM4Sb6MyOof85GRKYCfh/GIBMbJ0eOvxjMIISiTm8juBzOo8dZHAlCcfveMTOtuH349Y+0TZ8OHGwqS2/secaCWk6k68mCkeAzVOH+MFAV8oHydY548YLXT4yFEKLHLyf6s06MRD8/vFYRVunr9ZI61hy6fOcQCo1L04mleIG449+cQWRDEJTHHvN6obtv95CcSd3n+sAQR0k/bCorBsnjn+MhESxNZ8sVgaRuERkfbAspxdgD4IxWMykkIeH9/XCIBQmvHfrKFUtq/jCOaDcU+HvBILp0ex19caJRauoxhAAcm6ejGoE6kRHlOvWNnJG2byChBwhhH8/OFhhzb99YlBwb3WN8OB2RzHVfGRpWCm2MCfZyfWsIzjk2Pz+8VLWwdjgHFkozDHfWTjCDtD4xhGEUePfnFCABDH/XhElAUxX8+MJq3UHoyDb0HGSpX1R/WS0ilx9+IUBzzZ5HFB6YHp9/6MugTSnXr9ZVeJ4H+8IwkJ1Q+HJUVBNVx/eIWIm558OAYtVa73vGa3tS/a/zkLSKiCCdwswgJDRv74d45yf5GB2J7k+j/ABGQqMR7K6f+4LAhxczlx1iK9MmLhuUoPC2YqE2gjb0d5OAtNdf3iEEDKjjzj67zcP1iCYOAa+PGMZIkDmccCAVGPXhyASlqHnDEElhJFfxL1gwAUGefB3i5PJyNh4cWgssmw9YkMwyTZgVCmxsrQ5YC4IuveCIXc2n9fGQBCEy3H6x2HMmVHMdYkZCl8cmDGT1wPH954iKHSY+GpAFHzijAXfBZJthm2ldf7eK2pAIU/GAgynsNnrxjSvCxze8YShC5a9sIA1mSt6xBGXc1bf4yEsH1H6wEqnwL/WINFOMRPAbT7E5xJQVwmfpiSq3mX5yIkTHOAHJvbT7/AKwgM+6D43kyjNrevfWCEDZ+2AysztdYtggWld+8aDMN2RgRE5uCvY5xREToUh7N4QaSy7TkgyTAkfEZA02YYr3ii204XXyjvw4WhI0IkM46F0aI9jnFCIJPI/WAokUosxl4IcHkyJUhRWEw1KVheT3/AFjhgmZao8Y1QzIJH1+ckAEQyc/vLUBOdHClR9SlPXjxkxihRFnscLSuHgXjJ0d9Gk994qJbn76wckbZKwQ6hzK/rrJUu8NrfxhQBDA6br5rWHD8DkFQfDb3J+sCQWcCUfORZlB7tyNCE5KfrvLtNpBbHXnHgYS0XgMrPbxiCtCUJz78YmkShqE/eJghM0t6nFRX3EYmjs1ZHr9ZBCCYgyf184sIiNrx4xSSjQkfZihChx/1kKoCmZkxAslixHvjBApyTp9OOZQtCMDyOIEmuTZ8ZqLSKX89ZLmmVp0Rx1gsJDEO48d4qiBoJPp/OQ1VqBr64Gsw3T3/ANxISJGJWT4yikWFWn9OSgSDb38ZN1Mt8h/OBCBGXr2/eMRMqhp8fvLQJojB9cndcmHHr9YUYLuSvpghSrkqiJexrKFwzMhZdzv1nsptk+uwz//Z'),(6,13,1,'/9j/4AAQSkZJRgABAQAAAQABAAD/4QBgRXhpZgAASUkqAAgAAAACADEBAgAHAAAAJgAAAGmHBAABAAAALgAAAAAAAABHb29nbGUAAAMAAJAHAAQAAAAwMjIwAqAEAAEAAADuAwAAA6AEAAEAAADuAwAAAAAAAP/bAIQABQMEEBAPEBAQEBAQEBAQEBAQEBAQEBAQEBAQEBAQEBAQEBAQEBAQEBAQEBAQFRAQERETExMQEBYYFhIYEBITEgEFBQUIBwgPCQkPFBQSFBQUFBQUFBQUFBQUFBQUFBQUFBQUFBQUFBQUFBQUFBQUFBQUFBQUFBQUFBQUFBQUFBQU/8AAEQgD7gPuAwEiAAIRAQMRAf/EAB0AAAICAwEBAQAAAAAAAAAAAAQFAwYCBwgBAAn/xABXEAACAQIEAwUEBgYFBwoFAwUBAhEAAwQSITEFQVEGEyJhcQcygZEjQqGxwdEUUmLT4fAIM3Kj8RUkVHOCg7QXJUNTY5KisrPSFkSTpMIYNDWEw3SUZP/EABwBAAMBAQEBAQEAAAAAAAAAAAECAwAEBQcGCP/EAE4RAAICAQICBAUOCgkEAwEAAAABAhEDEiEEMQUHQVETIoGR0gYUFTJCYXGSoaLC4eLwF0RSYnOCssHR4xYjMzQ1Q1NUYyWDsdMkZHLx/9oADAMBAAIRAxEAPwDpyh8bjkT3mAnadz6Dc19xPFZEZug0HU7AfOK13jOHOxN1ySTv5eQ6AchX8sdA9APpBuc3UFta5t9yPZz5/B8i9vxy0N3+xvyrEdoLP6//AIW/9tUOCa8XSv0/9DuEutU/Ov4HK+Mn3IvT9pbA+v8A+F//AG1Ava/D/wDWf+C5/wC2qebYIpdawetX/oTwVe2n51/AX17PuRsZe1Fg/wDSf+F//bXn/wAU2P1//A//ALao64H51AtiDrU5eo3gl7qfnX8A+vZ9yNiHtFZic/8A4W/9tR4TtPYcwryf7Lj71qg91m0rLAYbu2nrWXqM4P8AKn51/Ab13PuRsHE9oLK6M8f7LfgtE2OIowkGR6H8q1n2rxQ0q1dk/wCrBPSqL1EcHo1ap+dfwFXGz1VsPb3GrQ3b/wALflUbdoLP6/8A4W/9tVniQljSxrg2qMvUZwq91Pzr+Az4yXvF5t9oLJ2f/wALflUq8Yt/rfY35VUOGYMEGgbhINI/Ufwl+2n51/A3rufvF1XtLYnLn16ZX/8AbR1zHIBJOnofyrVt58twGm3FeJk24FWj6i+DavVPzr+Blxc97ouacdtESH09G/KhH7XYcf8ASf8Aguf+2tW4DibCVNG2UDa1T+hHBJ7yn51/AaPFya7DZ9rj1o6hv/C3/trNeM2j9b/wt+VU7hlwARX2MuCCRypZeong17qfnX8Aeu5e8XK7xe2BJbT0b8qE/wDimxt3n/hf/wBtUU8RLnLyqf8AyPzqf9C+EutU/Ov4AfFz94vVvj1o7N/4X/8AbUo4tb/W/wDC35VTsCQNKkbERVH6ieDS3lPzr+AVxcn3Fy/Tk6/YfyoPE9oLK+88f7Ln7lpImI0oa9ge8ND+hXB/lT86/gH11L3ixp2jsn6//hf/ANtZ3ePWhu//AIW/9tU/iQVSFrzi9vwTU/6G8Jftp+dfwC+JnXYXLCcdtPorT/st+K1Ne4mgMFoPo35VTuwFiWp72gwp71RV36h+E03qn51/AHrqVdgW3aCyGC5/Edhlb/2xRhxq9fsP5Vr/ALT2guIs+tXfh1sNI51JeovhH7qfnX8AR4uTb5Eh4tb/AFvsP5Vlb4khMA6+h/Kqx2n4c6GY0pPw/GvnEfGtH1F8Jqpyn51/AL4uRsW9iABJkD0P5UI/GrQ+t9jflTLg7LdQg7xWpu2GJ7p2XkDXW/UHwde2n51/AEuLku4v2K7U4dfeuR/sv+C15iu1mHUZmuADrlY/ctc8dreOljoaR9ouPt3YU11R6u+DdXOfnXonM+kpK9kdH2vaXgTtfn/d3f3deXvabgV3v7/9ne/C3XN/YfWZ1rDErN6OQ1qserrgG615PPH0R3x81FOludJ3faZgQJN/T/V3v3dR2valgDtf/u737uuZeLY+SelA4e/pTrq34F+7yeePok5dJTXYjqzEe03ArvfA/wB3dP3JUSe1TAHa/wD3V793XLuGljrTDuavi6suAa3nk88fREfSmTuR0e/tZ4eN8R/dX/3dQXPbJw0b4n+5xH7qubMQg/jSbidqad9WXRq93k88fRAulMncjq+17X+HHbEf3N/91Xq+17hx/wDmP7q/+6rkXAgxRWG0maVdWnRz93k88fRC+k8ncjq697YuGjfEx/ur/wC6qA+2zhf+lf3OI/dVyLxJKD4Xgy7U66sujfy8nnj6JvZTJ3L7+U7Ose1/hzbYif8Ac3/3VFP7T8CBJv6f6q9+7rlPCqAQq8t6M47i4WK0+rHo2Pu8nnj6IF0pl7l9/KdK/wDLFw3/AEn+5v8A7qsbXtk4adBif7m/+6rkO6+nrRnBeHTrtU11adHP3eTzx9Ez6Uydy+/lOtF9rvDpj9I/ub/7qvU9rvDiYGI1/wBVf/dVyrxfEC0Mo941j2btkyxqj6sujV7vJ54+iBdK5e5ffynV+K9q/D197ER/ur34W6BHtu4X/pX9ziP3VcvcXctVZu4WNalHq16NbrXk88fRMulMr7F9/Kdn2fbFw07Yn+5v/uq+Pth4b/pP91f/AHVce2cRC1lgwWmt+DTo+9p5PPH0QvpTJ3I6+Htk4b/pP9zf/dVn/wAsHDt/0nT/AFV/91XI2FwRnSpTg2ZgvKrR6sejX7vJ54+ib2UydyOt7Xta4edsR/dX/wB3Xl72ucOG+Ij/AHV/91XLv6CUIFQ8Zw8xFL+DHo38vJ54+iD2Vy9y+/lOpW9sPDf9J/ub/wC6ry37YuGnbE/3N/8AdVypjbAA86g4PhppvwYdHfl5PPH0TeyuXuR1uvtb4f8A6R/dX/3VRj2xcN2/SP7m/wDuq5huQARVcfEZWmp/gz6N1VryeePoh9lMvcjsH/lh4d/pH9zf/dVJa9rfDztiP7q/+7rk6xigw86jRIM034Mujb9vk88fRM+lMvcjrO/7XuHLviP7q+futV8vte4dE/pGn+pv/uq47xNwlqZ4a6wQ6UPwZ9Hfl5PPH0TeymXuX38p1fZ9sHDm2xE/7m/+6rK97XuHDfEf3V/91XI3CcUBM71Ni4OxrLqy6Ofu8nnj6JvZPL3L7+U6sHto4Z/pP9ziP3VZXvbPwwb4n+5xH7quRMTbygGleJxWY00erHo1uteTzx9EaPSeR9iOyP8Alx4X/pX9ziP3NSW/bXww7Yn+5xH7quJM+sUdYeIpn1YdG/l5fPH0QvpLJ3I7S/5YuG/6T/c3/wB1Wb+13hw1/SP7m/8Auq5T4XhZEmvMR4jA2pH1Y9Hfl5PPH0RPZTJ3I6tse13hzbYif9zf/dVk/ta4eNDiP7q/+7rlN8SE0FCDFZmk034MejF7vL54+ib2Uy9y+/lOscT7ZOGr72Jj/c3/AMLVDp7ceFnbFf3GI/c1yziMKHnnSyzwuD5UH1ZdGL3eXzx9Eb2TydyOwP8Alm4b/pP9ziP3VYD21cM/0n+5xH7quVHYRFD2LIofgz6N/Ly+ePog9k8ncjrFvbdwsf8AzX9ziP3VEYT2xcNf3cRP+5vj77VccXcLnOlWzg+AyrA3qn4MOjHynl88fRM+lMncjp6/7XeHDfER/ur/AO6ob/lr4Z/pP9ziP3VcndoCQdSDS7CpIpJdWXRq93l88fRCuk8ncjsFvbbwv/Sv7nEfuq9Htr4Z/pP9ziP3VcVcUmdKecMwkKCd6ZdWPRlXry+ePoh9ksncjrs+2jhn+k/3OI/dVPb9rnDiJGI0/wBVf/d1yHjMLK6Ufw0wkGorq16N/LyeePoirpPJ3I6qPti4b/pP9zf/AHVYN7ZuG/6T/c4j91XIGNuQaH/SQaMerPo5v2+Tzx9EZdJZO5HZKe2Lhp2xP9zf/dUQPatgP+v/ALq/+7rknhFqac3DlFV/Bf0d+Xk88fRF9lMncjpS/wC2Thq6HEx/ucR+6r237Y+GnbEf3OI/dVyPixLE1hYc5ooPqx6NXu8vnj6JvZPJ3I7BPtZ4f/pH91f/AHdDXfbRwwb4n+5xH7quWsUDGlJ8RhSdTS/gy6N/LyeePomXSeTuR12vtq4Z/pP9ziP3VZP7Z+GDfE/3OI/dVyNw22BUmOwmaiurHo38vJ54+iH2TydyOsP+W/hf+lf3OI/dUTh/bDw5tsRP+5v/ALquNDgQBTjghgUr6tOjPy8nnj6JvZPJ3I61f2vcOG+I/ur/AO6qYe1Xh8T+kf3V793XIuLuTND8PxR2qL6teAb2nk88fRGXSU/eOvz7WuH/AOkf3V/93Uln2p4A7X5/3V793XIrMd5pnwHEQZNafVrwCXt8nnj6IF0nPuR1mntAwZ/6b+7u/wDsqN/aLgh/0393d/8AZXOGJ4vpApUl4kyTXHLq84Je6yedeiV9fz946jPtIwX/AF393d/d044V2hs3RNt8w/suPvUVydiOIBY6Vu/sVxVEsSI1UfdXPl9QXBxVqU/Ov4HVw3EvJKmXjiHbLDWzD3YP9hz9ymo7HbfCttdn/Yuf+yucO2XH89+AdAad8P4oqKNKq+r/AIJL28/OvRJS4162lVG/T2qw/wD1n/hf/wBtD/8Axthf+t/8Fz/2VpixxMvULXcp9ag/UJwa91Pzr+APXkveN3r2yw3/AFn/AILn/try520ww3u/+C5/7a0yL9RYt5GhoL1C8Fftp+dfwN68n3I3la7U2Dtc/wDC/wD7a9/+KLH/AFn/AIX/APbWkOE8QI0o+/eMTyoP1C8Hdap+dfwD68l3I3phcQrAMpDA7EGRUta27A8WCgEHQ+8Px9RWya/DdPdCS6NzKN3F+1f7n8B2YcuuNintafoW9U/8617b4fns/Csu1FotaYDclP8AzrRfDHa3ag9K/deohJ9Hzv8ALf8A4icnE+38hRcbhMoiq7xTHZdKsPaLHy8dar+PwMtX6TGqkcLjfIn4M5Ya0RhgQ2tD22yEU+aCJFM4uxlGluCpiYmagF8E15jHB051BwTg5EsTNRbasm7vYLwdmNaiw17O/pUfG+J92piqr2d4qc2vM1SMdUbQ0ppUizdocLmZfWntzFd2gAoWyw0Y1Bik7wyDoKs24wSCuZ7xLHQB51HjbHhDCvMTYBjyq04OyptwelT0vTY+jUJOz2KkVnxu3GoobMFYhetTdoJNsnYxUo47kL2CvFWCRQGCxJDQdqk7JYhiGVtY2onjeAIGcV2ygsfisCe1hF7hYJDRWWMwQUSKI7LcRDpryrK5i1kg1KuxhjuJHvdK8w2IJ0nepMawLEKKkscDceKmlaQ1BOCwgGtOsGMwqHgGCzaGj8baFrXYVK2mGj4cLhSedIrhNNcLx+28qrCRvWYwwEmrTlaBSbtAnCMSDoad4W8BVPwVuXP2U6w6tOtCC3Ne5XO0rub0gGKdNcm3rTPC2JB01NJuIYRhI5VSSjHnzGSZYPZy6zVh46wL6chWvuE4s29Ou1WrieIy2SeZG9O8jlGqNyRrvj2MLYpB0OlW3s/xbLdymtHdp+09xMQGTXKdomrTwLt/buuCw7t/PY00eHkmpHNjyq38Ju/2h41e4nnyqpdg8UpDMYlqT9q+0ou2xbB+NJeEcXW34Z2pcu87SL3v7w/7RdqDh2MGJmqJxztF3xkg60t7edo1eRuaS9n8bIII0r0sPDtxXecs8m7VkHGky6/KlmPwxdfFoBtTjiCgmW2G1J+KY2dBXsxwUtzkchXwDiZtkgVLjuKQS3M6UnIhvWvL/icChDGrKPI2qGeIv+CetY8PwpOtFXbAAE004TBFWlFIm3YGqlTPKoeJcaAECmHHVhCRVALFjHOgp1yFosuBxMg0JisRQODvlTBqa8NfKhu0Ggzhwk02x2FCJJ3NJuDP4xU/bvHHRR0ow2QBPevZtKLwzi2hPOgcBb1FCcfB2G1Vgw9o/wCzGLLEsaOxb5pMaUp4SuVB50XxXHhLUD3jSNOTDyYsw65mirfwpAB6VWOAWYGY86a8XxeRIG5plGgSEnG7Be58atXCrIVAKq2Dv8+dPcHmKFuQpMl9gFsEYiwCKrV86kRTLB45sxB2obiWNRDPP7qTFjeoKRDZ4VOraDpTG2gHhFKcJxHPqTU17FQZrpnHQaSaGGGxCpoN6Lt34YGq21+TNMsOxJBpNV20Chxxy9qOlCtcn4V7xy7AWhrl/SaEDUYFZOtENiAo0pC2LJJrzE3iRRnOkFIKu42daBxLTvUTNUV9p2qCe4UhlgDBHSpOKYiDQ3Ar0nL8qM4lgpOm9UiGgW3cA1NP7V8FKrd/CkCNzTDCXoWKrKqpGoVL79Z8QMMuXnU9q3U2AtDOC2wqeNoDJuNYchBO55UvwnDRGponjGPztQyWzG9OubDEGfBDNR+HwIkHpQYtE0wLHLFVx7qwheLx2kCpcBMbVHw3Cjc0340coBHOkcvGEYlx9mBJpcmK6Uw4iZXXnQXCMFLeVCW5RLYbcFsnKT1rzE3oMUzvXQqwKrXE8ZrNIxWgoWudR2jJgV5hMVIr21cySa1WwDG1aCDzobEcRPI0k4pxUnapeFNIPWrVSGUdgLiGKJOtScPcmvu7l6MQgVzye4WfYXDayazxuM0gUPiMVpAoC1JNPfimRaOA3dIPOvuIrBpPcvlYpil/vIrn0sHIgxdqaBTBCZprjbJiKXLiI8POrYlT3CmP+EYgbVnjsWKX4JIHnQrqSa6JPYTYzOLFMeEWQTNK7ludBTjgqxpUZbithGOeN6W4i7m0FZcUMmk125BpGMuQ2a0E514+I03pLicYSN6XHFGmRqY/YTUmFMUuwBMSaNtXNalyYSXEVlh2AqYnnQeNuinxbGBuI8Q1iicBjeQpXlmjOG2o1oZBuSGFrHlWg0x4ljxl0pRxe3IBpLjceQIqfg1IeL2LTheIhlI51ZOznaFshtgmtWcHx5DetWjgnEcpJNcufh7KQyOLtBPEMQVuSauPCMYrLJNaz4/xDM1M+C8QjnSzwqkaMt2bP4fjQDpUDcTBua1VMJxIZonegOPY0q0jnXK8NyofVSssXE+OMXgbCp04i0TVGweLOfXnV5wrDL8KpLh0qVC67YZh8dpPOi+JcdhNKq+Ku8hUWPDZNaL4eK3YVN7pFg7M9p2RtDoTXWFcZ9nsKSAQK7Mr5X1jxSlhr8/6J6PR10yLEpIjzX/zCpuNXRlgb1izRrSMYwPe30FdHqHV8BNfnv8A8RH4r26KN2nxItvLdaXNxdXIynWmftWwiu2UV77P/Z7nXNJBr9bhxKW5zTUo8kLbdhnuDoKs1qyZCqK84pgO6JTn1p72PjmKMlqdISKvmL8VwjSYpWmMiVraWPwwFs6cq1Bx63FzTauLicLg6Bk23Qo7Y8PJXN8aqmBXxAzW0OMsptAczSG72ZHdyBV8E1CO5J499gXE8ZXJExFGcP4nKeH51rriFv6TJOk61s7s/wAPVbXlFdPEKMcaYYNtifiPGQu51orhXajMCJ1IqudqsCHmOVI+BcNfU66U+DBHLDnuNG2y+8Av/SHMZk1fMRwrvVygxpWr+DOTrzFbI4LxU5Mw3ArnyR0SruGgktmUC+Hw18JuGqxcUYlCvWgCTiL5Me7T3i2HKRT8U9TiwpbAnZHChFg86i7Z4IouYetY4zFFcvma2g/BFvWBPNZp8WBz8dBcUtjVHYSwWIY1d7to3JCmI5VVMHFq73Q61auJcNa1FxWAB0MkCZ2Anc+VUnHtHVJEfZq2yEg9aA7YguCBTXH4oWrZdtK1XhfaEpxPd9TE8q5Y4pT3onKcV4rK/wAV4Jewz97bJZJ8Q5itm9heOpet+9rzHOnHDArmDGUitVe0HBDBX+8st4GPiQbD08qpFOa0tfAScXhdrkX/AIlbyMCNppuMeAsjeqRhe0KXrasG15irRwvDfRljsB9tDFBrmXTT5BGC4uM2pA8qt2Cw6XBmPKufeO8WKYoCdDFPuN+0Xu0KLqxECuzPw0U46Vu0Tx56u+wcdq8arXVCcmgD05019oGOKYdVnxEb+daNwfGLneB9SQZqznjz4i4ivoF3ppcPKNRFedTv3xJx3s41pUuuZNw7dKFx+Dtt5GNxoasntE7QW/CijPl2n3Qfxql2cduIBJ28q7IYJaU3zJpQuSPcBxe5h28QzofnFQ8c4+rHMhMHl0pbiOJNm8RmNB0oHH4IkyvPlV48MnO6ILJsE8Nm629W1HW2uuwqtdlrqrI2POaF7RcTa4SqbCvUUIwROW4ViOIG4x6DalJvwxrLhlzLod6w4jbE1JttiUELZzCakwNhQZO9R4GduVZY9QGXWqUEz7SXMsa71LwbGDL8KRe0FjCxQnZK6YM9KrGFxsbSXbH3Zsk+VVfA+HxEb1ZeDOGtketCpgwTHIVBpKxWJ8LhsxLHapsWw5UVxS8FGUUm4VqGHnWgr3Ciz8F4eIB571Wu0Bm5vzqxWyVtzOtVPDIzP1mtVo1do7t2gqAkCD86CxPD8xBUyOYqTtO0BVHIVDgr+UTVU72Zq3IsbfhgvShMeC7dQKIONS63i0bkaksYEq3UHnTShp3QWfcPuGQOlfcQZ7jQAdKtfDeHW1GZiJqa1eTXKAIpqpWxLtlUbhrLE86sSHLYpXexJdonY0z43AsaUjWxhTZxS7Cqr2wsktptRWDueImo8ZiZaKMLUrLJUKuHWnG005B0E6GrL2TsrkgilHarCnPpQyy1MWTsXWr0H0p9wjFaE8hVXZaLGPASPnWwRtM0Umiz8QuZrc9Kq6cSkkUZwzEZhFJFw57yB1oxhu0Ghth8O0TGlAYvFEGKf4zEZQEqu8Y1150qgtVMWI34Phu9Kgc6m7TYVUYhPT40b2Q8Fs3DuRApVdMsSdanKGnYHaD8NQjUb1bcNgifEdNNarnCQXbKKtHEscEXKOQ1p9NLcZ9wp4gVGs0t4liI9DQd7EZyaixdksgA3B+ysod4/MZ4YEgUQuoyjlQ2FuhF1NH8AtFiW+rSwjQtLtFrcGeosTYZBtVtxOLA0FQu0jWrxiVjBMquBJ9JpnZuHnUuOsRBqa9eWN60FTo3g3yBLvEgKbfpYe16VXMVhxNM+z7AgikmiUoU6A+JY5csdKM4RiAELVW+MWfHA2miWJICitWw3YGnHFjQ+JwpNPeynDBlJbWlvHsWA5EaAwKlK0TvcLwuAUJmLa9Kb9mcDZvK2d4jlSTD3QUgmNKRYa9lY5TVsVPc3MM7T8PCElTpQfCsXyojHXSw8VA2wq1SaTQ6ewdn8Rmsi0g0PdcETX2Hv6Vy0AxtXI3qKxflqyv4eddqBxIYcqdIww4hxHlRHAsdFVksaP4VdoTQEi4f5Qka0qCDNNL7/EY0obGYk70U+1maos/DsXqecVnieLDUAVX+G4mpRiwNKpHJ2A0h+GxE6004QTJPKq9hhLTTjA47xZam99wGOMeWOtCYuIofj0htDUHDsXIIO9PSaH0gV2ahtNrXuOuQawwjyaLhsNVFmwp0qJ7xBr1NqXXsdrUIwsCiOzidKXcZ01FRWcVQ/EcRM0yWkyVE3DL00yPEgKreDvxUtwyKz5mLfdv5kkVUcfbk037NYrTKah43h4M8q2NVZkR8MwYAmpcbe6Ut/StIoe45ouPeEMw+rU67mBVf4dd11o7EYydJpVCx1F1YZYxBDT0rPi/FZila3KFuLrqaTwKcrBTob4PFkmrNhONaAVQ3xokAU44biqfJCkaMdy6cGvS2tOONXAVqo4a4dxUhx5jWuB4nJjuSSNh9hHTLrXU9cK4HipUGDXdVfJesrFoeB9+v6J6XRsrTQu7R38tp2PKP/MK1tf4mQuadSavXtFB/Rbsb+D/1FrT3Hc8KIPKYo+olN8HJL8t/+EbjXUvIMEvl7oLbHnW8exaqEAHMVpGyAQsfE1aOzPab6RQp0Bj1r95wValE5nlfJlx9pHBPD3i7jf0pHwHGZUDVsviVvPbIjda1ljMPk8PQ0eOxeByKgrvLpc4oGtfCtU8ZvjP6Grf/AJQAtwN4qk8TXnzryuLza5bC5OQj4/xVu8RF11q3cT4wbVgBhqRVdwlkZgxGo2oriV83rizAUEVTGk4JE4XTfaUji3CLsG5GrGavXsoxfeLlbfarji8HbZANNqqFnhrWLwZR4SdYq+rWtEvIFQcGn2BfaLgvdsTHhNR4HDAqYArY9zDLdt68xVNbB9yxU7VJNwdHRWliLsJw7NdKsNzVmxmAOHu5T7j86i4PiVW5nEaVP244/wB4AABpGtdWWKlHUI9kIOIYc2LwuLqpOsdKYcZ4qtyAOk0C2PLqE6c6lwfDMup+FRX9YvgFXvCnipMAxMGr7wPtiO4yjcCqjgnGZkPrUVzAFQSu1Xxtxx7Mssmwr4hjSbmbnNWLt3j1v4IXJAuYZ1ua9Bow+RDfCqffGVxmIANS9t8J9GMhJLCCo1kelXUWoqznyS8XYee1bi/eIQp8IAJjz1rntrsYhD+0K2LxjP8Ao1tpOqw3kVJX8K1Txy5DA9DXpcHjTwNe+cmZ+PZvDj3agWbR3MjQj0qk9keMi8W745p6+dV7tBx5ntgeVVngnEzbYNSQ4PSnXMMsrbNiXU/Rr6sJ7onnW38fx9Dh0Ftgc3nWr8ZxRcVbVRAIGtVTGcTNv6NSdOf5UmPhnPaW1fKP4RY7S5Mddr5NwlTMc6rOGxZLid6ccOv5t9ooLDcJIuZjou8+Vd6xrWokHdWWvsleAJZgMo3J2obiXa1DcYqun31We0nHgRkTRR9tIDfy896pNRWy84VOTSHmP4jnef5FNcAFiRVRs3NNayvYwmEU7702GCEsYcTsGY0JPSmmGtG2n7UfKgv0XIAZ15daX/5UIJzV1uosQh7QXwkSfEdTFfcEujXqaQcfvEsDvNOOE4B3UGIjmdKTJjbjZRqkZcTQzPKsruKETQ/G8WVIXQnnGtL76ttBipY4mQ2s4vQ1h3uZ112pZYuaEeVGdmrGZwZqyC0Z9vJAWaA7P4mVMVY+2BUqQPE0fAVVuxts5iIrox+1Dexa+zOMCgqdJovG4vKDFK+LYXSRuKVXscWUzy0riyLdk+ZibpJJ6mnHB8FEsT/GqzaxUMBVgtY2dKpGNQDyHVu5IjyqDC3FtcwTv6CiMGVVBOpP2Ul4ph9Tr71Jj2e4VyK/x/i57zXblWfDeLT4Tsa+x3DswyxJ5HpRXB+DW7I7y8ZO4Qb/AB6V1rGpDNBVjs1r3h0Tc+fpTN73JdoqO1x/v9AIQbAbCvcDh5BPKpZW7UUIA8Vx5CgLM9Km7EcQJLBt/OkuMxA7xV86snFMEqLmXfrNPJXAzpEfErWVyRzphxN/oBVfwWPDHUnT400xGMzLlOkbVLwkVsApGKxxDZaP4fhWcyBtuamxnBy90QPWmPFMYFAs2/iev8K6NmrKNkvCL8Ea7GjO0d3w5vKkeB8I3nXWj+IJnUrMabxMfCR99ckX4zFrcrK3pFLjfkxzq4YHhP0WoE669fPynpVQuYH6QiYIO3WurEqsbHJWWXhaZAPOmGCwwDs5+FLneQqjerYvDYWCdSNZ2FDlKwTe5TWxxd26UuN3NcA86a4PAwXJ66UvwtnLdJ+M0i9s2GkWjjF3whV5DlS84ZitD4XFyxp9wjDM5P6qianzYvIn4Nhxatlz7x2pKl4sxOsGdabXgX8J2FA43HKsIvKna1GjuIbgIYgddqslvDhU13aly8PGcuee3rVibBg5SeVNJWgzlQqw/A83vaKNfWmtnGrIRdhWPFs5UwCBG9Iezuj60qVbCXY9xt4Ak1nwrxa/Kqv2hvnORT3gn0dqWNVfI6Nfi0S8XeQQKr7mmIvyDFVniWLKkilW7GhPfcPtOTNEYHFRSq1ioWaxwWOzgjmNR+VFxtWCe7sN4qdQ1Cjih2FW65wK2bRJLSELLqBqFmIj4VReDW89xV6n/Gp45EjYvD7mSyCekn1qr4WwbhZp5077W4jLajrp8KW8FOW2PPWpZZUrJID4g0CKrtq8Vam/GcQJmieEcNDqWOgqmCLRRHmFxocRzpPxy2VMcqjzhXMbA04VO8GuwrqlJLYagHht7SDU2HU6+VDWMIWeFGk1cEwy20ObUxXO6Fb7BBYtO8AAmm3HrEW9taW4fjJE5aL4hiyUBNZJIysr64IxrX2EQCibeIzHLQmNXKvxoS3GaCr1kGpbmDJtk0sbEaA1Y+GXpSpydGEPCjAqXFnnQuJuwxHnUOMkxTpW7Mtxrau6VPhrkGhcEAFr7FsI03oabdIFDziCBlmkVu3DTRXCsXyNem0JpKaCCcawckEV9a4eQRTa1B06VK0EwKvGVxoLYFjrkLVdF6WqxcTtCIqvpg4M02KmgqmNGSAIodj1ojvQetYYRZaky0hZHuFsQNRQFy5qQKsnEIiBVWezDGpxVmoOwN0irTYAu2/OKpS3+VNex+IYORyNNp7TAOPt5WIr6xcpz2twcHMOdJcJhmOwppO0Zg925Bou2dJr5bInWmBwgOxpdVIKewFh8RUN5qIxeCPKof0dhyoJ72aRAmF50QOI5a8tNO9ZNhAZp7UnuG7Lh2cxeZJrDFXJaKD7DHcdKb4uwFbMaRwV0JyZG1gKuu9d61+d/HcYcwg1+iFfIetSNetv1/onrdF+68hX/aIf81uR+x/6iVqXD8UGUk66xuDrWx/bZcI4ffI3+i+29bFac7DdnSV712AHJZ6cz+ApPUPgi+jp5G/8xpLyRF4+T8Kku4vdlItFogGivZpwjPeVoAWZpFjOJTagHQsQPSsMbx17Cg22ynpX6vhZ+DnqfkOZ0bh4p2m/zhkDKLdoBWB3Z2EwD+wI5bk9K1f7W+0zW5ZFmdKq3DOPXIIdeZfNOpJMkk9aF7Vdr1e2LYEsd66Mjnlmm9zSl4tDDgXaVhaztNMOEcf76cqk+YFVjgQzpkit0+yvDYbB2M165at5tR3jKpPmATNQjwCyyknt3CxTddxqrjOOuBwqofPSrV2P4bcunVYXmfyq5dpbaX76G2AVCglgIBB1B+Io29xFbYyqBpRx4YwHjCnZFxq3bt2o0zAbc6qHAOK58wPLkaiui7eumCAPP7qoXCu1FxMYbPhYG53e3LNEyI2qkMSy3p+EMstNWbT4Xx0qxJ937KH47xJLh0bWn3Z3svmMt7u4FIe1Vm2txjAAXmK4ckWnuU3o1dx7jd63d0Ep5VeuE4d7qTsY51nw+0l2MqjXmRRPaLtCmGAQehPnVnkckopbk6rdsUXrhtgk7ii+xvH+8JDbzEHpQnFMQCisTuefOaP4bg5dGAA/EUjg8a37TRTvYJ7Rju7qONjvWfE3CNAMhtfSpu3bKUAkZhsKq93HfRqZk7HrVMepRsZ7NoTduuHN/Wq3u6xUnss46TavXXIJXwgEddoPLpUfbHi1q3aj3ieVU/stxTRpGUFpI8hXr4ITliuSv3iGpKXkJOI8fZQ1s6gksPInWqNxm3KE85q19rOIIWLINMuvqKr2EwT3QSfCOVevgwpQ22OWUrZXxjSVy1YuzHBhkJcb7A/fR/CeF2rZA95qz7S8TCCOZ0p5RoVMCxGLFmFTn86r3FcQWPrX2IttdML8TTzA8LUb+Ij5UVictxrrYJ7CXQQQwOlT9p+IO8KnugR0mq/xbjmTRY+FJbvFWfnTeDitwbvY9xKEE5+VfWb80PaQuY5Dc0RiMNkiKRxGoKF3Sm3ZnCBZuvt9UUHwTCZ9Too1NCdoOLl2CJ7o0AHOr440rFe+w5xeOztM0vxdhoJjQUZgMOtsZrh8XJefxpfxfiDPpsOQ5U2RbbgM8HxJVWSoLdTr8qCxPaFjv8vKh7GFZzlQTH2mvrvAIMu6jy3NLBSkveGW5BisVmcGtjdl+3Fq1ayFVnXUgGtX22Ac8wKmN5SwgUcb0gGN9CWdtlYmKgwmMCgwda9u4sH4UtvYXWV+VLKxuwZYTFkvqaf2wqCRuaqeJlY030pteVltgtsetUi3VC+8SjEZwZNDPanSfMmltm6M4jY0RjL+jR6VOcbYzR83DD72/oaZYbD5VknU7Ck/Z8mZJ0priruaABJJAA5mdAPiaaTSVG94Mt3tBUvG7sAH+daSXTkJnMrKSCrAggjcEHaKZ3nzWpYTG4+NTUakaqMsPxxAsKNds3P4dKrXaVWYg9d6ka2ARlECj2t5tJGlXU/GoMSPs7oRbXeJJ/M0+s4qFiq5YshZKzPWvsVjvFApG9U9jNWYYrDlnBHWrf2qaLR9BVewChtBT/tKn0RHpVoe0aIz5or3Z7BgrrR126fdiSPtFecGw7ETsBRt7E5ROk9a5NF7MejzD4oodRSrieI1JgTsDSzjXEy1yF+rueXnUti0X8bEBAY1/ACTRlGUdrNVB3C7UyORG/Q0UWgEHmQPlqftihWxJMC3DLMBUBnMesgGi+IH6QKQRlA+B3b7aGhckDmS4S/Gh2BpXx/Ci4A494UXi2Mz9vKlHfMtyD7rbeVVw3F0xooP7NLnuoDrH2QJ1+VXDj2IhdTq2g/n0pZ2JwMB2A3MA/afwoTt1dgrrIUQeoY66jzAEHUHryppu3sZq5A2Otcx8aAyAV7hMXPoaxxyZo1gc6jFOwpH2HuqDpz+dWnB8SVbWRZzE6mlXBbVtYlZM6k9OXz1+yov8oi276DUyAR8qoluJLcI4rdZQSOk/nVOsEtcEayauN3Hi6DpB/OlnZnAqrsd2n5CqxaVplIKkWBcAFy94Y5wN/jTa92mW2sIgPmdTVL43jjMnSDEVhwvEZiR1oPJXIDjfMt2I46blkudNcoA09aq920cwI5mnuMw4FtE6+I/GorgAAHSoyyWxUq2K1xq3muqPSje1uMKoFqBz9Lm6CvXu96ShEgbHpVkUoxwuP7u0hO7t9grDtBYUlW+NQdqbBzKB7qCB8N6EsIXB+ylXOwoG4tjZEDYUuwuMykV4iAN4tQDqP48qY4zs6DluWyXtucv7SOfqNy1+q2mbyNdSSoobBwOOzInRl+/Sq32CwH0jNyXT40dwhSttAwIIkQfWad8KwotIzdSW+ewrzse05I5pMrvbPES4UctPiaIv6LHQRSa1dFy8DOsz8qO445gAbk0c0d0hmhRiiXcKKsOLxARMo6UVwDhgRZOpOp/Kgu3nCntZS2UZhIUGSB510qW1Iy3KRirniJNNuD4hj6UrwWGztrtT3EMFSBSyTopdIsPB1WgeP47NIG1CYbF5UHWld29JqVNMiuYOxymrDjP6oUgwKLcfKTHTzNWfG4U92B0qrVFUhDhNCTX19JUzWOJMCKnKysClrawNAlqIovg94wwOlRABR1NF4Y6etLNpmtCG9bZm0o9regFNbWFWJ2oAxNaM0KmfXbwXQ1FiPFEUBxQFjApnw3AtK9KeO243JEqWHWGIpvZshxPOpuM4gKlK+DYzpvSN6txk7MxcioLl6NetEcbT6w50nTXTrSfATYWuI617xADSnHBOBTOfQ8qVcRsQxB5UyTTMALcqXA34qexhw08gKkt4YaQD1Mmg9whVlZmaUXLEEiZp3cuwKri4jxmtDmzIDxNszVo4SIUEb0o72fSjMBcIB86aUuwOrsH2LvB0g71PhMOLdrzNJuG3Tmg7UZxTiwYZY2pse3MR7iHGWvF61liMMVGhNS4XLMaiayxV7JIGtZ02MgXC4sjQ0WMXShnJ1qRrZJqUo0w2M8RcFQ4W8CYoS9cipeDAM2uw3opALJ2bAVjHOiO0JJYdKRYXG/SQNuVE8avEAEUG2pUa7B+IWDX6M1+c3fsQDEiv0Zr5J1qcuG/7n0D1+jPdeT95UPbGP8AMb23/Rb7f11utbdgOOrlNp1DdQdiK2J7brGbh98TH9Vr6XrZ/CufOD3gQQzZXTUMOYpPUJP/AKfNfnv/AMRJ9IOsq+AvnFFtvfSyhCAa76DnQN/sy7YoJ3ocBc512E6DprWv7GPJdrhJiYzUw7P9sv0Zs5QuLswxOsIY8+fWv3OHhr+GvlZwuS5vvNsdpOCHKIEaQa1FxjhvcuxIJB29a2PY7dK1tbgaA/1Gid4210rNeI4bFMbRgOFzSsc946kbx0qOLFm4d3VovLRk7dzWHZ7jV0nKn2fzpSDC4g4jGrOue6s+YkA/YK2p2ywNnA4a53ZDXLikA7lc8rPlpmj08q1X7MMMxus66FQYPQnSfgJr0OHyRyNzrY58lx2Om8Z2sVTlBlnMnyH5Daq9xjtats67dTtWvbOIS3muFixJgmfupfj+Nti8QttAe7QRlGuY+dTy8Mo8+3n7xllbNr9kOKFzmVCAdifwrU3Bb5/T1bcm9p5kvp8zW3ew2NFoFbwKMo0B2gfjWm+zmMVcYlw7C6G+TTScHjSc3FdmwMztxs6Hxfaty3dKMpHvVTe3eJ8MEmDqx/nrVn4myXIu2z4jvpuOs1UO0nDVvApdxCW0nZdW9K8nHinkyK1sjsk3RP2X7U2sgS1q7aD+FWDjmGQIFaJIlifnSfsT2cwdnx27huFBudpqLjXHLTMwuTmI0Gwj1r1FgjHdEm3yZr/j/a5WxCoPcUiK2zg8UO6DDeNBzNalwnZ5bt36JRv72sD061dOKdnrmGt94buwnXT5UnFxx7K9xsbaTdFW7TcRv9/L7n3VnYenWieGcTaCCBPPy9apOP7T5nNwmSAYJpXh+0dy4tzYaZQR1b8gCflXXj4V6UtjmeShrjcWt64XAOUMVEmQ0cwIkfGavvZHs5aZDdusABsu3zqjdmLqokuIX6s7nzrPi/aKfCD4Ogr0p4PF0p1/5JxlTCe1WLtC6CgEDSBVb4pxZo0EClz3R3hyzB/Ci8NZzNFXx7RpCSXeE9mLUBrjbnb0pZesm7cLtog286sGMuBVjYAfZVL4hxFrrd3b0UbmrY4WBDu1jBOS2NOZ5ULjeKDVF16nqaGu3cq5FHh+s3WlpuiNAAfLf40+R0qQ0Y72RYyxnO8Ac6FS3lBFNCAsFvlzP8KY8Jg7gZTy5fxqELY9irg2GbYHQmYHP49KffogYRuefT4enXn5Vhaw28KBroBU7AowMa0JNqQjZLjMIwQW03I8R6eppPdvLYEW/G/N+h8qbcTvM/gTSdz1+NfYHBW7QhvG/TpXXjrmKVHD2Llw5mMCdzRfELgGimSRv5Vjx+yZLEws7flUvZzhTXDm2XafwFTzb7Iaz7hiNskz5URiuzsgszHN66fGnrMlsFViRuSdv7Rqp8e4vP1p8htQjaVAW4Bw+ypYh2yHYEiVn9ojUDzANPsZw6UIK5blvf8AaU6ggjRlI1DCQao+Jv6zVz7Cdpgy91eEoNEuR4rU8vO2TuvI6iqKHilNGxXbFyCRX2CukPTXtDwRrd08wwzKV1DKeanmPu2qDDWtTpEbk70sV2BjyLNwAIQe8ggawevlSntaWuuBIycgOQpW2O8zrRHDMRlOolTy5iqX2MSqY1x3DraIDAkxrNI+KDYDmZppjb6uTMlUgAAx89KgxIQePUSDpIM+mggfOuVTuQFIGwR5D0+NGcQwLLBOg8qw7PXAW2iNT0HmSdqn7V8WTTRn6a5U+epP2VTRbs1uxtYxdvFgJeJW6ohMREmBst4bunR/eXqaZ4/su1mypdlbPI8JnbnPMH8q1/c4sdIgCfdXQfHmfjNXrs7xdrilXEoonXTUfqnk3pVZQuO/MLVFRsLLeQoC/i8pPmYq7X+D20m5nLIxGwBKg7yRpA6geoFUbtPbVbjBJIkRzNTjjpgi7YbgmlSfOiE7PPq0jxaj0rDhWHbu5O0irvwVAUk8q0Vom7M5NMS4DCpZEn3jRHaK/wDRk+lI+LY22mJGeXBG36pPOOcdKfcdwYa2YPhI+VdLkmhHF3bKliOPEiFGkbelEcJx3eW2jcbUz7O8FtFCYnca+VCf5NFmCDp9YH9rp6dKjknEumitocoIO5PippwHHD3DBU1Bj+GF3bL0zV92OsKc0jUUKWlyZq2CGLWLkj/EVZXZbygzlcDwMen6j+U7NuvmNKg49hwbarAzTIPrsPkB8TVa4fimU+Y5feDXLCVMlVMwscQuW7pVpEGGU/lt6Eb8qseJwCskqfGN1Ma+a/lQ2MsLfUEaONj6a5G8v1Ty9Jr3AYBmLSYgwvXMIrqlJbNFG9i38BtlLKyIMFj5E9fhFUTiGJz3HBMydPUVf+M3cqNGpCx8hH21p3DYrKxPOdjQxx1WLDctl5QLa8jQ2CuCDOsbUu41xHxW+m/rNfYi7E+Yotbj0H3eJHKCBzjyj+NFYu0LqaaMPdnl+yx6Hry+dIMbiItAda+4DjSv41skKVozj2hnAcQQxQ6HUEcwRWVziXd3gTsd6OvYUXCt1feGn9oDkf2l5eWnSk3a/CzB2g0FJSZlzLh2o4eGtZxrpPwqs8FvgMsc4mrJ2Fxha1kbltPTpSTFcP7u+B9UnMv5UjTWwkrLXj78keVI8TjZY6wB99EWr8gH1++l2Is9OdQgrkwR5iPid9xc057Va+CYbu1lt4lj5nak+EcA5jBjad/hVg45eDWwF3I15a7Ca63Ko0O2VtsTmJ6SaHw+GYE5dvPlU/DuHZVYs402yyZPIaxp1NecOeM1SU6sylQBxJco8QEmvOx+Oe24G6MQGHx0Pqpgj+NYdorLFtjHI8qk4NcAKTvmUfaK7IeNErdouWLOnxn50FxbjZjuokFfQ/OvL1wqXtnaSV8tdR6Ul4oTKRzMfjXnRVT2OeKsI7M4KLrGCABpOu9WHDYKXzHYbevWgeCbE+gp7xbE93aLRrGlUl42Q0nbHXZ7h4e4C3uIO8f0XWP9owPjWvu3PaA37zudpgDoBoB8BVx4Pde3hlWPpcR9K8/VtD3F8ixlo9Kpjdkbl6/CaA+JmPuovMn8BzNdKVbGiq3K+l0CnKY62VAK69ZpZxvAhbpRZYAwCfrcp+NPuI8DS1bzGc0dedNuyjluJxZLnTYVBfwzTA1PlUvZzDXL1wJaUkk8vvPlV+x/AbdtO7Vs16QXYbD9kelZw7RW0jV6cHu5gQDM6RW0cHw6EXOZMCelD8Gv5S4f3l2J5ihOJ8UZ9E5b/wAajKWoWU2yLtBw9LhEaEcxShLISOfXzpnhl5nSsWUFo+rStsNuiDiGESAdgelT2bVgADxE+tFqyE5Br5dKKwnZYDxM2m8bU8EmtwNoVdyDMe6Nqrd3QmK2LbsWIY5gBzHL86U95hNRvQx4XuBSoouUk1YeAA7mYFOBgbTf1bx02oXFYS8g08Q8qpLG6ofVaFvaFs3OltlI56V7fuN9b7aizT6Ujg4KgvYeYXESsHWvuzttAxZjtsKr1/GBdBWGGuksOlNGCjuFrY2Bw/iDO5YCBECq5xlJuQdyad8JxAAgdKX8QIBLczt5DmahKW4r2VAuLIAhdh9p5mgv03kP8aBxmNzbU24dwJ2t5/kOtVxx23GVJGeJxUD4UgbFA06s8Kut9Qn1qTCdkHJJuRbQbk/hTY8OzMmhbhF001pxjsKwXMRHlzp3wzuZyW1nKPeO5pJ2sVi410qbhTpk0KbWMM037N4TM4J23M0LatqBJqVLzfV0HWlmZ8yXj1pRcJmB5UuOIHSfM1hiW8UHWiuKqAqtyNLe+waYK2GXlNeHCNlkVPZQQCPlRN60xEAH0imp9o1UKHaRBpjw2yESTz5URdwpUajX7qTYjGawaC94PwDHD3QXGlWriNsBNt6p3ArWa4vWatnGLxJiIA++milzYk4tMXcOIBmv0Pr86BbJOlfovXx7rT/F/wBf6J7HRfuvJ+8p/tmukYC+QJP0Yj1u2x+NcucZZbSZSZuP9k8q6e9uF4rw/EMIkC3vt/XW64m4njy9zedd67ureEXwE9t/CP8AZiQ6T/tF8BuzjeBtJw0NpMA+ZY1qniPES1u2hGluY/2tTTy3xZ2tW7bGVU5gOp5T1FZ9tMOCtl93ugswAAA1IAgAACBX7nDws8L8fe5No4JZNXL3hLw7FM3h102pngcUbTh1Y5gZJ5Tz/LzoG0+VYB15n8J6edKeJY8x4dT9leo8NLcknvsN+2nGmuCCxbM2b7IHyEiouDu6KoEw3iaASY66cqR4h8zhfSfxptb7QG0GKqSD4cx5Acq5YYkuSH+EJ7Q8YBhU91fhLHqKtPYbjv6JaN1VD3YJhtvLzqncAwv6bfVRltrGvwGp8yT99H8cV8JnQtnOw2OXz9aTJGOR6Jcx4px3QvxHtHxV++S763GAIGgC8lUch6U2bEhTmOw1NUDhNn6ZDMy0/bV4xtoMCOtdngoxgkiW7Znxb2hXz4bbHJ0XQx5ipeH8XLLMmT13qgYm3kbw8qb8J4pOh39Pv/Ol8DGK2Q8pPtLnwHtqbMo07zM70fx3i4xCBlYBgduZFa+4/azL0I5+VLcJiChGWTS5OEjkqUdmVhJNHSvs+4pbsKAVLECSQJk0o9qnbH9JU27fhA96dNOgqm9nPal3aZLi6xoQI/hVR472kL3YT6xk9ANz9leZi6LlLK5ZOzkWnk8WiPjLBQFG53prwDCf1annmc/cPsE/Gq9ggbt31P2Val8LiIjIR5V6ShtZxrd0NvaBjbQtoqjxdaq2Lw0KCGBnlRvaUr7rHMRHw6/Cq8SJkHQbijhhSuzpzY63Ybgjrr8KecJcAFuY0qucNtNdboBTDFYjIMo1dth0H6xH3D4+tG9zlbBuPYovpmyr13+6kvGsaLShLZkvuQDJ8oiaY8TuMSqkknnP2DyHkKEu2grEjVzoW/VXovrzO5223eGXSzIya2/djQ+c9aBwwySTq2/kPzplgEU++xC8vP41DicRaFwL9Qb9SaenLcawRGzNLaqNW1ifKp+zeOljsFnQch0FH3sRY0ATwty60ywPDrYByplkbTP8mrRjSM9kNMDfy66Tynl50Zw/hpvuqxCjV25wN48yNPUiq9axItHxmV5dfTzFXx7hsYYtH011cwVvCEWPCrdAs5m6swXeKDSktyNla7eYhVzLYUBl1aOQO4UdQNfnVQwaEknU+etOMNiMwzTJmGI/W5/Pep7Ft2eBpagERpJ2KnzBHyIqUJW2h1sB8P4N3kZgcoMz18v40XxTiyrFq3EjTTYeQrPtDxLKpRDHIkfcKrN3DhNZzOYUxss768zyJEAaxO9HZGq2e8ZaEMHwg6sZm4/ReoG07DnvVO4jcJIgVY8VeUgh5iIEbqOUTp5xzr3glsIh1DCdDH4cqMJJKy0aSEeBwRfyA3P4etMMXj0tgKo/nqepplgrLXHgCFnTlqah7ZcOQELIBXeNSfjtVYpy5muywcC4kty0EecusEe9bY/WXqP1l2YdDrSXtDhHtyh1nxIw9115FT0PTcHQ0Z2UwQW2WYkLy6n0qG/2iV2Nq4sWyfCR7yN+uv8A+Q2I86DjT2F7dhJwTANdUkMAQYIIJ+78qnTMs5hqNBIO/wAd6t3Zjg5RmMofAZynxHUZWIjRSDOtLu3RMJuYzH46R+NSy5HJ0CUuwCwuiec61jfwhbUmEAAn8FHM/Z1oXhk5Nev4VnxzD3TkAUlSNI2856VDFDxxYrcKS2CMshVGyzJJ6k8z5n4RXj4IIPEJzciREdY3pp2V7PShbMJBg6SNBy6+tI+I2GFy6N1tkBmOglvdUSdWOug1gE7Cu2WNxVoKfYfYjFW00RBPU+Ig+U6D5VFYxlxSrEmPP8qHvISQY05n060S+JAWT9v4UIyt7jLcs3B7uhg6NqBOhPQDqfKhcVwhbhDJAIOo8/55fKk/CcatwFYjLtrr6+vpTjDYc5pBOv1twf7ajy+svxHOljaYslpHF7C5bcR6etBf5U7uyxPLb403xmOOUodTAg/rLyIPOetU/imDNxSo3nShkp5ELFd5U0Be5mbWTNbP4lizbt5hyA0Oxqu8Qsph7aIADcbcxJjnHSmfbC59AfQVbKqaRR+MMuBYtGWU0kyR586QdqcToT1aKE9mt/Rx5T+FR9okzQswQc3mY5VGUVrAlUiQ8TyoTzIApd2WxWa8I0Gpb+yN/spbjsRKHptrT7s5wkPh5t6XW8LgndVaSydCREr+zpTteLQ75D7H3Zj1JpHxvDlXnrr+dNUSCoJmNPwontVhxknmGAHnIOn2VxSRFkOE4aQFdJKsPF5U0wGJkqDy1B6+tKuz/EiLTLPl8DpTTF2hAy8hI/KqvkmgWfdqMdCjzJrXXaHDCRcXY7+tbFw75zrGg1nr1qqcUuozMqjTWY61XFIrjEUh7annbYfJv4067vTUfOknBhDvbP11I+K+JfuPzp5gLpYQdYpsuw0hdiMKXuIigeJgAOXmT5Aan0rPE8Na2xkELOmmh8x5H51aOAcPyZnb3jovkvP4sdPQedLeP8RBaCNBoBsD1J+4fxpr8XcTwlukL+BYkhyBtuZ+yPOmHayzmtlhy1Pp1oTD3QRIAEmNPKrIijKDyiIPTaudz8a0G9xH2RxhyxzH3U9x5DjzAMVX2t91cjkdV81PL1B0/wAaZ4tSuo25UZu90CRAjQg8lpba4sIg0ZxBiQ0AkxEASfkKqPEeG3beXOpGaY1B23mCYOo0OtHhUndhx0NUJa4gGxYVbONXfF6fcBQvZrhNs27VyWVxmzjdWKseW6mCu2nlX3H70Dzf/wAs/ifup+I50BtMT5yRPImmq8FYCZWCM25OkelLi8Ks7GR91WXht6UXnpHrXK9kKA4PFq4gjyg0p4hwLLcRk2zqSvlmG1LuKYpgxWIgkfbTLgOOJdV1Ikb8q7NLirTKdg+45Y8UjkTSgWc2nMa1Yu1AhGbp+JqtYC9qPP8AGuSWzsnFll7OYHQE7b+poh7/AHt1bIPhnNdP7C6sJ8xp8alw97w9IHyqLhdhLSNcBzG5pI1GmpHzroxpe2AMOI4nMzOfCD9ijRVHoAKreO4/3qsiHKBuAfe8yef3Uq7Y8bIWObaachSvsthyJcwJ01IH3mjG2tQ6jtY+7P4QO4n6mte9qrbXbi20E8vKmHBba27b3JBknUGdhtVUwOJuNchScxMkirRaStidtmwMPgThUFq3AuOPG/MDoOgqO2gtrvJO55k19h0IG8nmT+dTG8mUgeJuZ5DyFCTcltyAIMTJYORpIBA6GiON4q1bUpbHiPOh+I3CoOtVzilktBB1rmjNJ0aiHiGMdfCTvrU/BeGXru2g/WO1Hdn+zDMc93ReQ5n8hVsXHIBltxC6abCrOqsaUl2H3AOCJZ1HiucyfwHIUm7Z8RcDXQGdjSfGcQa1ic5Jy8/NTuP56U/7UWRctErrpmEcxSSn3AUN9yj/AKcQp1qvDEtO9MoBMGhTg8skAkCJMaCdpPKarjdIvFIbpjCqDWmXAeMXZ945ehpPw3CF40ms+I4op4djWt2BpFuvYu1c8LgA9RSrH9nSNVMjr0+H5Uk7O3AW8WpqzPxMqYoSl2MVorvFcPlEEb8+tA4UkGrdxnDretiDBBj7JpZ2e7H3rj5VBPnVIpNUx00luScILEzy5mmGJ4c94iIAPM9BT/E8DsYe2Va6Xun6iDwj+28/YKpPEuOtsNPTSo+DuZP2z2LJwzs5aU+Js7DeNqNxXHgsIizHyFKOFPkSWOrUo4txeAcnPc8zXRSBo7y1ntGEEsczclGw9TVU4txV7jSzQDy/hSrDvIk/bUJljAottLYdQotXZXEDvBHPSmPaxIho2qvcJvBGWOok1ce02FDpvHwn7q4225CPmUJsQSabJiQFAmvk7Nlx9Hctny1B+2orvALqjVfkZpnjoOwDxF9Qaf4bDB7QB61X3whXVgR61YeE4VsgbqanLbc1mVu89o+ED1pjwbiJdipiYmBSftC/hobss8XFPz9KfJGo2bmMu1zZYMb1WbhDVfu0+DzWzzjxCteiyxMdelLDkMnRaOxmEg5uQ29aZ8cxNS8LsC3bA8tfWkPGsR9tMid7kfBsQSx9a/Ryvzp7NYUqC7f7NfotXx7rVdvh/wBf6J7HRT9t5P3mtP6T90jhGLI3+g/4myK467PoGGZjNdhf0pv/AOHxf+4/4mzXHXZ3B5xBYqo3IE69NxvXs9WMU+jJv/ll+zAl0kv6zyfxLEb6qoJMLHrvXl/tAjwA40EDQyf4VXe1+MAAtrsP51pVwtNCdf4V9FeS+zkeTGFjniXFZYKPdn5/wr1dT5Ukvk51pq1wANzMfAT+NTm21ZRRpEnDrvjLfLTmac4nieW2dAZBGoBgkb/GlXBdFk9a9e4Hkcj/ADNKobUahbhGuWouo0Hy3qa9xlr/AIWbUkkk8z1mscW4G/Kkbt9YaVd4o2m0Mm0WfgHDGFwEjQGZqx8TuQCRqRypB2U4sWhG5U7uNvTTxx5EtTi7KfaElncHfQAxP2GnPCsoBKjKWGXc6rzHoedLOMLDeX2VjwrEy+m2XT4EVHfzDu5bj021voEtjK/MTufKkl/CPbJVxlI6/h1FCYvFm3cJUwQZFW3iPFhftIHAJjVxuPIHy5zpVmouOoHtRZYwKshYMJFK+GWSAzHc+EenOiMDwy6rQoLBjEjaPPp8amxy6hBy0+POkzPZUFsc9mcDC94TzgDr/CiLt4NIBkroY5Zq9Fsi2F125b/DzpJw266qSlsQZksCWbKepPh+AFBpUInvZPjeFlTHeFi/MiIj40NhgASIByg8p1661JiOI5wNNVaT+sBEFSOYB1kUXi8MFQldQ8ENz9DWmvFtDPJJ8zPh3EsqMxO2w5eQjYfCseHXypNxvebUk8h0HT/Ck2JugELuFOw5seXw2o3FsxSIlj0jQdKi02rABXsSSWYneieF4Y7lSZgiOY869waqBlYanXWjcFiogDce6fPp8atDElTZm9gbjqNauBc0K2wOq/I0pexbY6gg9bZkeuU/gRVz7Q8M/TLSlSAynWdCpG4NQobWETKviuEanmf/AGr5c+ddLw1vYFIRYLBLmDAhgo0jfTy3n50ZgcTNwGdNYXmI5mqhjOLuXLaDXYafdVn7OpcuOihA1x4CqSA8HmT05+LWATtQVrmPJOty79keDrcud7cH0VnxmfdLjVVPUCM5HkB9aq57R+Pm65WTGx11EbCf2TJPViegq19veJjD2hhrWpUakbu+7N8DBA/1Y5GtO4a/MgyWmdevMeXlU8lv2vYTgu0N7PFluMupBWfIEbH4iR8afXeMFbb5feAn8/spXw3iy2gc430A0zfbyrPvBmkGQftB/hUZS8ZSQ7dswsYvMuY7RJ8/KsbV/MJGkgj4j8KAvu/eC0gzEsFCKupJ2AUCT8KvNjs1aw4BxbEPumEslTdjrefVbMn6ozP6U+jtGbSKLhFDkLux0y7knpUuMRrb5WhQPlHl1mr72cxiNfJNnD2bdq2zqqICw1XMbtxpZ2aYhj8BtSft9wz9JRmUAXV1QCACv/VwNPQ9fWqtxVG170VVeKEsJZQF2A29YG586JvW7TGc+Y767Vr85gd6MwF5joP8a6nVbFnAuWK44TCgwNtBHpFCYyxNxSwzAbgmJHSd49PspCmL2Ea+dOLjFyijdiF9J5+gGvwqEk1uJVF+4aYIgwGGYgaCNkEdBqY22qHjgDmOWketA28UJMciAPQAAfYKjbEyxE6iD8Nq448yXaBYuQcpABHTUHzrLGY25lyTpy/L416uJRmKvp0PI+XlS3iKFCRMqdR5fxp/auzci/dgMWBag+H3jJ2AG5PpFa97T8ZzXgighM5bXdmbdz5kaD9UADrNlwOLgLbbfdvPmE/2Tq37UD6pqv3cAoaXaXkkRsus6k7+g26muqWbUtzQpNthdnHlbbpyfesO0HAlVbbM5AZdVG5PkdgOszQGPaPn8/4U74dxIPbKmDk1EgH00NJD2rZt+aEGATu2WNVOk/n0NbM7L2AENxtAAT8B+e1URcbodFjTZVHPyE1ZcX2gVrKounJh0A/M0cWRPdizk5bCx+PjO0jwkkwNCuu6nkeoOh59aPYaBlMg8x+XI9R941qh4zDvm092eutXLsfeYNGUkRJ6Dpm5aHUVOapWUa2EfajEfSrPwortXipsn0Ffe0rh8stxdYOVgPq8xI6HXWlnE8RmTL1iqXqSY8eQT7ObZh25QAPnJ+6meLwkuHPuqCSOvJR8WI+ANedmbGS1pzJ+z+TU/Fr+iqNToxA5sdFXz9POoZpWycpWxTieEC4wgBQdWjaZ5Dl6DSo8XxkWvAg90jXoB08zrrRQw9y0TnVgDrm3E9JGg9KqvFcHm8QOpYg/AD+NWxeNsx4Oy9YPFLdAuLvMuBzOkkfIT86ccRQOonqSPUAj7JqmdjVKoBOuc/aFqw8Zx8BTB0kQOvnUHGpNCyQhckZgN/yq28Ju9eSqD686rKPqOW3n9tM8FiN/M1NdwtB+JnxZDB1A9Rt8DVExvFLgaCzDyn7KtrYyHCkQrbN1PL8qSdruCsS1xfdABb12Mff86tipOmUx89xTauZ7iNOoI19D1q09n7Y70j+QN6r2Aspbg6s5A30VZE6AasfMkDyq39l7E57n60KB6an7xVZNSdAySXYE9puIBF8zoKpGPuFjI16z+NWftasoT+qZFVHASxAALFjEDck6ADqSdKWW7J49txjwKzmyLBjdsu4HM66AbamrZxKyTbyoANIGvLqWPzn7KMbgf6OmWZZ4zt5ge4N/CuvqdekLcBjA2YAzlMH4/hyqDvUNduxXxCwSEDEErrImD1AnXp8qM4fd1IbbpUmKtfmDQvC2XI4JGfPIjcDLBBPSRt1orczMVvlGLBlMbqCdV5jUAbUZxvDd4nh1MZrfKfLyJGnrVesf1hESddOvlNPuH4+TkiCAY00ke8vy1GusGhBbWhES9msCy2irsubPmCg5mVWX60aCSu0n4Ul47d+myn4fKnfD7ZF1yPde2DpyZXE/MGfiaA7R8PJui4AdgDEbruY31EHQV0bSVsKe4v4jb8C/2vw/hTHgjHLG+ukefL50Diz4T5EGrr7K+E6G+0ZdRanbT37novug9cx5CuSMXLYDdI13x9IuseTQ0dJGv2g0b2dTxT1ZR9ophx/ApcYshgAnLpuJkfz0pfYvMty2NILLsAOYHKuvWtFdpTV4pdOP2syMI30+2qQFK6HdTFbJAHimqb2nwZBLyCp2jfTqPxqEsdxsmmMrV3Nb05iNPkah43iAqIo2Vdek86D7KYgkEamDMROnOpuKYXOrAgrMj0I2I8v41oPahrspZud65J91aKfE5iqgHKTlmNCRE67SJHpQ2B4aVLBpCqfF1J/VXzO88hr0om3xWLikgQuiouwHQfiTqTvNd0UqpFXyCcJdZc9rqdvMfnVk4VhFsIWb3jv+VV/id+bguAESQYO8ipu0nG1J6nodh8OdQxremSUbDcPi3dj4iqHQenlUuH4ioJRRA5H8/WkmCuwuYzmcafsr5evXp61PhcE7kKo31Y8gK05ty0xM2Pe0A8E+lQcGKgBjuDtRnacAWwOY3qm4rihVkXkd6i4vVsKtxl2y7RvORdAdo5zWHA8VlYJ1GvrRdi2jMC4kDaKi4s+HDo1sNM6nmPSfuroXjwKpKqBu1gkqfhTTsfxHMpQ7rt6cx8KW8ZtkrA16Ec/4+VQ8HIsEM0Nc/V3VJ/W5M37Ow5ztUowuJqCsXwJEu5rrZbTaooPjcnkB9VQd3OnSTR/ajBM1sBAFVdcijw67t1Zv2mk/dWHaS33qTuw8QPM9a+7I8Un6Ntx7pP3VRN6bMV/A402m6jmKbcYwC3kzL73I9fI0H2t4YVcldQ3LoelRdnXZNDsfsp5RtakO+Vi3hiBW1Go66a0za7nKwIMwam7R8ELkOpAP1vwNWTgWCTDZbj5Xv5ZVCJS2OTuD7zncKdBuZqcqe4s3aHfCuzqBO8xBFu3IKTpccjTwjoZjMdKB4x2nnNYsr+jqNwPfcdWfcyNYGnrVf7W8be5LOxZmOpP86DyGlY8FuZhBglVJU8wBqV/sneOR23NaM0lsTjHvAeM3sqsSfIUqv8Ee1cHeDQ6hgZU6TAPUcwYNWEcPF3Kp/WBPpOvzFMO1KliNIRdSf2jy+A++tw7vyjqVbFYx+JZ4CieQHUnQD4mj+0fZS5aGYfSKB44HiTrK65lB+svxAp72Swys3exC29E/auEb/wCwDPqR0q04QBpzNlEGTMR6edUlOp6UbXTNV9kHDXMpE6eHTnTDitlEYkpIbfUqQfIj+Iq69mrlgYle6UEJuAPm08/Os+3fABccFICtuP1fSnlB3YVK9zWmFRXaLZYNvBGbb9pRPzFbFw95e7BJBgCfI/nQXD7Vmx4EK5juSdT6n8KjxuHzGZ3G4/nX41Garcm3bK9xm8neBk8JG5HOp/8ALY2zFTybz8xQ2J4IJ1fL0HKf561Jhez0GSQ3Si25DPYYYXOQc+VhyjnXmF4sPdAiOUUwwuD0nY8qWYuzLQIzDcdfOajKzKgbi2EZlPOdRS/s3aIcyIgUVxvHEEAaZBHrzP21nwbGFgSYEVV247jFnw+KlB5eE1WuFcNPfNOynT8KY8MUqM8EpcJAI1hhyPMdec0zWNyQOtRit6FfIH4reOwpMOFuWzOpC/h6Udd4qFbw6z5bfwrDH41iIJnrVZVFCEWKxP8A3RX6I1+cZJO23Pzr9HK+NdaSpcN/3PoHtdFqtXk/ea8/pH4YPwrEqSQD3Mkb6Yi0dPWIrkh7iWliABHhUbn18+pNdb/0j8Vk4VimiYFnT/f2gPtrhXEYx3ZmY8tByHkK9vqxl/0vJ+kl+zE5ulFeVfB+9kWPvF2J6mi+FXoaPKP5+NC8Js5nE9ZNDXMQe9Pkxr6Go2cNDVrhnXfaecVmxhfU/dUWIOoPUVldOw6AUsjInvYrTKPiaEwmIgyeegoQX5k9TFMeHcJLgsCAF0E1ZIYF7VEwCOelDYUQg1prxbAtlgiOh86UOOXSqJrTRnuh52Qf6SrFxa/l186rHZH36a9pseFEczUp80JJGTXs8hdAN2OuvQelI+ztvLeytuA0+ek6etG8BxwIy+en40Wlkd6rkAwCNepEKRqNR5yKbsNFuIt7TYdczNJzZRAG3LUk6mRyEetZ9kLLuxRdgJPICefrTEcN7y60nwrln4CaqnHMaEvsbTHKdNPTUedHDG40xo+MqLlY4g1uYPlQfBrea5r60m4biAU3ny6U04NjwreulScd6YrQ+4ziDAVSQXYCRv567xQhxT2vC/iTbMNx6iibRBbN0ED1O9CcUv8AiA6VXTsTV3Qt4sdQ6aiNxuCP52o/hOPzoQ2gUzpuW6Dp1navreDBzkHKRrtKtPIj8aX8OfXLtvI8+o61B2kx2g7HAZQyKAV006Hn1J8zSPEGX+Qp/ZeDHWpfZ92eL4gm4AbVoF3Y+6d8on11M7AGeUphi5OhGxb2jsELbYSMvwkH8POpuDYG5dJK+6NWJ0A00+PkKs3bPii39Ne6Gi9T1Y9CY0HIR51XeP8AH/D3doZLY0gbnrr58zzrrSVbjJtoccN4uQpQRM6kc+R9TXvFrdsrnCqW2bMM3odfvqkcDxcFtToQRT4XJMjZhDD0BIPzo5JtQafkBKFbg9/Bko7JbXwQSyoPCJiSQNKt/szwIw9t8Y+rtmt2M3nPeXPsI/sq36wob2fYJ2a46tlCLEnZmb6jDmpAMjoRWXbbiBe2jLAtKO7yrEWzPiGmniyqo+I51PG3pt8zXexUeL8bFy42afXpz+cmT5k0NaxJDKWgkEZWG59DvHkZFCcctCc3Ij4z5Uqt3GDAn4eVDTSKaaLGvEXz6sxE7Ez99NezfALmIkW4CJmL3HMJaSZ8bddYCiS3IRJCC43j+NOO0Pa03VNi2os4e2fBaXZjsXuH67neWmkilW5NjFuJrYcjCQ15xlbER4soEHuwfdB6jfz0pZYwZzaks531nzMn0kmeVJVvwUMkQSCR0NWTs1gyqXjJY5HCnmc4In/uz86tpuNjqO1iBsayJcZeZVW/skz8pAHxp1wHjOZd9RSDJmRl66fHelHBsUUIJnTcTE+VJBXEKjsNu2vCxJuqPePjA5E/W9G5+frVVF3XTltWxMBi1uDQSpEEH7Qaq9rg5t3o+rMqTzB2HqOdXwyfJlIPvA2aQWA8Q9786b8DOS2907gZVHm3vH4Lp/tUy7ReFFgCS28DbzisrGHUtbsuMwCs7A/rETy6aD4UZz2M2YYd/tCn5qDRWHYK0mIYRM6/Ac6XYsQzAaAED4ARU9rBtdUKgLPPhA3M8tfxMVxrmSsKYKrBiFB2DMJyjmQDoDrvE9IojvUgd2S52VmA3G7675dh1b+yaAxGFzIysYCqAx56bx110HwpHdxjM4W2IIiByUDz5BRufXrVIbqg1ZYMRgzvOoPhNJ8RiddRoTv0NXq2UXDISA1y7JB1hUBjMF5FiDEg6SelULiqkMynnqPPpTTiIkF2MTpBPoen8Ote4XEvLKzSAvPeSRHkR5ikuDxPLl91NUeFPwE+UzHpNTtxVDtUh12Xw4bNIBERrVf4pe7u4wXUAmrB2axGVST/ADFVnE23YkkTMmdtPxqkYLShYxthiGy6jW4hnXQOvrHhYfNqunCDltqqMpUDUropjmdASesiZrWSvB8jV57O34tjoDHzpM3tBpLYa47DDNmkmR5Qeogjb7qoGPXK55g7HYQenmNj51duIg5GUdJB/nrVOxVsNCnQNsejcwfJh+fKnwS7AwZasMwFteQCgn76a9nsFAN65oTLCfqr+sfMjboPWl+Aw4d4PuJDOOR/VT0O5HQedM+Llrzd2B9HBN1iSIP1FBG5nxEbARPKioq7JT5lffiRxd7IDltgn4KBJY8sxA+EgUFxXgWWWBlRJI2P5VYuD8G7nO7Kqs/gAUyIGpbynQR6mBNJu2eJhMv65+wUqb1bDRe9IA4Vf0EAABhEfj505xlo+JmAKkgR5Dn86QcOw5VZPMjTpRQ4kbhcElchGgAIO+/PkNjQa3YzQ0uOpcZY8I+GgpXZxPiYeY+2p7A3J+J8gN/lSt2AuMP7J+ylSsVFp4lcsOADNk6EGS9sNyIkZ0nmJdT0FMWwLGy4IBDjRlIZW0OzCfkYPlVG4lfkEVauxki2dd4PyNGa2sZFLvjxegj5CrV2fv5LVwn6on45fzpSli2cQQ7FBmOoXMJn6wGsHqJjpRXEr0d+oIOZ1WRsRLGQdNCBRxga3DMQM9s/tLP2chTX2Xdmu7m/c1I/qxyEic39qDtyBHM6JOy+EN5kYbZsoXYZhsPJRu3OB51eu1mJKWSqbKILt4VLHU682c/VEkDeBrT3uxHtsU/t92h1yg7mCein8T91V7hH0b5p8LCPUHr6HWlPFgSZMg5pYHf18x5jSjeHXgZJ2XkPs+dVhBaW2XgkkXPEjSkfEEyXFYCFuT8GGjfA7/Oj+B4sMscx16fw2n0rPiFvOhHMar5EVxWkyNlfZPpCNpJE+o3+G9CXMQy3FgxEn4jb4UVjfeU7SBPrsamxbZTlLSABpE8pEz7v300NgrYtGEuyquPdca/smYYfBh8opD2h4jqTrlTRR1/iTqf4UV2SuZR3bHVyzgD3VJAhB6ga+cDzofthaypMfWGbTlESf53o83SNSsn4Hw84hlQGM4lm/VUCWb4Dbzgc6tHtB42tpEw9vQZVBA+pbGip6tufL+1X3Y1Bh8L3jjxuBAO+U6onx99vKOlaw4zjrj3nLaktqes7fIVWEKTQFHUywWLm4qLDJN22Ojp9hE0f2LwguYhFYZlAZmBmIVecb6kCOp1p3xrhtpLiFFysx2kkbjkZj58qjoaA+dB3ELnLqarOOQlW8qsIGa4vlJPypZ2g8Nq43l99CUnyD2lPwjalZido68qI4HjSrmSSDvPTr8KBwbkFGG50+elODgwTmHWPs1B+8VnFpmog4/auMoZdyQMvQNoD6zv6+VNU4FatZW1L5RM6ieZA5TQvZrFsUEghkbIZ6Db4jY+gpVx7GPnbePLpXXhv2pRJ8i5cLtpeVi6glSAJHKKrHbXhKG7bAQKuUs5AiQCAB6nam/s2clLvqv3Gvu1wBiN10PnUZ3GboVbMC4Dh1uP4pgRAGg3iCd4A5Cisdj2tB1WJBIBPKDFB8Jxqoypzffy00rHjt6LzgzqQ48wwBMfEmhGLi7Mo94RxbEE2lJ3MSfOKrmMAIG09I1o7hmQi4rNDmO7LaIsGR4gdJ1U5hA0oZ8Dct3Rntx4dM4Ea7Oh1VvUSNade2sKVMw4XiTqD9XairGEDN4RqdfTrPQc52r6ziWc5S3PnsIr3GYmBlUwOfVj5+XltW8IlK0a99iZr+UGCY2Zh56eH8zE+hpbirJUA+8p2cbT0I+q3kfhI1o7gVwkEAEk+9pIPlWNu53ZJXUHQg6g/skVTE6dMpHYO4bjmFsbGDBBAII9Dt6iDSfEKUeQYHvKZ5bx8NvhTHBlSSU0ka2yZI/snmPI6jzoLjmHlJ1lOn6rH8DHzNZeLOu83aPb2IFy36/YRVR4lieRO2lTcBxxDFTsdRX2PwyOxJaPQT+NNDxW12BSplk7K3TlXn0za68p8gaAZ2lixOZiZnffX7aCTiGR0EyjeEQPhPqDrTbjOHZiHUTm3VQSxfnAHXf51Ke3LtJy2EPFcRLR5Vd+y3CMlsl18bJs31VI6A6Eg84I2obsl2MYP31+BGqW5BIPIvyEclk6xO0VaMTxS2CFGuYxp1PMnnSuBKUt9hZZQKIHL0J+dCdp+yWMKqYBQ6ghwVAP1jB2HlNTcZByPl97KY9fuqLsrj7ostnJUOYVNRou7EHaToPIHqKOKSim2FLtDLKBFW2vuoIk8zuzHzJk0kxfFi7hUBZTy5Hz/AMaw7U8XW2uUzLg6D9Xmfjt86CwXa22qQqQY5a/xp+HhfjMdQdD+xeSywZmymPdUfeRRmJ4r3inKdxy3rWP+UyzaySTHUnpV14L2QxEB2iwnW6cpj+x73/ey11NIOlLmyscTss0kHUGCSftq58CwuWypLq2kaEnX1iK9ujBWTmYnEXOZI8M/2Acv/ezV5c4+L40GULsu0fAaD4VDLHa2K9yr9qMQA++oFQ8L4gXIAaGB16EfmKG4/gszMx66QdgOoojsXhwHYHcgxPQbzRrTCytKi5Y7EZVzdN6qmCxrd4zTGmvSCf4VJ2i4i2WLZMKY8zOny5RRWC4DeW1cLLHdZO811TPqoI5+Y3EialpdbCVSIcdiUYEPpyDjl89xUITu0y7zzGxqa7hCtvvGXwMSqtGmZd19RvB5ULw/Fkuq6EOQIPTmfKBrSyuqNd7Di5xcILdrooJHm2pPrGlSY8yCPiKQvh895rgIKHaOUaQfMR8aaX7u3lvQcaqjVRhZaBJjy617bb40B+kz5CsrHEdDlgmgouT3NzGy4bmTAr9Ea/MK1xh88XPdOhFfp7XyTrZgorhv+59A9foxNavJ+81j/Smb/mfF/wC4/wCJs1wz9UnmT91dz/0pI/yPi52+g2//AMmzXDOLjQDaPnXpdWj/AOlz/Sy/Zgc/Sf8AaL4A7s9a3NJeJNldo3zVYuCGFikfaKRc05619MgvGRxIlTESoNEK86+X4Uvwr6EaddKJFzQ+kVKcfGEa3IbKjrr5dauuCtZFVem/qd6qfZizLZj9XX48vzp5xDHlELbnZY3JO1V94Mu4g4vjszkcl0+POkeLePur3guDuMTIMnXXQAcySeQ5mmV1VErbVGnRrjkSeuRSfCDsIE+daknRkqAuA42HFZcRvG4zH1isw6FhKDTQZfCB8ANfU15YjK5+A1qWR29gNpgvD72UyDEVYhiwXtgagsD+XypDguGuw0XfqQPviaM4WPpraj6rDby3puxIOzQy487SyIPETLt+qIAA8qQf5Htg/SuwB+ssaTsSCDp1pnxXFnM5G5J+ypuAWVNtmuIrktAzCRAA216npXTGNQsyelD/AIVgLdtBaEFWHiaNWn6xP3VW+KYTIdDMGD+FPsLeBGUCMo0jbL0+H3Ur7TIZVwCQRlfyI2Py0muOnqEu2TcEx8jKd+VZY5PHFVqzdysCOVWIYsMwadhXRCmjJGXGNNjyGvWOVKMLsTzkGmFvxoZP1ifQGAPhpSbAXD9IDyYKB86g4tsKQ+N2QD1+/nRNu+ygspOUwLiyYYAyCR5VlxjArZFu2zfTlS9xOVsGMiH9uJLfwFYcHxEHXbnUo3CRMi4pxBWaAPAwExvPX1H8KRcQbKzKdIgg9QdiP56imfB79oXR3gPdE6wYZJ2I6gdOk0w9oXZsB+7U5pXvLD6eNfrIY0kiCPODzrsinzKRa5Fd4IgzH0pjg7jC4igSXYKB1J0AoHstbBkzAA1J5evn5VduyxSwr4y4JCEph1O9y42kgfHKP9o8hRcU9mGQ87VX1wtm3hlMudXI/a95j6+6v7I8qrmGxoBKlQUYZXXkR/7uYbeYNVnG8Ue5cZ3Msxk/kOgGwFNLr+L5H7K51LclFFa7dYNrNwD3kcTafkU6f2l2YfHnTPsLwdbgN2/K4e2QGj3rrbizb/aP1m+qJ57MuD2BdW5h7stbRg6XFIzWpMAT9UnVYO49Kx7U4zZAvdpblbdsbIoMa9WYyzNzkVeVRjyKye1CDHXPGSBEsSB0E7fLSgOK8TOqgAQdYVQT6kAGprrazSvjVqbhImDB+MAT8TU8C5oONWNeH2meEUSxIgD+duprafCsCLVsWxqR7x6n8qV9g+B9zbzv/WXBt+ovIep3PwFSdqOJG2jFd+Z6TQk6VCSdukVftHZVHYLEE5oHI9KrrWl74ZhKuOsQTpPwOtYXsW0Zt/F4p3jr8KzxgLLpuNRTY4lEqMsETZvMv1fwOx9af8XsZl094aqevl8aUcXsZ7asTBUeKvez3Esy5Tuux8v4VaUe1BMeBuLh8TN4TJXyGuv3QKZ4BXe+uRS7MGgKCST+A89AOdZ2sAqMblyUS4AdAM2WZYqDzY5Qs6ak6isOJdpDkNuyvc2zuqmXuf6257zny0QclqblbtiylvsFcU4ctpm7x1ZtzbtEOV/t3B4AeoUsRQHC+NEkhQEUAmF3MfrNufTQeVK8aCQeW33imluwiqcurABWaT4iTJgbBREDmdZ3qEtlYp5deSF5sQW/Afj8ulKcPgz32UGAxIPkDqSfIDxfCm1rAhi3iKmRlPoOY6TX17DFSZjO8JI1GWdW6jNtBjZutPiVIK22Db+PzktssBEXMFORNFA6aDU8zNLeI2sy/tLrvQl7xNA2Gg9BVgxnACEzI2bMASh0IMahTsw9YNaNyYsWUe9YltD502skhAJnU/DyNRYXg1xmJ9xRuzSIPSNyfIfGKsXZXhVq6e6e4bNzUI51ts0nRwdVnkQY/GuRJqkVm9jPApFuI3EjoeR+XMUFxs5bZ+Q+NPMPgHsXO4xAypcJ7u6JZA+wKnTRhoVMHbTnVU7W4h0Y2nWGU68wejL1Ujb86aEewSCtirCWyxVRqWgAdTsK2RiMOFtBR9XQnqeZ/nlFVzsLgjrebzVPPkzfD3R5z0phxLiea5kHuqDPQt/D86jmhaaQZIYcOu5l81+6puEcBs3HIuM6NOZIy5TG4hlOq77wRy0pXwO5BP3UzbRgehDCDHoJ10Ox8pqXDz0vclvQ4HBltEqrFkJzST42J0gxA0jccuU0ZhlLaDQDcjl5D9r7tz0oG2WY6n1yiAvkNzPQkmBrWN/iU3VsJoF8d0jkq7ID1ZiuY77jrXUq3ZOmScYOsDYafn86ofG8SO9Ytsmg/n1q8Y25oTVZxXBEvXoacptk6GPEpA+OhHyqMGk7ZWGwjwOPNxXbkGUD5H+FHJwooHdt3ywvMAbluhPT5xtT3hHA0sg5ZJmQWjT0/P7qV8b4iCci68y3yGnz3ppVJNmlNt7AOJ9z+etB4s8/LeiLh8B+FQYzGwuUc6lFbhRndUXCYhG5gCEI6x9Uj5HyNXPg9sKhH6qj4671WOAWwFznUt9gHL4094Hd98cgBHlrTyXijlV7S6XyfMGnnAbJe86QzErqFjXoSCCMoOpmPUb0u7Q4ObmZjlXTYSzkxoi8zykwB57UyOMbW2gyg+8q6lzt423ePPwjkBS4xGy3cAwyWASMrZQVhT9Gk6t4t3c7HLI1InWqT2047euXIu6KvhtqFyhQdTp1PMmSetPbmGdlW2gkDf1+Enzoy3ggEK4ju3AMDfOpjQZtCSOemnWulRVbipo13eAYQ2oEwRuPTy8jpSx8AbbAqZB+R6jyPka2Jh+E4ZiVJuIu42knnJhmM7AzVf7Y2rVtyiBsgAnO0lidQ3l0ERU8dr30UjLsIuzqXCc1tHYA+KBoOupgfbT+42swfWNKpdziz3BqWge6CdI9Nvsqz9j+LsVKk+7t6H+NTnhWqhJKgDjug6mdPjzpQWgxMnmatHaW3m+In5VT3ueKhprYZKx7wq7F1B1P4GrlhsOLkSJH1gdj5fGtccHuk3k/tfgavdjEhFAmC7Bfi2gHlOw8zVPBqIZRog7S8a724UB0tmByzEgEsPuHkPOqpjTDzG418uXzo/tPhgJfqAp9QfCflp8qTcQxJNtTJmYJ9f8ACng9xoqjYHsrtiL1yP1bQ6n67/8A4VB2jxc4pRyWPxJpp2Pwvd4e2p3INxvVzm+xco+FLseQXkiYgg8wSOR/Dak7SV+MNeBtJY9BHzpR27kWG/tKD5a007Mn6Nj1aPlRf6Mp1bYcphf9rqPKoJeMbVTs1s40DjaMqwPDPPXaYqXC4zKQd1YAEenP1H8OdWHtXxqyUNoa7QEACrzEbD5daqrRlWCTGhnSqZt3Zrb3ZaEuQBBBB1I1kiN523jelHHbcwQOW/X+NB4nExbife28o3jyJEx1mh+HWZVj5QPWjjlTHT3Lf7OYy3Y3IEiOhjf8Kw7S29vkag9nT+Jx/wBnr65qN7SWvCD0b76Sbudg90U88VCHSBBBPUgHY8/hRXb68RctMNVNv7mI/wDKRQWO4MykuVDo3Ma5fUbj11FE9pFZsNYcAnLmQ+Wigf8AlNdMVdM6JSTqha9yJJUkAf4U17Bdo2lrV1ResHe031T1ttvbYdRVYxWMJgGdqacIw+QSJzvsBuB+Z+6i/FRNrYuHaDssqjvsMxu2Y8QP9bb6hh9dRzddRzHOqng8IzuRy5nkIp12dx120ZCvEwy/cw8x9u1NOL4hdcmUGfEE2k/ZruQNK55OKVkboWYi8V8IgL+zu3mfy++ld54McjWPFrpBQ8ssH51jf8Sxz3U/zyNGNumOhbcuQ4IJEa1YsJeVhB5yreh2/nyqnYy5I89o6HpTzszh2zMHOUJo6/XJ5QOUH6x0HnNWnurKy7wNQA0EMIkEgjQjT5VjbXxtB0annFsGzkGyviJysu5JOza/I7DY9afdnex9qyvfYt18Inu5lQeWaPfP7C6dZqkZRnEWWRUQ+zXg91vHlVV+rdcfPu13Y+eg86fXbos3iVOZWHUe9zGmg16dYoG52mfEOVtrlsoPETpM6BSZCrI1ygiAKXi8ZyGANgAAAI2iKjlqKojTb3GbYy5dk7IvvE+FF8ix5+WpPIGhb1sGMgzNmXxnRVAIPgTflqz6nkq1FjsXIBdjlXQA7KRvA2k9Yk8zUXAuIEm5cbS1aEAc2YiZPUgbD9oUkU5bh00iwcSsglgdjII8jUeGYOwU6ACFjkANB6US5LKrEQSqkjoYEj4HSk2DvkX1UbeMt/3TlqWlvkKlsLu3/Z1e7e/nfMuUZTlywSF00BETPOlHZHsZcugXbrCxYOzuPFc8rSaFz56L56VfeO44W7TuUW5lynI4lC2YZSRzymGg6GKo/EuNPcPeO+a4wiWOiL+qijRR5KNtK7cXtS0ZNqh3i+0NrCiMHaAfY4i6Bcu+eX6tv/ZFVDifF7znM7u555ifjpyojhCB7iAmRILabAan7AaH4ziAzuwEZmJ1jr0qsRoxQGmJbmNKsXZq54X5bGq5aSSAadcPw2SVUyzcuQA5k7Aee1DJHUqGktiLGZjcIXcn+Z8vOjnvhVIXc+Et+t1j9kcutLeJ4wgZLZDMxh35n9leeUfbUqEACTAURPU8/tqM26SFZ9w+M8NAWNCdmP6p9etXvhvGR+jYhDqbxzEzJBWIB+A+2tdJiUMsBouxPXyFE8E4gTm1GonzH9n8aZPS9gUbF7GY1Dhbli8Po7jyHAnK8L72mk6ZWB3BB3FI+L8ES0xPeZcysqllICk7sBAO2gHnvX3AccRaKToxMjkZ01HwpPxXiqscjKLgUQJZgwj9Ugj5GRRi1ppipEWASzakd8zE75UgfaxqY4uydIvEEyT4RP2GkwRVOZdjsDpHrvr5zUmGuEsI66+lSk99jNWO8fesC2Yw7ZiCFa5cLCeuUZQD86rnCMI5OxHmNas/6D3gyhgCNep+VO8IiWgBp6nn8KrCVxqjalHkJ8N2XzwX5dN/4V+i1fnvxLtGqjTX7BX6EV8c62ltw3/c+gep0U29V+9+81h/SnSeD4sf6j/ibNcLXt/lXd39J1o4Riv9x/xNmuC8Xeg9Sdq9Tqwg5dGT/Sy/ZgJ0lFvKvg/iP8JcUADmfMTSzjmHzbCYkeYpe2MC9Cem9TrjZEyQR0r6d4Kt0cWmjDheDcGWQhYOpGlSLswqYcQLCDMx10PwrLAWSx+01PnIXtGPBsPlTzOpr7jHDMQ8ZAFQDVy6r6k6yAPSmeGQaTQ3abibXIVNF2B2WF59IHzNaT7e0TU7BsGVtplTxk+9cbmR0U7KOQPqda8scHW4+cuVI1gAGTP2DrFe4DCqixMk+8x5nyHTzOvpWdm9BqMm1ID2YBicGyPB15gjUEV7gcC5iRCHUkkAx5DfWnN660TIAOuukDn6zS/HXkYHUk9ZP2DYClWwEfPcMk9AaH7On6TN+qCfkDQ2GuEaHUc6LwYCq7AzIgD1Osxr8qEVTNyBXVmICyxZuXOelP8AE2TbVbZiQNYPM6kTzjaaM7M2Rb8cDOw5bIvQTME7nXyoPiRkknmZJrpyNpJB1N7CTiHaJrbZVHiEST56xHpT3BYtb9s8s2jD9Vvyn7KpOGyvdJaYYk6aelOsHjxb0tqFnfmT86WVUUklQsxiFGKnkYrK1dJ0BgzpR/bJcwW4PR/XkfiKUcGbxT0E/HlRXKw1sWPhuKAuRuD4PyPzq5cA4fbtxeyzcmLanUF1EG637NvSOrx0qi9nWm4E2kFnf9RF95v53JA51dMBxAPmf6uiIv6qLsPU6FjzJNCOyEycthBxfgzi8LhfNmYl2jXmZbl4thrWMwaIvcULPcWBA1n4xB5UJabPqNxv6VHJHtROqJcUF1gbjbkD+sPy9ajxHEWNmJ8dlgy/2Zhh8JB+FYsNj00qLjdqPEOYhh8I+3aq45tjIkx14EBl0DkuQP1z700r4pxNj3YkwhbKOQZh73rz9RRHF7Is20tEfTN47mulsEeG0B1AMsf1j5UobY+hpqqRRLcJw+KBiNTVi7yTPp9gqi8PadBMDc9fKrlgbeUAeX30JwSewXFII4jiW/qralUDZ3ckDvL36xkiUQeFRtudzR+IVboDbtbIDdGX9b4cwPwqvXHBcyeZnyAr7h/EocMNI0I11U6fMb+etDVq5k6IuJ2IfKBuxgDQak1beyPZ23Iuv4iuwPu5hsY5x99IXwRF5yP+kYFfiBJq74i8ti1rso+bfHzoJ77CydciPtTxsWwCfebRR+PwqhY7EsXltd5nYisHwd/FXS+gC66sMoE6KInU/brRPE+HXFBLKd9xqPnQlB1ZqS2EePtFRptmG/QzH5UIcQZhd+Z6UxxKFkZR6jzjWKTYC5lMdfnNXxS8QtHkO8Hb8LISWnXXeNqPtXEw4GdQbkaW9Mtvobh1zXOYt7Lu0nQCWsR3f+sj/wCmP/f5/V9a8wGI3EBkc+NG2M/WB3VhuGGvw0rOVithPEscWjMSxYS06k5tTv5RVexuIyNlPqD1FWDjODEd4viQtAPNDGiOOR/VOzAddKF4VgkunK4JgEiDBGuo5zUYS0vcEHT3CbNvMBHMD7RR9/hLqDqHEhpQyPjsZqXFYZVACgiIGpnQDSvuADwEq5mTIjbpz1B61OSsSQqXE+IidjNF3MSSG2liB0AHL050VjMErmSMlz9Ye63LWk3E1ZYVhB3/AMDzpm9hm0E2+Fsu5SegYH4g7UHgsfctuwIaJOjTETy/hWdl9B6kUU5YbGR0OtBNxByGWNxQeCvIDToaWcZQhTcAJAENHI7Any8+tZYJ1n9WRty/hRuFuZTHX5VPVUrFtWEdg+1rP/m95TeslTOfU21HOTuJgAHWSMpBplxnhqYtMnuXLc90xMnL+oxOrDz3B16yqa0iSqACTLEfWPpyUcl9TzrLBY/IzEaEDQnfN5DoNtdz6Vd5rltyGb3tGWPZkt5UGUqMgLaBY3JO0jU6bk1VuGpluCXDdQJ0kdTG9OMez3FYklo8R11PWKR8DwhNxVCt72Yxqco6nYawNapB6otjRdoe4MmSAYJ59Ke4QDJlmSvnrHU/GsOG8HAfxsASNOmY8qYYsBTAjQRMb1yxx7Em0CYnifdp4R42JCjziSx9APuo3sjhiELN7z6f7K/xJpTirRcQNGkFfUH7jsfWrI7RAGw0HwqmragNCjtFcYvbRBMklzyVeRPQffsKYcNUAEDXTVuZ/IeXzmhMRfUZj8SesbfLlWHCcVmzeQ0rSaSNuDdp8RCb7sAaV8H4aGD3GnKqEKP1n0PyWNfgOtNuKYTPA5Tqeg61jxfGhEFtekeg/M7/ABrR5Dlc5EdNaX3LGZvITP4UXh7gJb4j5V7wq2blw21UsSARA1+fIdSdKaC8YaOwJgsflUDoTVm7IuWW44BywonlM7TsSPKvuF4TCW3Zr4nKcq2xJzkbmNoHVjl8jtTu32qGIVkS0tq2gGULqx1+sdBy2UAb0+RrQwuSfIGu8HYkXCyhSQADuORYchA85NOcPj8JYBEm5PMeKfgsIPiSaonajEkNqdIAAn7hSXCX8ozdTt5ChiaS5C6NRszj/bXwFba93PMESB5ACFPKZJFUDH8RjUmOn8/jQV+SZUyDrPTqD5j7aFtYc3byIPrMomNRJ1j4Sadpze4Y40i5W3JVSfeZA3TQ7fGIPxpD2xZjlZhmUDLz0MzOnXr+dXTtHhwRI0yDTyAGn2CktxA6mRowhgf5+INTi9LsMXvZR+G4jylRzmDr8xT3sxey3Y5MCP8A8gfs+2qzxaw1pykmNweo5GrAbGVEvFvECpyxyB6+giq5K5ofItiz8SeCp9fwqn8WsZXPQ6j4/wAaufE7cmP2WI+MRVO4tdkSdY/k1KtycH2EXZ1ibynkJ/8AKasPae8O6kzqwiNwRJBpThbJQZ2WAySp2kHmPlX3GMeLlkDbKwJ9IIkfE1b3SKPdjy1ihetSd3WG8nHP5iaW8HsyoQie9IBHSTAjoRvUPY5hDrMqIbpBOlN7NtQwcE6Hn+dQm9LpCTdbF14tiQFaP7IjkIgfIVX753PL7fKvWuzbHmSflpQHEmy2mPlA+OlLCW5JIumFVVtIqgAROnU7meZPWqj25xhDBJ0iY/nerPhUypbXoo+6qf2os5rrMxCqsAE8/QUu+oKW4mxF0Zc3NBz5ryn0Onp6VjhsFdRPpFIzQyTzDDQev7J1EjrTzspw0M3eH3BIUEe+ec/sr9p05GnPG+JjMLe599/KDI35k6zyEdarXih1dhW+0eHXUfqCPiBH2kVFwe3pl8vtqLi+IJGgJZjAA1JJ5Abk1aOB8GygM+rQPDyX+0eZ8th51JRbRnsiH2fYJgXuQwUoR4hBkETH6wHWIpjxlhkaaYYTEDOROuUmOcafmKrvaZ/d0nxfhvWa3FTsRca4neyhLYhebcz5CdhR97hbfowtTLBg766S0krP7Og9Zr3BtlJZgMqiRPN+Sj03P8aDwmNJt3ipYtKnMOpMGByHL4zV1KqK2LrnCltkMzkMOQhjH3CfPlyNS4fjA1aAqgxp77npPTrsB0rDCcFZ/wCsYJ1AOZvs0B9TSjugWgbAwPSmnKxrLBw0XMQT4siDeB9gHM+pqWxhWt94pMgMMp0kj0G1GdmLwzFB9UEevn5+dDcWBF1vNVP2kVzTfNCS5C7j14hUKjxSfEQCAOkEESeu4isOB4prveBtTIYMYkkALlgciBA6aUdcw4e2V67HoeX21XOz5KXCDIbUfGrYXeOikN4meMw6FpDGTuB1FWd7He3FdCFbbUaMsaq0cxyP5Ck3FMKxcZAJfc6CDzJYwAI1knrTHBOlt0C3FuEOMxWcupEgMTrGuoAHrVZq47GlyD1utacMDBBkEfz9lFceum6Fz+LNroco0cxrrAAiY1O3OhuP9P2oHxn74phgrKtatg7xqempIrji3Ej22KL2LCjKICj3VAgesdfMyT1r1bkgE78/zr6/wc5oXM5PID7z0qTiHB+78ctcYCCggb79Zjp9tUq+YUz3GW86kddumYDT0nap8TFq0lsakeI+bnUmPI7DyXpQGGvTptO3ryr3E5mYGSZ0jzH8zQjJpUZ9xbOFPNm2eeUg/BjQmGxCLe7tE8d3M1y4wkgAZslvkq6Asd2Om1fcMxI7oQZALLI6zrRfCMJBNw7kBV8l3Y+rGPgPOtB0LyDcRaDAqRKncHatW9oL1vvGFsAKNOsnmROwnatidpr5W0+UgMRAJ5SY+ZmB51qY8PIO/OOkfA104uVlcUdhtw2Ql1xJIXII/a1Y/BR9tJrCs0xExoDJLeQ0MmrArLbCrmJPvQo97PttrsBEU/4FwgKsspSdlHhaJ3cjxa7ZS23LWj4ShtdFW4bwi7ALfRr+0QJ8gs5p8oFecRvRNtRkEw0nxn1/AbCtoYdsNbhxbzXI08BcgjYBjIE9ZFB3OLO9nL3FgNrma49gu0knMM5GUmeZJHLamW+7FU/eKJwm6yp4Tl13EAt6nf7azvrbYZnVmjdFIUSfrbTHWNvSvcXwS8xgd0o5Dv7UAeueijwK5bVSz2madMl1H084JqUoyu0F95WOLMAoVZA89/jTLs+g7qd2mPMD+NWLA3sMqzcRQ2xMZx8NYH3V5ZW3DMpGTcHIE+GUaUy3iM3sJFvMnePrEZFHUiJb4dep8qT8Dwr3GMAnqenmTyqx4dC8mBkGnnA5EdCdc3Om2FsFV8IVV8yFX57n4AmsuQLoGwXZ1Im62Y8wNF+J3P2UwtY+0srbAMb5YygftN/iTQr8RtoDnbvGI0AWEU+ZMs3yWqvjePGSFVVXoNB66VSOPtFUbDTicrlk0E7a/Z5UYERtTLMToSdB021PzpbZwbNBbMGMQgEmOpnaeX21YeCdmLpkQAvKTr9mg+dQl4r8UZx0kTvbWNFkbu+i6c1UkjN8/Kv0cr8/MHYs2mHfxcYbKpEiPMyB6xNfoHXx3rX5cNf/ACfRPW6Nknqr3jVf9LJyOC4wjf6D/irNfn2XO/PrX6Cf0slnguMH/wDj/wDFWK4cw/Zp8uYlVEczt6+flXv9Vn+Ezf8Ayy/ZgS6QklkXwCnD4TSTOu1MOy/C+8u+Ke7TVvPovx5+U1HacqYDZh9lN7GN7tCNFJnlux5/Cvo6lW55zbYP2t4jnu+EDJb0GgEnn8OQFQ8J4iQdBM8utLBgLjMAFJzHQjY/z51cOCcDFvVjmbl+qvn5nz2H20dkgNpHmPusQFAIP1j08h186gKwJY6DrtTDHcQVdNydhS3iA7xGUDXlPl0qOkVCbHcXzHKmg68/hRfB7uhDagaz+FB2eCuNdNtBzp9/kNoAlF2nM0mesDl0o5KqkM0mAG6bjROn3Ch8VgGE9QTtsRyNO7WGtJoHzke+R15AeVY4jif1Yhdo5ketc/tSXJletBxR63curaHp+de4m4tsyOegbeJ5etD3RnYiPjVa7SvvjvhePBnUzyBrzFmQfPSqxcVkPMU7bHZUVm0JnKOv7R8ulaW+4tEKYZLU82PWPCOg8zQVu74vjQOIxJYzyBkk8zRl3elnFqmw13jnBnPnRo8R+3cGk62MoOmpIEDy/EnlU1nKlwMSQWAAHInmTyA+ZpxxEZW7zcxKAfrncx+zuPOOlUkqXwhewDjLotIUmHaO8PPTa2PJSZbq39kUw4Hd+iXWBJJJ8zHry0AqoAMSZJHMzyHoedObd8BV9PCPL8zvTyW1AnyGd0gTr4SduZ829eQ5fbUGJxh2TRfLn60KuJzCNAZjWvLWmkiKnOEmthJRbQ1wmIn186lu48IO8MHKfCv61z6s+SnxHroKSi4VM1hxrHwJgH7lPp1PWlwdwIbsW3bjs5ZjJZiWY7nn9tEd4BSjEYlj5A1hZaumcUzo0hdn3oGktA6a7VdQdvRfnAn7ao10bEbj76vuMueI9ef41GYJFT4hiirOepP31Nw/xER86G4vbnN5n8aJ7O2Cq+bGB/D1pZe1FlVF47MWwWa63uoIE/fVZ7T8RbE3QiSRMKOp6ny/CneJYBO6B5eLqZrHsdwru1zt750Hkv5mmwxtkb07jfhWCW0gReWrH9ZjufwHQAVVu23HCxNtDoPfI5nTw+g5+fpTPtlxju08PvNoPLz+Fa7sP13NXnvsbFjb8ZjLD4kipsVjMpDwrGdPD4l01OYfMb0twz9aKxSyhH8zUUqZ0JUwkYLMhuW5JG6nVo5kHn8prLhj6j0J+ylnBccbbSCYG9WXE4ACLiaqQcw/VYjT4H7D6ihkVCzjQtt8Ya0whQweVdDs6zqp+8HkdRTrBYELcFy2c1pwwE7o2k23/aHI8xrSvuVI131Ajz5z5fefKpeyOOy3DbiFaQV31XZvXz50aTiCrQ445chCaTcBxJXUdduo50w7XJFs+o++kPC31y8ys/b/ABqWlgou1w5lkag0DjgNFcEo3utzUjcT1G8cx8aG4fjMkA+6xyk9DEg+mkGnV7DBwyHYjQ9DyI9PurVYlFWu4EoNTIJJDDmCZ+Bpz2d4cbq5jIGoBG0AkSem23lRnDeBsloteZMs+4T7w8m0gnkBr6U34p2iRUS3btwhECNFXy9fM71RKuYHJ9hSeNYYKzDkOfOOtY4fFfVb4Hp/Cm3EPeDHXoOU9T1j76XXbOYgfWJ+dc8ophrYKu5spKiT9nr50BhMKwDM5OYjbyphjb8AW1MgbnqfypVisWcyrqQD/D5VsS1WjLcL4RiYb7KM4PixadyfcYgQNxvB8/OkuGuw08gdaK4mmnpp+VND2tBirRdVsgnNvGo6GdqA4hiwkuwkAE1JwwEWkDbxPp5Uu7RcPN20wBhtx5kcj5HaqVSJreR7wfHi6udREEyN4pzYlttdNvvpD7PbJS14hBckwREDYfOJo3imJZMuXQ5gCeUHqB5xryqelaqHa3FPae84dLaDwmWY9YOsnkqjU+vpTXs8NXPKB8aFfidu+CrnK3Vefn5jyNE8ItFEIkHWARzHL09KOVcmZk3FcdkUkCTso6n+FVjiN0gMxMkDU9T/AI0+41hTCNOxJ9TGny3qrccvLom+uoG5PQc6pjSaHiu0j4Gh1aNJ1PKTyE7nnAq6YLHKgCWRlB95t2Y+Z8vkOUVJ2e7GXcge8UsAjQ3TARTuEtiWZz9ZoHSd6Yg4K0YXvMQ/Mt9Hb06INSPU08k+wWTT5FBx9h7j5baM7GYCgsdT5bfGrtwDsjdsWna6Ftzl0Zhm+yRPlJpVxP2i3l8FkJZXoigH5xX1njVy8GzkvEe8ZM1NpadxWpFX7at9MOgUEevWmWF4YFSbgnw6gjUDoOck9OdGXOHBrqudlXbqwPhnyG/wFR8XuO58MBAYNxzlWecTq0fsg86bHyHspPDMSM7LqqsTl1kqfqnz6HrVu9m3DWNx7pHhsqRPIM+mp292dPMVDw3hNkEuqNiWBk5j3dkE6gROd/SVHlVru8VuPbVXyqASwtIoRFO0wujGOZkiarKSSKTl3AvarioRNtW2mqlgeMlTqZUnWfPnWXbLF5nCjkPtpVf8K6jfcagH1NSjGxYxLBx3AC4F/WUyPMHcfj/jQXGLaHRrgtgfssxMdANPiSKJ4RizBDABlEiNip90rGhHpSzjyqBJXxHnP2eUdedCMW5V3G7aLhgLgbKQZHdoAeZ33HI6bUD2fwFu5cdWSVScxLEAGTA03LdOQFYdkm+jAG5Ij5fhNWrD4ZVBA5sWY9WO5PkB8gK3aKwPtNeti2zXFBQQAu0n6qr025bAHpVAx/HbcQtiyv8Aslj6yxj7KL7XY1r75U1VCQq/Wb9ZwPPl5R50mt8IYRKkZiN/551aEaVsrCNK2PeB3MlqYBzsW25ctvspql1e7MpDN7h3ETrl6Gl2ObZeQAHyrzhF83LqqdhAA6KK5Lcm2QfjWyyX0gIvRR89zQfHrcraQz47ij5GaNxry3xrDD5Ll+zqTkDELGzcy3pAgUMWzsEdizY1vsH3Ctb4c/pF1lMwDLEk6KDuI5nYedX7i7kI58jFVrstwMqni8JY5m6noPRR9pNUxurY0ZUtxlicVkWEWYGVEGvoPTmT61XcHg7uZg4JuNoBvJYydfQa8hV1tWwBpArNbvT0ny6U3PYTVQHwfhItidC/NunUL5dTufSoOJcUAkAgftfkKQdtu1mQ91b1aPG3Ifsjqep+HWpOz/AGNsveJDuPAv6o3zN5nkvIeuj6dKGcNrYV2Yuy5O8qdfP/AAqDtKSSqruXH8aX3L5TwqdRuRUuM4jlVZ1c8+g6ep+6uZPcCe4s7X40r4Pia87AYppuNMAKPhrS7tfiMzj0pl2Ps+C4dD4Tp8DIPkYFdSitJ0e5DMU5VgeU1Dw60BfXSQxzDyABY/dEVkLneIG0/iKM7P2czTMFVYa7ax9wmuaqZFuiUIouq+xmNNjm01FTceTn5R9tFXOBBom5EMG0EzHKTFSYiwGJUz8KVpme4g4dfAIU7MSAehiR89qUdr8MVZbi84n+0NjV4scItgiVBgyJ5Hkal4vg0cQQI1JA0n5c6rj8UMJaRPh7S3LA09/U8iI0Eehk1U+C8GuXLkW1kgyxOirrux2H8xNbH4fwoKqqScqjQczz15DemFpAohQFG8AQPMnqfM606nVheStkQXuGiSQ0vqR0H5+tKcHMMGEMMsjp6eVTcX46E0XUnny2n40BwzFly5bfKs1KidOhjw3GkE7mdfIR1oW5cMzzrPC6KT10pZx3E5bZ6nQVuYI8wJmOY6EcwSN+v8KzxcsjBTBYaf2hy/2hp8aQ28SVEyZOwn7aa8MuysnQcz5iqV2lafMZ9gif0fb/AKRyPSFmmdjjbFtdulRcEslxA8FuSehYnU/M0Bj0yvFRm3zQr3Yy4ve7xWVjAMcp0DA/hVXxBQXO7K95rALnWN90ymI6k0TjsUy+YPKhMMVN3OTGaAfID84j51WEqQYj/gVsk94QU/UXTUbKx0zARsJ1323z7Q8YFpZOrH3R+J8vvrHinEwgk6k7Dr5+lUvi2LzjM+pnT8PgOlPHnuNGNs9s4zvGzA5bnQnwuf2SfdboDoeRG1Dm4ZMjUcjvPnQFm3TnhVo3ytuCz7IQJbTkwGrIPmo2PKrcizSQva+w6fCrHw/CQouXFLCPBbAMuf1j+rb8/rctNamwPB3sZmuqC0+C3oZI+sx/U6AQW5wN1t7D3rpLMxDE7E6H0gwOgBgUsnYjpnuJuksWKhS26iII/sgyKLuXpUKNF6dT/CleEQKJIg66ncDnU2GvETHPb1pHzFaDcTxYWtIJP2ClY40zGAv21Dwzh9y6SFUseZ5D1bYfGrnwHsctvW42Ykaquij47n4RVeXIduMeZWeF4a5cbKFHnMn56xVv4T2TEiQC8zCDQn4zRd3i9pBCxA5KIH8TVY472pciF8I6D8ev3UN3zEUnLkXvG4VLegZDcOrBSGI/tMJk1hiMaxWCSNI00rW/ZW+5LNqTKyY+HKrnxK/BA3qUvbbCSTTFuC4ODdzO0ruY3Pl8a/R6vz8vkBVHM1+gdfG+ta//AI1/n/RPW6KftvJ+81j/AEpnjg+LPTuP+Js1wfjOJM6xMKDoOXr613T/AEtT/wAy4z/cf8VZr8+Gav0HVZfsXP8ASy/ZgL0hG8i+Ad8MsBWmSwH30abRuvl1AA1aNBWXBsF4AOcanzP5U4GW2nQDruf419Jk6Z5zZauxuFTLk59Tz/npVa7f32stlX5/lSTDdqSt1SNFB2/Or/2ywYv2A41IFLkT0qXnJ6dM032mprOJ8QJ11qw43FQPDoTSHAYQSc31aNttJk8qXLLsRSZKMcUBI97YHz5kVNwnUm6+p3E9evwpOHztHIU7RtIJCg6SRP2UIxNVCrh10yW5SZ/hTLFXQT8KtuC9nCuoK3wQdZVRHpqax497P7igsjBo3B0NbNia7CMpxb5lPDDY7fd50LgLLLcA3B1B6iisTaI0OhFe4LEwRPLUVPHJx2Hi6G3ELySA6enSkfHbZnNup+zy8or7FYlmYlue3lGwFT2GzW2Q+TLOmo3HxFMuY+NCa3bzLGx5Hl8fzop7ZAXNoYE/z51NYwY/XXpGtQ4u19WZjnTtOQzTYXZbNlHUwegG8nyA1pjxNw1sET4T8YOlJMOxAI2kU17Ov7yt4gRt+VFwbW4HFi69iiRB1nTXlXtyyGABnTYjlUeN4iCCD4f1VGw9ep8zWWBximASRVoRVB0g+JwL/VObyGjfI/hNCkvyBJA1gbetWK/hx9Vl9TpXmNvZNFiDuRz9aWeRIGugHBqcozbmvg+4Ox0NTNdVhtDfKaHvWjEkR+Nc0krtE63tCPG2ShI5cj5VNw/Au+yk+ew+ZgU0t3hGoBI2kTQd7ijNuTHyHy2qylaLKTaCrfDY991XyHjP2afbVkXEKxLQ2XmxgD4dTVO4c8uPWflTbFX50mkkhGhnh/0dmgq5A10YCY5tp9gioTiwJfYLoo+4UBhkyqerfdQHEVO06R8jSxWpixjbHnZnDtcfOxgTLDqOnlVuxOKABOwApP2SwYS0NZLan8vhQnaXiMEJ/wB706V1OoonNapFZ7TYsu2cnTYDy5UpsNJpzxG2CpAHxpPh7RGtJF2tjrg9ie3c1IqQ4j4wK8OG3bnvFZ8Iw63GymdidDG3wpqS3D74I92fI1YuyfFx7p2iCOooTjmARUJAMgiCSaX8ATxz5H40kqkhZVJWWXiwyMOje6fu/KvcJhArC6TEbAbnlr0rJUF1O7OhBlG6EcvQ0kxHEChhtxIKg/fP3CpqLrYStti24/Fd7bIgBhqB18qqqtlvJy1yn46UfhLkgMOevpWWLwgu+TgiG/OpwnW0hISrZjEYUuCoEncfDmTyHnR1zjS21CA946iC/wBUR05mNpqN7oAKw2u4Hhn+20THPIs+ZpBxLjGQ5MiKs6hRqQP2jJ19adLuBWpjd/pmUknTUzzFN+G4fXKBM8vypZadVAZdmEg+RoXimOMALIJPLept2w8tix4jgrvosTykx89NKT3MMbJOcgudPCZAHOD1NSdncUwBEk+c6T086X8Rc5iWnSlk+xCPmH8WsgJnURtSHHsxOYCdIIG/kdKecPxJa2w0JH3eY5GkWGxhVpGlNG4sKVMxZtad8Ms94UHI+9/s7/dVaxLEb6nr186uHYe14Cx5kgeh1P20YR3ByTHmKeAfL7qUYfGhlkUZxqyzLkXSdydlHM+fpUN7CW7aRsF1LHcnz9egp5xtk4HtjEajyqTidvMCP1hVXfjWdjAhNh1Pn/CrJa1tipSjRaioYXAEHUgNPkYX6zfgPWrNwm4Ck8i2lI8ZoWEnxaH09aacDQLaVQZgn7TNNNeLQWh9jElQJjzifs50rwGMSwJspFw73rgBu+o5W55BYMbmiuIXyLcjcUis4xLw/VfmOtHFyAk6MOKcWJOZ3LE7FiTQPCscxLT0J8j6eVKuOEhiGH+HlU/Z8+/0yiPiapJNIeqRHxLF6nbTTbX51ZfZ8CyXP7Q39KqnE8Lmc/b6dauXYUAJptmj1gbmtNrQGdaSXjF10kqPq+9vr06D1qkYvHM7Eklo6mtg8UQkMKo3ZTAhrxn3bZzH4Hwg+rR8jQx0hMbtWXng+FyW0Xn7zR+sd/kIX4UpxXEpdjyGg9BuaP4xj8qE8zoPjuap2LvQhjc6fOlq2BK2A3sWXZjtJME1O/EnQQG5a8wfnQSNuPKjrOGzET5aAEsY5BQNST8I3rpiqReqGnBsQzJLAanSABp6Dzoy/dUkLlBM7nXXyG1G8LwaMcozLlGvP+TUa8KAOmutckr1Wjmk9x32T4YUzNcgFj4VG4WBvGgJ6cqz7cue4bIQvXWCV5gHqf4c69s3WC6AkxoBqSeQ8vU7URhPZ217x4q9kXfIkFvix8K/ANV4KxU97kzUhxZYiN9iTzFXfst2ZxNwqwtsqLqHueEE8ozan1ANXRcfw/CaWgmYc/6y4T/aMx8IpZxr2isdEWT+0fwq0kktx5ZpPaKPH7BhVdrl2YBMIIHzOv2Cqj2HQZ7jD6o38yfyrHj/AGmvPIZzBHujQa8tKZdlsIUsSRBdidiDHLfWoTjGMKQVFxjuScTxWVS3Pl60P2AJN1mOsKST5k7VPewmeJMIDJ6nyH51Y+HBVtkKAATy5+vWuROhORP3leHXehWuagfGpMVdAWTVccbEfMp/a/iLZgFYFecbT0nnWXaPtNFsKh8bKJI+rPTz+6k3EbZMQNfFp5TQ+HwUsA4MD3gPeYDWB0naeQrs8GkjqUUO+xnAR4b1yCNMi7yR9Y+Q+0+lWDjvESF820FJ8JxF3ZVRBA0jkqjQeQAprjrgTUat+t08l6etc2Z1sSnbZXr9vJq3vcl6ev5VDfwZgE7zJojC4iSxEGBNS2+IltDEelQSUQcnQJZ7LteIYsFTbqx9BoPiT86svCeC2rIIUFs25czPwgADU6RSd+PBAEQFm89B/GgsHxh7rFGMHWMo+6uxLxR3qaLXxLBFgIAAHQACPICKrlm53dwHl+FWPD3zAHQRVe7VOAU8wfmK5nu9hEh/bxuYEhTC8ztPT+eoqfhokl+QG3n0pF2ZuTn1kEAZY3InWZ84q0WLWRFToNT51pcgy5C/H3TrzJ5edT4W3z5/dUd19fSlWL46M2Vdep5fCjGOxkmx3iscqb/Kqr2p41nVlmAdo/GvLLZzBJ1570bwvswGfM5lQdFAiSOvl1p1RSLjBWw7gfCgwR3GgRcoPM5QJPkKnu4NVZiNJGophi8QFBJ0A/mBVc4LiXu3WJHhA0HQTp8T5UdG1nPu9xhiBAA/nWq12qEwOmsVZMc2podeEreE6g7ZhtSQq9x8feyk4GyrN4iSANY0FO+C4LvGgAi2u/QD8SauOA7G20945uZ5AnzqXiuJtquVIUDkKpOLaM8tukKMfg1+qWWOhP3UrxOHYaM0n7aMS/JnpQ3FpLoREZfxqNDgOKskjTlSZrROmsg7RrT88xScsPEGmRtG8etCHcaLBbl36rD56EelQYzBEiV1Egenr+dFXrKxozGOTa/xoLAXPGADuY12+NXgq3KJ9qC8J2Xus6qgDZjGbMMo8yeQFbI72zw+0QkPeIh7h5n8EHJee5qr2OLpbXu7ay7HxXdjPIKOg5k6n5VDh+PhzlupmJ0BAkz6c6o3W4srlzPrONuXZdpMmZIqTDWMxjQHlNPOznBVQnMzH9VDoB69fIbUBxqzleR1qOW+aEfPYxtcHUHxLLb66j8qzwfZcZyzt4ZlUGkf2j+A+dTji4USdTyA3PlVf4txgsfER5Iuwn9Y86fHTRkmy04jjdtBktgHyWAg8ydifnVf4hxUt7xkdBovp5/GllksxCqMxOyqPw/GrXwnsmqgNfOY/wDVg+Bf7RGrH0getUa7DNKJU7GEu3yRbWQNCdkX47D01NWbhHYtEE3WzkfVGifP3m+wUzxvHFUZbSh8o0VICr+A+FU/G4+9dbK0ovMDQAevOio1zD4z5bIsvG8SFQC3CgclAAj4Ult43VQTMsAKga7y5ARFRcOWXE8jIqM2ZRHONxhN5F5Afaa/R6vzL4lbcMHAlcwOYHN842+NfppXx3rYX92f/wC/oHr9FqtXkNU/0tx/zLjP/wCn/wCKsVwRwfB5mHMDc/gK7+/pU2c3B8WvXuP+Js1wtw4Qco5bGv0HVUr6Kmv+WX7MBOkX4/kHikKs7VVu0XE8x8htTLHYJjqziOXl8KT/AKGp0Lbc6+iuDT3PPhFC1da2n7MOL50NtvStd3sCgGj69CPyph2RxZS6sHferLdUHNG4jbtlge7cgbEyfWkt1oX1rYva7Bi4gYb1rHiF3cdNK4YxalpZHH4yJ+E8zUlxix8qH4c3g9TXt3b10qj3lQ/aWXsp2ieydCSpPu8q2hwjtCl5fCYJ3B3rRvC7TZuijc04tWHJBU5ANuRjrXWsvuWSy4VI2bjuAJc3UetUXtl2VNrxKwK+Z1onDdt2trlLC4RpMVWuJ8ae6fEdPM1HJCLfiiQxzT94DvPI8xtXmHuTB61HcMVOoBiOutSOgkfD57oCiBAL9B51lxTD5DHLlTTh10AMdB1PlSXF4wXHljCj7arEKbJcNbJExMVlwtSt1TyOh8qzOPgQugFe2sUCQdj99bwqewNe4g4kgV2HRj99Dte+XlTbtDh5uHKNTrPI6UVwTCArlMTrVIq0VUthbw/GSMp5bUal87UPxXhrWxI1E9NRXg1APPnUMkaZOSXYe3GE7+LnyHwqRLx2PwNAcTt7MPjWeGuSKVx2tA07El5oqG3ZBO0g0Q6yI58qBzRsdZp8aHiH4fDgSfl5Vlg3k+Q3oI4gzrzo1VmEHPenmjMlvYiTPyqO1bkx8SfwqS5ajTkPvqfgOF5nnWjHSjckecM4ubZynaflQPEr5LEnnrNMeOYFC8BoaNjt86FbAvtkYyI029Z2ihLcFLmRYZpEGpeDcJu3bmS2p38TEaDz/hVm7I9hLlwhn8Cc9dT+Aq7cS4vYwq5UidpH8/bWhtuSeWtluKLvZTDYey3enM5G53+A5VrrhttRdlZiGFPuN4u1ecF3uGTpqI+6vbfDrSSQrExpLAgT5CJppO0GLaW4q4s/hjadjFLOHqZAAJPL41acHdDDLdAy/rdKwucJa0cyQ1s8+Y/hSxVRGTrYV4xTbI+EEda97R4IOBe6QHA5nkfjTF3zKR5aGk/BMU3eNbue6wynp5GlgxosW2MZpA09KsGGxGUq2moBEba1WMdhSjsp+qY+H8aa2Wmys7rI+RkffWyQT3NOK5liucYDHUR570n7Q4LNDKeXwqPDeIab86Ow+Gj6wHlUIycWSToE4eWCANPOPSaIuEmFHvHn0FEd8No25VklsAEj3m+6llK9wN2ei8FhRsPtPM0Txj6RMy+8o+Yqv8QvFR5mi+z+L8Gm4powdWNGO1k3Ze/qQTuIoW8okjoSK+xtvLcRljKTO+3lX3FbWW6xnRoMfxp9DaGaIMXalfMbVfeDWMltF6DX1NVrs/h81wdBqatGMxGVSx5CjHYjN9hFj+ILbUsxgD5nyHU1R8fxg32PJRoF6eZ6moe0OMZ9TtyHT/GsOy/DmckKOfwHrRfIpGKSsIw6wRHWr3hMMRbE6dKk4NwFLfiOrR8vSi+LPoKixdW5R+0Td2ZjU7fj8awtEplPJgCfKie1Dm4yroIMknpzqC6QdOQ0FN2IYsmabXwrXmOlTmXQg1euEn6IiqfjXEsOX30+KO40A/B4xby5X9/kf5+6oeHW2XOrAAgqJHMawaUC4q6jf502weLLJOp8XPyFVyLYZrYCx9yCwPWT6chVq7KXALSxoCSap14F2IUSauGBwJREXy1qORVESXKh3iYn1FV7CWRbLRuzSfwH3n405VpUHppVc41dIfbfzrY1ewsF2A/HcQW290GJ5TzpHjL2w+dP3JjlHTz9Ky7L8DR7ha57qxCfrHzP6o59assbTKx2A+znZ17xzDwW9s5G/wDZHM+ewq4zaw4gKczCC51Y/Hl6CBQ/aHtOqeFIJAhQNFAHL+AqPgGDdx32I0G4B005ACtNk5yb3Z9ec2klAS1w8xJ8tK8tgohZ2+k3IGvwMaCoeP8AHQ7QnhGwIqHi9xRa06AetRXcLFBR7TPIFpVU82YzHnFIu1XFLrNla6z/ALM8/QdelKzd5SRPOj7HDVcZgNV33hvU76866oVRSMUgJcCbeUuIJEgEifIkcp86ybEMNRvWVxWz+Ma+f2fDpGlTPhAeZn7DSqLbth98Y9h2TMWOtz6pPIc48zV04s0j4Uv7CdngCCPEx3MaDyUfjTTtHa7uSdt6ll3IzlcitYi/Gm0U7wl3wL561Qr3Ee8MAaEwB61tbs92be4F0yqANahKD7DT2FVpZahO07aBZA5knl8K2DxHA2rKQIn7a0j284oTeYDaBpXTjhXMGPxmYcU4woGRBoOfMnqaF4TYNw6bfWbkvlPM+QoHD4WfEwgdOZpgnECAAohRsB/O9Xlb5HU1tsWzDuqLkTQaSTux6n8BypHx/ioWOeu3WhbGOeNYA+2lOKtlnHTzrlWF3cicY95ZcJjFdncGAUUARGSPq9DFRYPEJMEUNYdRtAVd/M0FcvayKTJHexHEsXgU+Ea9ahwKAPPOobTyAamtrqD5VHwrtpiahp+k9KWdoLikCRJUmJ5TRSGmHBuDLccFzCDfz8qXBOpbhi6AOweHPicyFGgHU/wp5jMWYMAk9BvRPFLq7KIUbCqrxDtIttiN/KuhR1SCrZ5e4Zeu7kW1mYmT8Y0+FMsDwC2pzElj6wPkKQ8V7U5khAQTuZ2oTspiHLwCST1OgFXcKQzi6NhYWyo91QB5CpWvQJ2FR2xEDp99KOM8QA03PTl8ajqSILci4mO8MsctsbDYmocC8HLZUydJ3NScK4Y95pOi8z+VXIXLeHQhAC0b8yaycsnvILfYC8J7PBVzX284mI9TQPGu2NlVyWgCAYkbVU+0fHbl0NJjoKrltx4Qdo19ar4sFUfOOsfa2W3j+PcgNnOU8qRNdY8wfjTbhDqylCZB2nlS2/hwjRGnNj0pIU/bMpSC+F3MqHMfOoP0qWk6nkOlQBi5AA0HL8TTC9ZFtZO52oSSb2NzJnHOkfHEhweR0Pxo3heLzAyak4oPDO8VKKqQFzEWHbWrmr2ggMIsjWANKoRxAmRXl28zNAE9NKtGG+5RRHGGtkljKgAnL1JPOas3YzhNtDmkNcO3RB5ftHry5UvwvAstkljmuHX9lR08z1PwFMuxGBIlz6D86M5bkcktjDtribqkLbWSY8X4D8zUt+ySgDbxr6004xjFBC/Wall25QyO9hYybQjugwRtSbDYBA0uxAHLqad3ruvnSDj1jWetLidOi2PmHcI421p2yRBgHQbdJ3+VXTgOPW8rZ0/9v+NU7s9wIuZmEG56+Qq7WlCgKogCryydwMrR9dwltFORVUsdY6UCyjntzqbE3+VKuLoW05dZqLdysWKEOLxqFjEgcpqfh5gk/snWknGOHsh159KI4CjEM31QI+J6VadNF9KoYYG8VJKsRO/nX6eV+WWHxXI1+ptfHOtr2vC/9z6B6fRvuvJ+81v/AEmrc8JxY6iz/wARargW9i8piu/v6SJ/5qxX+5/4i1XBPajADN0nXyr1uqzJp6On+lf7MSPSD/rUn3fxFmP4ixPXyrAvI6E0FJBiNae8I4dLSdQK+nyltZxSpIkTg0qDMN99AYW0VcmIirFfu6/dSzHYidK5o5JMjGTZsDsrixct5T0iqD254SbbE8iaedir5VspirJ224dntyN6tkh7oSL0TrvNXoYUDyo3BWc0D7egpaSc0H0pyF8MA+ppUtO5eSoc8PsIOUxr6+ZpF2q4pmcBdABGlR4/Em2sTqfsHWklzlNU5ghG3ZNcSKgcmou81r1v5iiti1Etq/BplgfeioOB8NztOsDf8qb4m0Bc03jUdKSZKTV0gDi146gdaU3NqP4i2/rQN2jHkPHkMcFjMwjmKkuCNRSTDsQZFN1v6fzvU5w7UJKAWMRKnr/OlQcH4hDydqAu3iDUFxedVxtoaMS13uJK/LU6fCgVw4+qfgaU4LGaipbl6DNCe4riSuNxQFxoEfbRVtS2wNE4jBNEwBSw22YYutgW0+gqHFJrI51Ab5mKlW5RqnYapjnhnCeba0XiAqTG5+dKsJi2EASSaLs8L+tcYjy5n8qdySA6IGknKJJO8VYOG2co8ZC+W5pYceF0QAefP4mirGGLKYBZzoPU1FycuQG7PMdirefMEzMYidfkP4VeOy/A2YB7xgAaJyHr+VY9luziWEFy9BYD4D0/Oq52z7bG5KIcq9aosdcyDuTqPnHfbPtwLf0dr0JrXWIx5dpaoGwJbXMvqWqEWSpgxPkZrSiyscSjyMVBDxOm4PlTK/egyDpQN2ySJAkj7qZdneHkyXGnIGlyOlbGlysCxOLBPiJPRRtTXgXaC5aIFxfo20jpTTAYS2DIUTyP5VjjsMG0MHpS+GTBrTGV/hat47PunUr09KDsYNC2Z915dTymsey7m0WZjCjl1p1irK3B3lv4is1TtE3sU7tTZzgXFgkaNH2UrwjxbKnQkn7hVjRYYofdYaeRqq4nDtmM6axTwkpItB2qCeE350+H5Gna4MwCT4udJ+G4aWGu1OwZbfaufO0ieSjzHWNAeY+2lyYsz50Xi78nTlQeIwwJBGnWkhuJE8xRFwa7j7Kz4OhQwdjRFyxb6kk79K9s7xG3M1VPsHUuw8Ilmtn+0h+8Vj2hHiQnaAKJ4lZjK41j7udDdsRmFsjn+NVg+Q63LJ2UUZSw2Og+FT8Z1XL139Kz4dayoq9BrQ9iyz3SdkUR6nellVkO2wK72YNxVAOUT4jziNhVm4Xg0tKFUQBz6+prNnAHQCqtx/j2aUQilVy2NvLYN7Tdq1taDVqD7L8Ra4pLakyfhVIxQDGCdRuTVv7IXV1C8ufwp546RZwSR52pAUqTSe5fJ250+7YjRdJqt3L0DTVvup4RVDRRb+zzfRkc4qncWMOfWrH2J2ad6QcauAXDNCCqbNHmK8aw+dN+BoWUAdTUHCcD3pIAgc26VZ7FtbS5V5c62SXYCcq2McDhFtTGrHc/zyrC7xUL50HisbpEb86WY5orLF2sWMb5ls4TxNXGXY0s7XLAB+FK+A4nx7b094vbzoRS1plYHSZS3xhnfamuGN0kHKTmEALvrQvDeBNcYgaAHVjtH41fsFcVQMhByiJqkslIeckuR7wrs1atRcvwWGqp5+fWk3a7i9y60aKnLWAaZ4fhl2886kdTsPSq72yUo/dgST86n7YlGmxdgrTM2XmdqcnhDkZW0HWm/Y3gOQZm94/ZTm/djSJpJqmCUt9impwZCwEEn1p21qFiAB0qcAZydjUOLw1xnXIMwO/StHUzane4i4tZmB9b6sb1a+xHY8mGufLkKtfBuzqIud4nqaU9q+1gUZU9BFdKutxJTcto+csDX7doeGPWqZ2tuvfGS2JLGKP4TgXuxOgjU+tWU3LdhfCAWj41Fu2LFaX3sR9iuwNuxFy9BbeOQ9B+NOOPdsAPDb9KpWP4xeuXGz6IB4QKGw7SwoSnXIfTe8h7exLNqxrWt22XvO3n0mr7xO/lRj0FUHhSsWzbCqY+8pj7zDF2CDqZ8zUHeimfErg6UMgBqqdlkLL90kxBmmOF4cyqWaZ6URhrWsKCWou53jDK2grSpcwORXluFzGyjfzr29odKb3rltAdBNJDezagVzt6uRuY04Nd3FMLD60p4XhHmQD61ZbPDwNWPw5VyZIbnNNUzG1tTDhtzz22FQ3bwIhdqHs3YqHKQA7il6FMb8vWtb8SsspluZ3rYOCuZ1PrSnifDwdxXfjdFsbopsk+dbI7IcK7tJI8bb+Q6VVsDZW24YiY5VY+L8cAXQ6kfIVXJyGytvZBHHOMBZVd+Z6Ul4FhWutmJy2wZJ5t5ClGEtm60kwg3P8APOp+NcV0Cp4VGgA/GpKG+4qx1sW3inakAd3Z05T+VE4YmBm1POtd8Huwyk9dq2I13QedPl7gOCjyEHaK1lk8oqpC4Jn7KvnGBmQ86H4PicKiglVDDfNrJ+NbErGTSXIrmDxB0bbWrJxnDG5bDLv/ADvSbjvFu9YwAFGigaAD0pr2VxRylTypJqpGJ+D8PyDXfcmq/wBqMUWO3hGgpx2kxxVDHPQVV0slkA29adJBit7J+EX4aOVPH6daWYbgcQTcWmRuLpBnzqU4VuLJdxT8dZhiKt3Zzg+VA7bnUfsjr8aRcXsgPmO29RXOJ3H8MnxQAB0q6Vq2UackWNMS158iaIDqetW83Ai+Sik/Z7Ai0kc92NC43iIfMB7q6epoe+Qa1MDwV9nutcOw0A6VLxe/lQms8Hh8qx8Saxv31JC7+u1I2Ne5jhsIXAYDcA61GmBBMNtViF+AAvSDQy4bWpSE1bhWFs6AKIA2o5bYFRWmivLl6nTFdmOKtiKQ3rsiRTDi14lSFEkiBFKDgGRFzkLpzOvnRa7ikUQYlxcDodSBpQdu1kRUHqfU/kNK9w922LkglidNNF+dWXhuGXf7fyrb1QzbRWeBdnmZs7DKgMwdz5R+dfp1X58Xrs+lfoPXx3rXv/43/c+ier0XK9Xk/eIfaB2dGLwt7Dkx3iQD0ZSGQnyDqpPkK4I9ovZ27aL2rqFLlpoIP3g81OhBGhGtforSDtd2NwuLAGIsrcjYmVcDoHQq4HlmivyvqQ9Vz6IcsWSLljk725p9677Oni+F8LTXNH5tcP4Yz76eZ3pv3YQZQZ613OvsP4X/AKL/AH2I/e1A3sF4Sf8A5T+/xP76vosuszo+SrweX4sfSPPl0fkfavOcKYnEgCTQ9i0GIIMV3hc/o/8ACDvg5/3+J/fV6fYDwj/RP7/Ej/8AvVTH1m9GR/y83xY+kFdHTXaji7gFhcw8Wo+2tgYRgy5TrXR9r+j9wgGRhNev6Riv39M8J7HOGp7uHj/fYg/fdNVl1pdGf6Wb4sfSJ5OjMkuTXnOQcdwW0CZUa0Nd4enICuxcX7GeGv72Gn/fYgfddFDN7C+Ff6Kf/wDYxX76prrO6N/0s3xY+kL7F5n7pec40x/Z202pGvrSvEdj05Mw+2u409iXDB/8sf8A6+J/fVIPYxwz/Rv77EfvaD6zujuzHm+LH0h10dmXukcE4zsnl1z6c53qXE4OLfhUa6edd13/AGHcLbfCz/v8T++rL/kQ4X/ov99iP3tL+E7o/wD08vxY+kN6wzdrRwphXFm2TzA+ZpVwkk5nJ1Nd/Yn2HcKYQ2EBH+tv/vaHHsA4R/oY+F/Ej/8AvUfwn9HPnjy/Fj6Qy4CfevOfn7xB9KWkGv0Ob+jxwc//ACf/ANxiv39Yj+jpwb/Q/wD7jFfv6ePWf0Yv8vN8SPplFwU12o/PlcN51Lgngkb1+gn/AOnng/8Aof8A9xiv39Yr/R14MP8A5P8A+4xX7+i+s/oz/TzfFj6ZnwU+9HBD2w/kfsoW/YKg6V+gg/o9cH/0P+/xX76s0/o/8IAj9E/v8SfvvUv4Tujf9PN8WPpirgcnej87sNTPhmHNy4igbnX0rvn/APTtwb/Qx/8AXxX76j8D7DuFJ7mEC/72/wDjdrfhP6NX+Xm+LH0gS4HJ2Nec4s7RWUtkBRy1ikHFMV4a7wxPsN4UxlsLJ/1+I/fUPe/o/wDCGEHCSP8AX4n99UV1l9H6rePN8WPpEY9GZU92vOfnSzUx4Vgi/kOp2rv0f0cuC/6F/wDcYr9/RR9gXCNv0TTp3+Jj/wBarvrP6N7Meb4sfTOiXBTa2a85we2IW37m/Njv8KWYnGludd+3P6PPBzvgx/8AXxP76sP/ANOnBv8AQ/8A7jFfv6WPWb0Z2483xY+mKuj59685wp2f4YzkACSa2vg8Fbw1vO5EgTXVHDvYpwy37mFC/wC9vn77przjPsU4Ze0uYYsOnf4kf+W8KK60Ojf9PN8WPpCT6OySfNV8JwX247XtfMKSF6UjwmE8MknWu/7X9Hfgw2wQ/wDr4k/feqUf0f8AhER+hiP9fif31N+FDo3/AE83xY+mVjwEoqk0cE3bIKiVEgQCv4il9zAkdSZ0Ar9B09gHCB/8p/f4n99Utr2E8KG2E/vsQfvvVn1odG9mPN8WPpA9Yz715zgvglhjowiP5iml/EchtXcTewzhX+i/32I/fVF/yCcJ/wBE/v8AE/vq58vWZ0fk548vxY+kTl0dkb5rznBvEsb9UGIptwe7njy3rtX/APTzwf8A0Pf/AP6MV+/ojCewXhKCFwkT/wBvif31OusvotRpY83xY+mH2OmlSa85xVx+yXU5dxy60h7J8fa08N7p0Irvj/kO4X/ov9/if31Bf/p44Nr/AJmNd/p8T++p49Z/RvbjzfFj6QV0fOqbRyHxnDBhnXnqKqXH7ZkEfWH28674sexDhajKMLp07/EH771D3/YJwlt8JMa/1+J/fUkes3o5P+zzfFj6QI9HZF2rznCHBMPAJNMLCV3CPYNwmI/RP7/E/vq9X2E8KH/yv9/if31Sl1ldHSlbx5vix9IV9HZG7tec4GxpyHeetZ2LnPlXd17+j5wc74Of/wCoxX76vLX9Hvg42wf/ANxiv31Vl1l9FvljzfFj6Y0ujpvtRwtfXmKjxjypM7cutd4/8gPCP9E/v8T++rFv6P3CCI/Q9D/2+J/fUsOszo6Lvweb4sfTFj0dkT5rznCnAMcWlT/hTV8ICFnZTJ+FdrYT+j9whPdwcf7/ABP76iX9hnCjvhf7/Efvqd9Z3Rt7Y83xY+kM+jp3zRx/gL4cTy++p7t8DXYV18vsU4YBH6Lp/rsR+9qO/wCw7hbaHCz/AL/E/heofhN6O/08vxY+kK+jZ96OG+P8YLaA+GsuAYQGWPMV2y39H/hB/wDlP7/E/vqlsewjhS7YWP8Af4n99QXWZ0cuWPN8WPphXR2Rdq85+e3HsOQ56HWnHYBociu68R/R+4Qxk4Sf9/if31Z4L2BcIQyuEg/6/En77xqj6z+jXGvB5vix9Mq+Bm1Vo4u7UPCzVZtWSxB2rv3F+wzhTiGwsj/X4gfdeFQp7AuEgQMJ/f4n99Wx9aHRqW+PN8WPpCrgJ9685xb2YtQTQtzg3eXSSPD1ruHC+wvhS+7hYn/t8T+N6px7FuGf6N/fYj97SS6z+j7tY8vxY+kB8Bk70cVrbVRlUQB0pfjHFdwP7EOFn/5X++xH72hrnsC4Qd8J/f4n99Qj1mdG3bx5vix9IVdGz7WvOcFcQxA11pYhJNfoF/8Ap34N/of/ANxiv39e2/6PPBxtg/7/ABX76rvrR6N/083xY+mUXATXavOcVcA7OOYYU04vg2T3h/Gu2uHeyHh1sQmHgf62+fvumveJeyLh1wQ+Hkf628PuuCpy6zujX/l5vix9Ig+jszfOPn+o4C4hjbhGRF3MQBrV19n/AGSZQDc9SK6+wHsT4XbMrhQD/rb5++6aZH2YYH/qP729+8oLrO6N7ceX4sfSGl0dlqk4/fyHNGLxaIsCBVRTg4Nw3W+FdcXPY1w0mThyT/r8R93exUzeyTh+36P/AH1/97TfhQ6O/wBLL8WPpE10VkXul5zjvjPEQsAbn7Kxe5tXWtz2E8KLZjhZPXv8T++iiF9ivDP9G2/7bEfvank6zujpcseX4sfSHXRk12rznH3C+BvduTqF++r8mGt2EkxIFdJ4X2YYFfdsR/vb37yoMb7JOHv72Hmf+2vj7rop4dZ/Rsf8rL8WPpE5dF5ZPeS8/wBRxX2w7XPdbJak+mwqXs52a925dO2sHnXYOF9h3C193Cx/vsR+N2isR7HuHMIOHMf67ED7rtM+tHo7/TzfFj6Rb2NmlSaOTOI9owPDb+dJ8TxKJLHWuv19hXCv9F/v8T++ohPYvwwf/Kj43bx++5UX1mdH/wCnl+LH0hV0XPvXnOLrF17g8Kkz0FecLtEOZERpXcWH9mGBUZVw4A6C5d/980uHsW4ZJP6Nqdz32I/e1vwmdG/6eX4sfSN7G5O9ec4r7ZXotEdTFUa1iCCAD8K/QfiHsM4VcAD4WQP+3xI+68KBH9Hbg2/6H/8AcYr9/VodaHRqW+PN8WPplIdHzS5rznBXG7hEVjZxREdTXfr/ANH/AIQd8GNP+3xP76vh7AOETP6GP/r4n99WXWh0al/Z5vix9Ib1jOua8/1HFNy7kUEDU70DfxUia7qb2EcK2/Rf7/E/vq+tewjhI2wg/wDrYj8btRl1mdHye+PN8WPpEvY3Je7Xn+o/Pq7hmZtfgKs/CuGhRLV3GPYjwv8A0Uf/AFb/AO9rE+w7he/6L/fYj97T/hQ6PSpYsvxY+kM+AyvtXnOI8VxHUKo38qi4qwEKGlo1ruN/Yjws/wDyo/8ArYj97QQ/o+8Ikn9E1O5/SMV++qf4Sujmt8eb4sfSFfRk65o4m4dc5USRvXa1v2DcJG2E/v8AE/vqk/5DeFf6L/fYj99UX1jdH3tjy/Fj6QvsZk715/qOMeEiFpZ2hx4VgPKu5F9iPC/9F/vsR+9oXF+wDhDmWwkn/X4kfdeFdEOszo5c8eb4sfSKR6OmubRwlixIkUswtprjGdB9Y9K/QC37AeEAQMJp/r8T++rIewThMR+iaf6/E/vqb8J3R3+nm+LH0hvWGTvXnOEMXilAyroo+2k7anaZ2FfoC/8AR64Od8H/AH+K/fVJhfYDwhTK4MA/6/En77xorrO6NX+Xm+LH0wrgJrtXnOGuHdnjAZtOgqyJbOU12fc9i/DDvhv77EfvawPsT4Zt+jf3+I/e0j6zuj3/AJeX4sfSE9j8j7UcVEQI3qmdpcNDeRr9BT7DuF/6L/f4j99Q+L9gPCH97CT/AL/E/herQ6zejk98eb4sfSGjwGRPmj898K+seVPeB4qCfOu5Lf8AR14MNsH/APcYr9/Uqf0fuEDUYP8Av8T++ppdZnRr/wAvN8SPpmlwE3ya85wt2juGJ3ikNu7OpNfoVf8AYFwhhBwkj/X4n99Qp/o5cG/0L/7jFfv6Mes3oxc8eb4sfTMuAmu1HAdziAAgfOiOB3pmu9k/o68GH/yQ/wDr4r99Ulv+j7wcbYMf/XxP76ml1n9GNV4PN8WPphfAzrmvOcG8atSs9KK7HYCJuN/s/nXdj+wLhBEHCaf6/E/vqktewnhQEDCwOnf4n99SLrN6OqvB5vix9IHrHJVWvOcN9qOM5RkX3jvUfC7ORBm3OsV3Av8AR84PmzfoevU38SfvvUQ3sJ4VM/ov9/if31GXWd0b2Y83xY+kD2PnVJrznFLGRmbRRy60mwfjeVGkxXd+I9hPCm0OFn/f4n8L1ZYH2F8KQQmEA/32IP33TSPrM6Or+zzX/wDmPpC+x012rznH+DwmUa1i7V2W/sb4af8A5b++xH72oz7FOGf6N/fYj97UvwldH/6eX4sfSF9jMneji/EYo6Ac9KnY12L/AMh3C9/0X+/xH76s/wDkS4X/AKN/f4j99TfhL6P/ANPL8WPpDexs+9ec4ox+Iicp1FU3HXSzGSSfM1+gS+wjhWv+a77/AE+J/fUM/wDR64OTJwev+vxX76rR6zujV/l5vix9MePR812o4h4HwwMJ2FPSY20Fdnp7D+FgQMLoP+2xH72vv+Q/hf8Aov8AfYj97SfhN6O/08vxY+kK+jsjfNHLvsf7I3OIYpbaqe5Qhr93kqAzlB/XeMqjfnspruil3Z7glnD2xasW0tWxsqAAT1PMsebGSeZpjXy31W+qeXTXEKSjphG1FPnvzb997HpcLwywxrtIsVfCqWYwFBJPkK5t9o/bHEYi4wDlLQJC2lOkbS8HxMfPQcgK3b7WZ/Qr0b/Rj53UFc/nsxcInSZ251+x6uOhsGXDPjJpOSlpV9lJO17+553SuaSaguVWU67YObWdPlNEMchBBOaOWlH8WwLW2hjoflSe8+vX+fur6noj3LzHhNsyyljIB8zRFq3PWRQ5aQIorAp/ia2iPcjJszbEjYztULXI/CmHeQYZQPOBQ1+2JnTflW8HHuXmNbIMW0rOXUazvW6v6M3FNblqIkC4Nfgfw+daVy7yPOm/Ynjr4e9au221BgjcEHdT6108PpUuS8w+ObjJM3x/SK4LnsLcyzkOrRJCt06AmJrnt7WUaSR512U6i/ZIZQQ6Qy8oI2rkTtjws2br2jIyMQNZj49Iim4rBFO6XmKcRFqVrtFSsDoN+Y6fOvbwMLCwdRMmW6SNgQOlZJhxzlusUZfuBQCATz11rk8HHuXmOe2L8mmg1+P28qiu5hvqfnU17EEfH8aHN4ec8ulLoj3IFkb3T0mdKx/QweeU7719mJOlelZnMTPLTnTKMV2LzGU2D37mvXlMVIo84PrUrqB8uVDXLJ9PPejUO5eY2oltWtep51JlB55fWTr5VhhrcbnbrUbgGKz0dy8wdbJO4jXMNPOvLbSY0/Ovv0f4+VY3F+Hw2NDRDuXmNqbDH8J2mKwu41tjzHxoZWM+ms1nbu9ak8ce5eYCk2Es5jka+W6PiOXKo2g68hWCW5pdEe5eYDkwsXBlqJX8o/nnUfdxudehrO3a5SPWj4KPcjWzPNJ0mvUkneBvE1LaOgEc9Y5zWNxhO+/IcvKj4OHcjamfK3U/z/GvRclTEfEcunlWCMB5xWOfrPkBQ8HHuXmDqZifPSvi/wDMVmQOuteL0oeDj3LzCuTMrSA/DyrK5aPLSQSNuRj4bbGsLVwaxpU1y20DTXQAaySdZ0G1bwce5eYKboh7w7H7POvFGtZrbA0Mz0G5/wAK90InflHOt4OPcgO+8wuXPI6aD0HlUlq8N8onlMx6+tQgaHTynmKms2QDJnUac/5NZY49y8xrZHcfMdRPn/PKvLhA2jfkZX4VP+kLz111EUQLg0JG4OgGvxEb/Km8HHuXmM2wNrX8iszb0jlOtEPMA7EjRdduvp61jbsdSOum4+JreDiuxeYNsFNny1r66o6wdNB99FNZj/HUfZQ922OTayNI+2aHg49yNbR5hbg1mYEnSN6yOMJgAR/PP+RU64okZYtxEDRQZmd4n1NQOZ3hp6aevwreCj3LzGbZ73rxod+n49axlxtJmvHDbgQOo68gPKvLlwztHr5fbW8FHuRrbPXJ2IM868DcoiPX1miLqNAByyNSc+u20e79s8qxAXp4p66R6RW8HHuRtwcoOnp/JqbNA2nloBXqW9J5kn4ACFHqdST0iorhGh84jz/jW8FHuXmCmzK8Aeu2232TtWSXDGkAeekx99Q92NzoalsYQ852PXfp896Pgo9y8xtycXWPSTGvl6RWJuNtA+UEx1rFUZdf1dfCTPLn5eUVFiXgSYkjYEmAdYMjQiddTHWt4KPcvMbcmsOY3I9Tv51mcZt+YYE/EfZQ+HvkiIPlCzqep6Vk9og+LSJkwAB6edMsMe5eY25kOINO28gaD015V9fc89MvMkfhvQuJLjcGOh8t69w7ltSkjbNGh+PWiscV2IZNnpxQI95pnflHzqQXZG5n8Kja2QfdJAnbSelfDE5fq5CIgydIOvLUn7Kbwce5Btn1nEEmDmHKCD/jUl65+0TyAM7UOMa8yST66knz51Mmo93XeNZ+HlW8HHuRrZPcYQNZ/WJOnoB0AqG7a0BkR0gnNHXTahV0jfXX+Rrp614uJM6QPnNHwce5eYybCsxBBY8uWm9e2ApIJbTeTy/P0qC3E6kwRPT4VkgUn4il0R7l5hW2Sws82HkSp/GsltD6sgGPe1I9Kyu2l5ZvhsP586Ha6eu8TyFbwce5eY2pklwHyYeR1+OlfIhkiApAkgzp66H5VHmiTMAgiTEfA/lWGZGOk+syDp8OetHwUO5eYZMJDnTb4bx6V4t3Kfcmec/x/CoVtkaR4eZESdeZ+HyFegAGTMDbkT56fhQUI9y8wHJk90sYIXr4YPy1rO4xC6jUmOYiOg86itXyST4//Ed+ZbYfGvr7toWJ166/zHWi8ce5eYDkzK4eRB057ivMPcY6HKQOvz1/Ko7GDmfHpqddj0+2vLeHbWJIGpifjR8HHuXmCmwrEhh7wXbrpr0iobpy78+mu224rBQDu3wjQfP79aIs4YmfEBpsATp9/wAaDxR7l5jN++YC8J5mvL10nrAOnLX8TXxRQJzR08JOb0/EnYVILXnMQTAJEn5RFFY49yNqZjlCj3Z2mYIBOscpPMxMaVLcBAEo2us5T8xHLzqPEYKToQTuRoAB8TWRdl8MLPy36kGT6U2iHcg6gaziEkSY+H2x91Fpln3ydTEgaecaanrWRwH1iF5bEiOgykbfEnrWVu2sEFF6TnPTUmNRHTnQljh2JGcmRlSPradAI/xnrWdk6yQYHn+PKhhbIjWOY29d5nb16VjibpAiRB/V1/x1pfBx7kC2MrGJtgx4vPnrz58jRCm25G2nvMdzP5RoNOZNJyrKPEnnOvyiAPWpbFxBB96NYjbzPWt4OPcvMZthd+wmuhJGxU7fZrQ+IwZGsGDrqQB023/Os7l9CJESYgKT/gT5V9ZtXZKgchIjTTXUnT5kUyxR7l5jWyHPGp8XWJOX129Yo2zi0OgUeUyCT6k/lWJs3FAlQMwnKMrGOvhnX1rwqQYyT1zbj+fWK3go9y8xnYdNvZh8F/A0K7IZykr+zuPOTMz5xUCYVtQqsN5M8vw/GvLaEiDA32IGnrHLn1pvAx7l5jKyRcK5ByPm6gAgD11PzrI4a4umjH+192w+FBXrJB8JInziY6bURbt3DptpzbXr5k/YKHgo9y8wdyXPlAnOpPoZ/L7KE/ymxOgn/u/b1qNLjAQdeW4gk+ZI0qPMx5iImBEfOKZYI9y8waYc2KJjeeeg+Ea/MnWaxzkGSCNNp18hrzO9A5wToQP/ABR8qltWQZl5I1AGpJ6mef2Cm8FDuXmMgkvpzHUnxfPb7Kj7zxbkxtHhj4CayNobyCdPDmB/gSPvry3jNCsCJmcqfCTvHlW8FHuQT4XyZAJMeU69Z3ivRiQNDqTuec9f4Vir5hIAmeUKD61jbvFd4JjyOtK8Ee5CuzO7jByJiOdT2pIkGD6x8N/vodsYDGgED016mOdRFOsRPNufTXn6VvAx7UjbhR4gANRr1rL9NGkgx8aDVV5T89up8qyeyIPQbb0Hhj3LzA3D7eI+EbCSSfU/hXlvGa9evlSqP2tfLSisN4TIj4mZ+EVvAx7l5jWxqcUAsTEnUaGPx15CsExYiAreum38+dB3cSRrprPLb4Vlcxm+g+Gg+I5mg8cV2IDbDO8Eb/OJ+yvbdjnp8CZ+FL7eKAEkflWRvg7abaAkH+M+tBQj3LzBtjO4kTJ/GKiuZW0ksdI0+cDaKEFzU+I/HXX1rPvZ5z5bfzNDTHuXmBqZPhsGpkiNNN+fzr5mGgAyxzGhn8KxtXUkaARz3j7KJOU6kz5yPnR0w7UvMHUzYHso7e3FcWL7l0YhVZveQ7AZt2Xlr7vWBFbsrlEOubSAeonYcyZP2V1dXxXrF6K4fhc+PNhjWvVaXK1W/ls/RdE55Ti4y7KK37TLoGEukiQMmg3/AKxK0i3aAaSAg1jPcAMDmBqTW4fbP/8AsL+k/wBXp/vrdc3Y+1tIGvONa/U9Wv8Ah0/0j/ZicfS7/rV8H8QPttxxXcQ23QHU0hbEyJzfDLTe7wwyRpl686gHD4B1Hp/Gvomx4+4Abx5P8MtG4biJAjNbnnoRR+Gsj62ummX8aLscMB8p20Gnxpk4hF+OxOYKc9kQNpIJ+FD28QTH9WfRoj1ppj+GCIIXUamBp8aGwvBLYXYETuR/M1rQUQu8mIBO39YAB89Khwl3KNSoI2OcaHkY51PiOGWxyUj02rDCcOtd4QyjLl0058qaElZk9zsP2VcQF3C2WkGUEkGRI0Nah/pIcHy3RchfGNSNNuv502/o9YazctvaZQTbIIAZgYPOAR6U19u/YK2+H7y2hzW9xmOqnfQncHpXfmUZwtHXl8eFnPeExUETqDT69iAUy6Ty1qp4ngubRZWNSdamt8GiZcgiObSfhXls4rPcejT0HKscMqwQQS26kH7I51kvCGI/rmy8pMx6abeVD3eAEsPpTmGu4/gK1IAbhQmhM7a9ZrNys76fjS7FcPfQi6C3NckyOs7VC2BuqJ7xddgVmPXX7KDj75gzE2hOkaesH1rFgYnQa/CgrwvqQJQhh9UfKQCYPrUim6NVNsmNZDCPmDW0s1BOU7g+vQVFYZwwK7qcwK6QRzrDC97BMW56eI/lNR4K1fGsIZ2OYrHroaXQENt4hsxbnGvSDv8AOvC7MYkR9/U1H9IN0Tf6rA/PQVGcUwM90Z5eJY+W9agIMuWgNNCf51ry1hyeQiRJJiJ6+VD2u0GYibbCNNFH2VOvEhzt3RIBAyiTrvoSY5+dZ42ZoyvYYjePgdK+nzAPQ/hQ2L4zGotufUbeRqU8cSAe6cHcwMwAny2HrSuBqCEbzBM7wST5dKzuWxzmT51D/l9R7qudDqFH2dPxoV+0Vsbhx5lG+yAaygEKXBPrroFzEkxp0E7knSBXy2zzA+PL/Gl1ztLaJjO0ejfiKkHH7DBfp1nnIYCOkxTeDYBlbsDUkkfH7BWdvIIYk6cvXalF7i9kEfShhzIOx6a0Zh+M4aPE40I0kD4bbmjpl3GQQLqs3PkDG5/KanZVDGRE7a7eUb/Gok4tYmQUAPRwYPLc8q9TE2TJFwFp1OYD5VnExIllZ2+R+dYZYYa89MraiojjV1GZZnQ5hr51l+lEwAyk76EDX18qXSZhWIsSJBIExMiZ++hDhmUwDmB+E/GvFxCA+JgfjIB/GjuHcTKgiRBHz1++tQQB8M20iefn/hUtu0Z8TDQmRPTpFOFwgfNIEQMzHSOkMNvMmZpTd4eF0lSeWUyANdZgUTGV60OTA/YNNTuAfKs7WMk+7qeep9dBUNy3oADz21j1PlWb4TWeU/A9YoJGMcYxkQ0+XMfCoTZY7TqdCenPU6b9KPtuST7usnkB0j4CjcVdMA+EgRAj8TrHlWMInQ/rD51IuFZjlAJPlzHXypkbls/UXqW6nf4RXiYUMNDBPLNr5zA1nkKGzMLcPgypOkR4STHxA/MVOmHgCRAIkCdSP1su8HkedZ3sHHhzLM6yYA/HQchXtq3uI8UHXTaNOUg/HQVkjUR4dJ3POASSI+VRbmS06+Lz8h69akXDTp4Af1mI0ESTJ0+O9eJbAAMyJ1I6VmBA9uxM6THIbdKmVcpIETBA/Z01J03FG4fEAnWNB4VUeu+x895ND4q0CZ8XmCBv6zrP2UQ2RYa0sGSTJgMS0CNTA8+flRHfJ4QpK6bqANep0nX7BQ1pso1UQCZ1mZ5AeWuvnWIQNt0JkNEDofP0rWYN/RYIIcypmT1Go5daAxOJZYzO0HxQFk6xyA5+cCKkwqftN8dv5FF4TqdSdFnnyHyoqRkwduIj3QCA2jakTGoBgzvrE1l3BOw6CdT671LiMQOZE89AAI5DefXnXhuLA0JPlI9ZOs/Cs5UbUZWFRTDAsYiRsCT5aTGnP4UZ+lrDZW1OhTLpr1NLe+A5TziToB1kfcaH4hxMc4joo+UmNd6KdhbYzvW1AlxvvkGnzB/OpbGHVhBuCAZkvGhj5dPOqzie0SKIkj0VtPkKhXtfaH1jvzDagfDeetNUuw1st9zhY+qVM6Dbwz66VlheGLBHjJEwVWSGkaswkZRyy6zrVPft0m3x23/nrXh7VWmMlo9AQKNSXYDUWjE8KWSWYqRJI3PpA1JP+JoWzhgSA0x5c/IgUHw7i9kgwRJ/aiR012B8qZAhgYZRpshB0A5fz1pLZrPb1q3GgidNtR/j5zWHcLr9mdo0HKQK+ssq6gkDfYb7b+W/TSKgurmM5TGWdOS7CY0GbzMmhqNqJreGSQc2sag6j0n+NZYfhk6CNNSdfvAb+edDJYjaRpP8PX0qRmGg2OnXaOk8zzPnQ1UbUZOq66keSkfacp0rOzYtvAzAED6wMH1Ig/zyoPD3jJ1Ajy3/ADqe1iBJ8J/IdaymZSJMVwpTqpB66Efn8qxfg8b6AdNdPvrxMVtAiRB8/M+tR/pJ18TH46a1nOzarM75UaAx0nXXbQVPiLEHKwBgSZMGTsNAY9NNtd6BTEQdtdwamAYsdQS+45ny9aGoDZOMFy0AO4/Lr51G3DCBIKkDQ+IAx6T9mpr1/CJ022mSPzPkPjUWEJLaRrr56dOhjpW1m1GbWWA1QadBJAP2/CvLeF01I05H8qma7IBJJPLWAOpiCST1mKwuXMxIM+kgaRtESeu9bWZs97jmCupjqPjMk1IcG6z7nwUeIf7WoEcqmwTFAcuUzI1gx1gnbppXuJ4u4EG2gMDSJMHmTrp5aTR1A1Au/wBRZHPSfy+VFNbEAaAc9PmAfxqG5xIa+HnzkFtgAAJAEcpH21FisbmgtI3iPwihrDYR+iW9oWdpbb4VkMOkbLA2YgTry2k0Mt1hPTlnnTpOgkx0r2xeJbUqQNZCwD8I3FHUY+xO5ymdNoiB8B99Y2rhgSsgHosk+ZgGKzvTJ0Hof4b6VhZw7GTIURB+OkAflsKDkCz1cYpPunXnoInkNIiphxGG8Kgchr15zy9dOtRJYIIBEkbyvy3021rF8O25EHbStYbCbToZllmYy+IyOskajzrJwvJlk6QJ2Gw0nfz8qDloIzGJGhO5/HTSNq9XDTpBA03I6eXI0dQLZmLqgKQmVpmQ2vSNIE+e9GHGgDRd9eXXckmT5Cgzw8zAygchBMnrFfJhwIHvc5Gnzjn5VtQbHOGxrAe6YM6kKPiIMmPOpE4mpAGgJ36+WnWka2d8uusTqFB310kwPmaktyJUBWJ18IMjptsfKjbBY5LrmEZTyjQx0LDY+lQ43BluhG3uqB9mvoKUW7vUNOuzRr0jSPUmpGvHQiYAOpPM76bCBoIE02pjWHYS2F8zvP36RyqDFrbuHU3AZ1y/WA1IJMeH0jrrQrYpiByG501jzmp7wDb6ac9vlWU2bUeJhUEkCBzlif4mg7losIA22iR6npr1op8KNcuRviRP9nMJ+MChxauKdBr/AGpjpp+FHWwqTIf0ffTKRvG5+Jry9hlA2+P+FMb+HOhcMJOum/kNCB6n4Cos1vUGQ20f46xy5UdbDqBrWEXQyCemXYnrP5VKcAp0BHrpPx8qYWLSnQaHmdY6anf5UNewKA6Eqdtt+gHT1NDUzamDnAgaACYmRofLWsV4FpM6nfXSfxqcYI/rDymfkNN/srMNAjc8yPnuefy0o+EYNbBBwxxADaHUxv8AfUl7DkAnWRuJgfHej+/U/WgjWcoJH2EE9KgvYrw8j0B3HrAEn59KPhA6gfA8PB1JA6CPv8hWd3BjoOggnX1nT5URgbbEgmByj8PSo7lpwdwd+kT6UPCA1MBOFZTsfXKSPn0rxU13J+H8xTW8G5n0/naszh1Ak+X8jrWUwJi7KCDoZ+qBP2zyFCNvAJJ+zzim11ADtM7azp6VF3C6QDPQKQT1OukedHUGwK2s+nmN/urK6xGhgnyE/wAmmneL+sw5aiJNeSTyA8xGbz5itqQLE6liOfygCvGdgNY+G9G3r2sbA9TU9pgdYGm2oOv41tjAd5QFEBvQ9ev5TWG2+nlNF3rnXU8+nyr2+sjl8oobGTMbN7yPlB/nQfbXXlcfh8p0HxGvyFdgV8k60fxf9f6J7vQvu/J+8q3tWScHeGuvd7bx3qTXO/Hd5Go5L6c/410d7SQv6JdzCR4JH+8T7t60DxHEorAG2SORmBXp9W866Pmv+R/sxD0nFOat9hWH4bdgELvJieVB4iw0GRp686YcW4gQwIHh5Ty+FCYl2Osz6cq+i2eNJRQNgLm243nnPwo/D3InWg7ZiD/JoixeH6pPOaxKwpGHr5VCjyCJPkKMtXAw0gH7qAOGOuvPrFY3MhRfs5VDirJBByka70Xfwh2JA0J03ivsUpy5d9OdGLoxe/YhiAuNSSRmBGnPoK6ixNkMrAgEEHQ7GRXHnYnHi21ti0ZWB0Go9K6+4DjRctI6mQygg16XDyuFHdw7TjRyL2vwht3biarlYiAOXrSK3fneR1j+Nb39ufYvxnEKZzwHUwNQNCD+BHxrS/6ECYGv515+WOmVHHOLi6ZE+GBIysSOfSsMbC8wTy00+dTpw5+cARtJlvSobgA8Onx19fKp2IDHGNtI68qxKgmSf7QG9Y3DIMAaaevpWLRE7HrFCwHpgbSB8PsrC60H+dawuvuJnSoQ+kczzPKhqM2TMp3A2PKvbV4xPwjfX06UON4+3YHzr1t419Qa2oFh9s6EyDPKBUNvBny1Gk14to7c958jX126w0PLY67evSjYx5dvMoKhhvroDJ6TG1YXN80knTT+eVY2IE6+h3Hn8a8W6Bz5/wAitZrPO5zc/hWQw5AOs66rJ5ffrWFy5rIkem0+XlWZuyfxrWZMJTA7Ac/P7elS5V01HnvofjQly4QJEz05adK+w+KDEZhpOo6elbcyChbWScqHr4RBqa/wu1cb+pUMdgECqT5DY69J1qJ74+qojpzjzjnUa45vPTYmYgchWUmGzDFcARTlNu3In3Qp9fEN4PnUH+R7fNAPhTJL4MaHqTy/nlXnejURMnXXb4eVZyZgG1wizqO7B00iInzJB09BNEjs9aYHNatgaeKIj09a9W4VPrvG0etepbLaA6DYTFZTZrBU7KWJEjRmAk8h5/wof/JFkExZQ+o5ciNfv1prnaSImdNNZ9KGuXdRpHIkbVnOXeZvYiThdkD+qXTSRJGvT4Vja4ZY0+jAPUTPpv8AbUtsMZ1Kjcbweg25+cCstTrEk9dtKDb7xbMR2dsHbMJGvjaC0eunpWNzs+UIh3WYmHYz5RJ+VHLaaNwANYnr0HKfOKlt3NQM0kakmco6ARqQOulMpMIHc7PZT/WvI/byxA/VAJzTpFB3eANuXuddbokztoNvjrTW5b1OVjroTMAxvpr6bzXyWgJLGVO5IiR9kiaOthEacK/acwJnMfs8qMw3D/DLNeIgQA+4nfbbzprbs28rKM3mwEE8zEbLOmvSluLwuujvoAIJIGXcARuNdutDcyRNdw6mFW5eUbkFsx31IATpp0O9BY7ClWhblyIH1hM+cARXyX2VtTBA0mdfSpbHETInlrqJny5TW1szJLFtiArXHUTOhU7x1B18qhvcHuMTlvXGA3YhVGu0kADQa0SzMQGMDMeo3H3b+lE27i/Wckj3QdgZ1MTEfCaCkaxMlq4NBeEc5RSIB3kDX1FfKb2hW6hOx+jEAfj6703FksILJ03AYk9AdflpU1nBCQXIjoHhlAECQAfSN6bUYVN30LNxC07ZdhyEDXrv5UI+LxGYiLXoFaNfL060+YiSQDObkw19ef5c6hdQCTDTyBP5bj0oWYCXE3SZZE+DMubyjKY9aHu3rupAtxEBcxLfLLt+0Yk8qZ2Y+sPe5nePKeX3ivP0Ya6gzIBH40EzMTLxO7sbfwDfiRRS8SP/AFLf99Yjz3+7WmRwqwGzAeKPd0kRtGn5c968wyQ0Aa6gk7QdNPzpnRuQmbjdwf8ARc9IgxG0bbVHhuIMfeFxRziNB6yRTe5gYBkAEzlj10OskLvHM71GtjSJMawsE/hEk1lQKsEwt9CPELraaQB/7hNZtiUGwff9TUDygnU+QpjZwSyfC5gSTGgHMmOQ+06VnZ7td58jyM7/AM61rCL7GKsEkN3p88hH3/jUb/ozSSsRzg9NOQ+ynNvCqxEMNYUaCfyEedergV3974jMdd9MoH+yIArajIqvdYX60DX+eVRYjhWFJ3IB5TH2xIny2q3YmJHgH+zuPSdPiaC7gjUgjXTwg6RJMk8usUyySXaayn3+D4eYDr/3mPwETPxpdi7aKSAMw8rlwfOMvxrYneMYyhvKImKX8axwUQRJMTp9kR/O9Vjlb7A6ioYTjipP0Mz1u3NPvohO2DD6uh5ZjGnkd/jQXE+MDki7811/j6UOONHmtqf9Wgn7Puro8FGXNG02PMP22M6ofUNr92mmlPMF2ussfFIManz8vL+dapSccYDRLXxtCP4/PWs7PHCfD3dif9UM0n7vlU5cOgKNGxuH3bb7HTc5Y28yT+UVO1wEwFO49R66xVX4I5MSiCP1UAmOfmfM/hVwFpQADz35HXmzQfXbQVySgkZg6r1iTtJn1J30jkBWF94GbKIOgPnz03oy3w+diNREwVGWRJ11gkeVe38A4Pu6EaSVk89gZUHeN4ilSQAK1dJEaQug+8+c8yakwt86wDI2yjUH75rxGuaDNqJAGYQqkyYGwk6mNZrLKVGhMjUxJnMdzGw8yaGkFEeIxEevOR9tSWrs8vEdOcxz26j4V9a4kRGYA8oYETyA0E0RicdacaLkgQfE0jXWdBPloKGkxDisSsESRtAA8/nPpWLg6QZPKVKmfjG1RXbAKjKTPOSDvtGk/GsSrmIYsQR1n4GdvlW0sxndkb/YOXrUnf8AMDnuQDB8vTrUK32nLDfwHP8AxMURh8Su5E9Y3J/DTyotBo8S7pBSTvmLHT4bH4zU6vI5A6bBTA5yTr8BzqJDnkjQc4aABvEsZJ/KvL2BjLCsQykgkMAxnXKN2iQJ5mY2oaQHt/BydHz6zqBz6mQJHpXoLA+K2p9RCk8oAgH4UNh/DqBJHy8j/A0ycsYDFZiSxMBYGYgExJ5absYFajM+v3CQPowpJ0IJE8uZOg8jUHfDUZ9QZHw3PmOlYi6x1gbBf2VUev8AM1lfxYOUG2oABJMakeZWCdtprUCj5F55yTPNWgk8yTpAqe7ZOUfSLJLaSeXMAA6eseU60HZ1CiMoJknU+YJB0j0qe9dA2YsdllJJPlAMjcyaKiNRn/k8/wDWKYEjX+EzNQ3FK6yD8d/Lz+2sLuLk8jl3ygD1mF1+Ne31YbzO5mT6CCBrER7qqBoDNGnRiW/izA3X60yw56Ezp8NlEVHd4oCPekcoUR9kDX9aCYrNMa6iVZYPUDMSOXkJ+dDh80yTJ3MD4n4UKMZNj26/frRmGxakHPmB6qQB8utD37aQsAeuY5nHUiSF8gAN68W2dSHXQTGh+Gu8ee9ZoBlisJJzBjljaJ9J3nprQ7sw0IkgGYObcbmNNBr5RU6Ye4NWzCYP1YM9cpMTrpodDtWJIjdgZ8KhdPVpg/KjRgK3PLNB3opsSZn4SR4dtNFqa6zjlHm28RE84HlWSXlZoJB/aAAzfEgkD0GgohSI0xmpJ8f/AHiCeuy/Ll51OMSu/PUREAdTqTrWFidQGXTmwPyGn3xWGcg+LIY08P3cqJgqw5JBUQTAzHp5n/CsMVjWMA93pPMz6yZk9IoLvhqYZV8iY285FZIkAxcJ5xHLz8/KsDkE2sWRrBjmV2+0fHasbd22xMSvQkyfjprUdhiTGVIAJmWA231MzPTc1CjLG5HoZ+NENhndR9cRvuT8tDqeQj1odr0a+EA8jqx9YGnwqW26wI2PUmf8fSKzsRJ8S+h1PwnSsYgtOp55fWN/Tp9tEtlyySDHw9I3rF1EyQTO5y7fAEb9Sawyg6hCPLy6wNvjWMT2j5A+Wu32Gvb1ok/VXkANOW3woGzblic0CfMkz98fzFT46yB9YiToH0++BrQo1MlsWyP2jG2YHWonS5GpgxPr0GgMT6UKi6TMabn89qysOT/CTHlPKmoNEn6S40+cHX0kj7qnW853B8tfsmgnvDz6DTfzJ/ma8W5OmvoJ/CtQA4gRqdSd+lZ2o5QQOs/bH4UCMOYmN/P76yI6LPIAEyT5Rz861Boai+CYIUdJ1I+de3LZ2EADyED1P3AUhxEg6Ky/M19bYmNZ8/T150VYEGC3rLSJO66/fWHekHcmebbx8Kxe0xEz8YIHz2+NYNhRA8Y9IIJ9TtHmK1BZK18iNV3850+Fdh1xvatmYDcuREegn767Ir5J1ofi/wCv9E93oX3fk/eVP2u5v0K9k976OP8A6qT9k1zpj0uKJJMgxtpXRvtZVjgrwX3vBH/1Un7K59xWEuMMrXoU/UUaE/tNOnwFel1bq+j5/pH+zEPSkU5r4CvcSxQYakZufpUHcz7rA6dRReI4ZaUbE6+InUfClWJwqCYWddNwfsr6MqR4roN4Vw93aFUsdSQNh5nWAPM0xyFAVaR1BG35Urw2BBGkpIggM2oHXWiLnDj/ANa5nlMz8TrTCtJLYItXI8vhUty8pJG5mZjlzpcpfLlD6b69etfHDXM2l0EREhYmfWfShQoZevbBQNdZ/M1Nh8PIYmenpS84O8FIDAgHUx8hU4S8RAYLpqIEHzNagknDd8sTrpyHrXSnsB4wHsG2fetsRHlXMFuzcBAZgDHIfI71sj2G8Su28So8JFwQJlefvCOXrXVwzqVFuHlpkdCdveBi/ZKH106x/OtcocTw4DPoYUkaHYiuv7127l9xD/tH/wBtc1e1/heIt32YWbaK5gDPnnzGgAB6VTisTfjFeJh2lJILga7fZQ93h5IJU5sok+n5+QqJcddUkC0vnqRJ+VCviXjRDrMgNBH4fCuBxOKqJHsEDNGnkaHa9O40/nWhLd55nu2ImIza/wCFeri2Bjumg6dR8+VI4sFBB0nwyD1rCdOWvlUF3HxvauAfP415a4yqn+rfTaVJoaGLTCHWd/srN7fIQSdZqH/L6GZDDnqp++KHPElOxOvwraWamMLaMfX1mfL+FfPMnYEcqGwePtqfEdtYE71LiOKWp0bzB0kdZ13ooO4Qic2Xf+dqkNsa6KB58j0nlUdvEr4fECeUEfnvUmDxNomG1066T1gc6wUQBRvproR0npUbPG8DyojF2kJOWF+7zIj50NftxpII/n7azMz4XzoD1nWdvv1qQ4ocgARp5ydNPhXuHvjp0+zlWVy62sAfGNuWlKaz5sU0xJiOQ+wmpLqnLJGnL8gKGt34kddx51ChnnprQsDYdnLDQfPQeU0UviA2DSB0EHqTQ1jFToNxrr9v+FFC8rkAxOpk6D7APto2FEl7h+mYOGE6gSCvTQgSPShFJn3pgGY8MgchHWvrblTG4mdzHqY1rJ8OsHQ6+7015z05UbDzBcNi5J3Eefnz+FTSm878hy51EcFryGupMgehgE+Q036V4uFI1MzyAE/ZE0rVGCLGMgEb66A+W3nWTJmA3mY8vUczWF9lB8IBJHpB86w7zU7kAa6xryjehYCbKBpnIU84Un100+HKvbdxY3nKNtswmTmPn5VEmJGukkanT+OnrzrLC4sjkCZ0Eb9dqNmsxOLzA6ACdPLnoI2rMKcsaGeQBMHqToJ9ZGvnUi4+dAI6ACZ11mdo2ry7jDpOyzoeWnwpkZANzDNMjNHm0DTfnt9leFxuTsQIAJ2/nnRVzEDy13A0IHluNetZ4hg3vFQBAAQkQoG2wk8ieZnejq7xrBLboxOjEkwDMBR6c/4UOmFgSc2+8ch5Gpb1gjWCFgRrI8o6c968uXjEHYbzvNNqDZELu2bNGsch/H0oy49udJAIAhtSPUgDSsGuDrOmrEzJ8gRp61GBAHuliDpvlG2uwmNY15VrsAavDw4lXXw7kGD8j4oPJiBMUQ1hUAhsx3IOgHpIk/ZNJLF3LtMnbntrsKms4rQczz0IjXas0EcWbBMk5zA5LIWTzy6Cdd9z6VGU1nxKGBEkGSAdY3HlJEUPhMWd4AExp7x9Y3iir2PPNVbLt4jPmCI0+ZpbFsge1MZU0n3pJjykxMD+RURww1Pu6kECTJ9NYHnpXy4hiCw0ggwusfHkBsOtTYvGByu51Mjkdo8I5SJPWspATInt/wBogAx678+XpWKWtuunXnpHnR9i8gUFWIP6oUn1yy0AnlOg31NQNbJkkREZRIkTOrHSTtAA6k8q3wDEv6EAT7oETE5SI30I8R2GnOsbOGg+E+I8pkAEQQSQNQN4+FRfpLhx4QRt4jOh3OpEE9eVRW8eQSTa11ObMdJgx5es9etZWAY2uHnq5/XXlE6ADU9deVQ8QwB0KgmZgH3oB5ge78TtUOKvG6dzqRIHLmB0nnA251hg7DjQEMSdYBLQNAJ5D4UyQT20jgiU15AeXXp+VSjplIOxbOIy8wNcwkb6VjcwzHcdNZWB0105Db4ms8PZCsCY6qNCCepGuYabc/ShZj65cBAyrl1MDQLHLfaOp3rG1d0YAAZo+uQY3gk7g7wCBMaQIoTiBInIxYbNKxqf1Rr4enP0qOziSREeI6HfU/ViNo6czWAHC8ZBylugBgb7A+XX1rL9JEwVnnM8tjvrp8qww965qCQNY26e95ATp50ZbxbEEMAVkTAgFvdUExm0k6TG+lYx8CrNGSTEAAq2gAHLXLGkxqdPOhrVhNgikk81HuxtMiGJgARAEmjcNhwg0MPJOjMhAI0zQpnyERrypNftMSIkcug8soidNZJJ+EU1sNhOIwSIdLasQOR1DEbbg+HcmvruDQgAg6AxOh3JMnKARO2smfShVlNiZ6k7zz160Q11ju/SF2md9AIgAak7+dbUzWZWlSDlzDSAABr18xUlrDMdAryJPvE8tZ0AArLugAWNwCJgArJPoCD6D41F+nOqlVf3ozw0zJkBiDJJ5rPwoADbeHuCdToAAiiZJ0GsbT8TXxwRYkFyG0kEFTMwRB3O8yRAGtQpxiNwANevibzbWAD9VY2r65xq2VAhGaQZy+LTc5/uUSB5UAWEW+EA+Aa6z4YLTEctYAHpUWMYQMuaG+sx0YbAgTmHkAIgGpMPxkCMqAEHQgFmPQaRzG4GgnWpL2PSSzJDGMocNM8iYA8A31JkxoaKCgJXjVTOkSRlI01APIRz3P2VFexilRKgGZzAnkdhPXmTJ2iisEga5GbQ6ZlXMuaYkhjIVhJjxGY0rzGFMwy2yumkanyJndjpMbCBEzTUEHbFDUcoB1I3PSOXqZovDXgw8TDpGknWAJkEDckxAAoW3wwgaSYO5ChA3PKPeeOvWeVFjAm0RM6mZybMPdgE6gmTHlvrQMeXCoLaJEAAEaGJ2jXnJneBJqTDd2VIGrEgKSYA0kwBAGu5M1CbWhE6hSzHQiAeRic0mNNJka19c4VKqUeSAoZACrDMJJEnMRpEjzrBIsRZYHkw2GU6eejAGNYmI6V8MeVImcy+H0A2AIobEYe7MZW1aBrJgCY1IMDqdJqe5YYL7pgH3tcs6mMxhZ9OVB7AC+GYu2Sc0rJ11nbzMa84FScRvW4Eg+8SJEeXugnQcgeZO9LDhrbR7ywMxObwz5aDbn99R3MODAzREalWPqWaCAPWsAZFVYGJIHWVA6wPrcgOe+lY4a0DLZ1BAgKSCZG/hPSsO/uGAGD5dt8qDfcwAW1POsv0g5ROuu+kegIGm+/40GYzug5oJdiY6k+czzPyAivcVaBnwuQIkTljyOo357RUNzEFSdwx3EwAOXPl5/Gi7HEwOo0gyuaR6nWTprudyeVZAPP0ZQMsFTA9y6Iyz7jZDBmAYkxpXlnh5ktCi2Trlcw37MZjIEbgRWFvVgJIUDSQJH7MbnzEVHjWBGjMWzR4RpppsB021PwitqCM8TgFIAChZI8xptrpEeZPU1E/CVAbMUiSNCxZ+cCTATqYBOw5whxDRpn285PyBMHlrFepimGjagxoyjXeIPITv1itbNY4vIDGVhOxzKuo6Dwgaa6rtHrRFjgqMpJ1G8JqW5KDsAJknUkAbSRQWE4t7wI95cohev1VJ91Z3ygkgR1rK3iAsqWPXYqT+qOonc89qNmsMxUFoRA4IhVclBtGwiAsaDprMmo+IYQKoJVcxEEh2JjlIaAANgFEaGSZqK7jmzAh9ViNtx6/jXz49gGZ2li2rEDxaQBoNAOQrag2CjBsYgEBtidSQN2VQD4RtPPkenz4Yg8iSdJGo843IHymp/8AKkkTnJgCTlzfDQADku8VJaxKzrmBMyWIkfbv6j5VrNYNhwQT4o3gFQSY3kTp6/ZXtvMxOUaADcgctTBjUnUKKzw4STBVRG2sEbxpBM85O1Ftetk5cykDXwKUbaTJJP8AZER8N6wACxaddfC3MZhos+XXzjQ+lRraB3HrB5xy++pWvWzspOaIDMDl8ydBt1mvb2MXLAHMwMswOZHITQMY2sHEyGAIEajQDr8eQ61nc4ZI1kmNwVEHzHLpGlRveH/WRGsb6chUm/OTM7qJ9fyECtqNZC3CwBpm5fWEjrA0Ek9dh1qXD21gZAwIkE7jTnyMVBaxTSRBOuwM/KJ+YomxjYDALExPhzegJkCefPbyo6jWSLabmykHUk6bcgAdPv8AOjcGp10G2kn8PwoDCMNC2vTwt/Px0FFYrHpOWCCOgJM+o0056is2azGxw12YaKDyA+wRIo6x2f6spYbkjmdwo11oK5xFFWFmZ101+JPToOdfDiRAzRrpAOkjrMdK2o1jBMHljXT0BPy108z8K+UiCNNegAB12jz50Hb40ZJyqfjy6GpcPxMsCBAJ35xW1ATJsdhAWmRmO8DTy0/KhLeBbLo1uBpEQT6CCT8TRuEdwSM6RH37ySPxqS5cC75R/ZgADyHXzplINihcJyY5SeQ1aPMbCfX5VgbBUwGAHKVgj7TPrTG7jUGucEjUaSB8SNYoVb4O5Uk6zrMnrpW1GbI7rkbyx6kyTy386xGCkjwxpGo+7aKMewsQd5mR+H+FRvps85etazWedyBC5CTuM2q6fsjTSvr2GVtfeP8AZhfmd/SAK9ucVjWCdDEEb+fRfQa1FhuMA6Ft/KT8JrWazLDYAc1RjpHWusK5TvY3UKCOomJj+NdWV8l60Hfrf9f6J73Qnu/J+8qHtkuRgb5/1f8A6tuucbmPIEaD5muivbWD+gX4/wCy/wDWt1zbdwZy/WbXce7869Xq2X/Tp/pH+zEn0tbypLuIMbeJhR4o19PjQ4YAanWisVgri/VjznrS7EAxoNRv+frX0Q8doJs3DOmseWw8zR5uECSBEQY2FAcKuHLOkExTFnGXf4AGszNGODxCc/gI38jRJvgkRE8xyH8ahw4AX4zA+/yr3EuIBUR5DWfXoT0o0Cg1y8EeGDv5edAlMolWk8/KvcPdfXl1J318qltEAwQQecncchH871qCLMRisrKdCoOum9WvgPHVW6jhoIIzExoOQURpAqtcUwmZTAgTIP4UVhWTINATsTGoPlTQdOzJtOzsrs9jhctq4IIIGoI/Cqb7dOFZ7AIUsVYGRyHOhfYPiybAE6DQCCKvPauznsuP2TEelenk8aB6UvHgce4+/DTlOmw11FKcffkjl+dWPtIyqxB3kz1Gv40lvFNCB5+v5V5DR5jBLpOg28wKhvkT4WJG5nSib1vxaCSfx6VLdwoUHTxD0I+PnSUJQM2JXLqkzoCGIIPI859OlBXQd5NNiIykqJOu2g868xmgLRvG3u859aLC9xa9rnE6bUT3Mr4hGUjYD7qwt4eT4T0gQZM7xRS2nUg7mYyncevSgrMkQYnBrlEgSfmfXeKF/wAnqY8Kkg7FQdN5MiibrOZGUmNTGvxJ6etYIzA784IkA7fdWszBn4LbYf1akySxO3lHQRX17hS6HKB1jT02ozDXo0iJ0mfwr63IG4if5npQ1MFgP+T0VtVB5kZm+2CPsqVsAnhAB11OvLlHw60QbW5I1+wCsLFwg9fy6VrYUC3+Fqf1oBMCTr8RWNvgq8g66TOdjJ+M/ZTdcIVPjHhicpbKSDz1BI8tBNY4hABmU6HbWQBO3rR1MwsbhaAQC5bmZJg9Nd6kTg3hMXHBkRtEQZmRI9ZArMMvMmIJ01JPIDYCep+VeNfmN4jXrS62BA4wzjQu5Ujw+6PKdsxHqanwVttto61m9yJ1Pp1HKaxtODrLb/zHOtzCg8WGg5gZ00gyOm+mu1TWyFIgEgfrHy1UDaNdwdNKDs4u4SwUkTqdTsOc/j50QuIG+sCJHptPXWCRz50dkjWZYziO/wBGVVtDkOUkTMSc0DbeaxfFe6VtnOAQWmcwbmZ2yjQR+NfXuInlOwksBvz02g+leW+INq0ToNRpEnQn8BQsFg9hB+oQwOo6rz66z5UZdsiPEyKQJiMoH9s7/IMSOQqE41TJM5vnpz1qO/dQn3STG8mSeXy6D51g3Rg+HAMCOs8j6Tr6TWXD18Y8YSOoJk9NNh56+lQvvrMc/KpmcaQ2m2g0HP4+ZoC9pL+hkiZgj4T6CNa9xFslQTLfqksoXfXwxmY/ID7K9wDoW8bnoMo1M+pEVJcw6SDnXYEwJI8pOk/OmHRFg8GGgHSSJOk767+IxFe3MAYkITvECZy8gR9vIV5fQBtX35xm3jUAan4c6jtFVYkMWEDll0bcQSfs/Cs2AkymZNrQCQTJCgn3tvWKxuYZQDIAMjXeBEmOWunn91ZNjcugEA6wBIPrmHi6cq+a9EFkGWfdOhiQWAI2nad40oWZAV2zzUAQRA8TQOusiOevyFZC0/uypB8RHOfvGnWKZjFg5jplg+EMYG2+vi2212E1ne7tlBQiVAJzINWJMg+QERPQk701hbAcFbaNJUa6gb+tZWlMmROkHUGDpO3qOZPKp7nDwMpzuc05jsvoi7wBzJ1NQNhyg57ggMDtpv56zt05nQtmuyM4SZj1B1O+vwArL9BA1ZhqNllo6Gdjm3022oiza0bMSCGAgA6AEzoR8KJxOBGWR7zaanQR+t5xyG1KYWXLPhkHwxHnO8xuANNTz2k14lgaSw8QnQb7wJOx5xudKLXCkEhIOUiNTLkkwwJiAo6D8ale9A0U5hJb3n7smQOijQgaCdtRNGtjCxAZOpAqQjLlGaZk6iYHw5+QovC3YzaKDpJ001+Qk8x051Lib2USpBEDZW59dIEa6nVvPlkjA2JDjlBnYrEeUEfZQty/rJDjl4RoTy189/Ojm4feMzqAFLFiPCHkARuYiSIJA3rK1aeCIDH3QVBJifITPw0+dFIwMmMYKukmdFkhiBJJMHRTzMzA2EzUNnittQZVi3KGIWT5TsvQzRAQmTII0GXMZYnQDSZg6wdNK8vLqZVVOWIKqfImCCJ89Ip7QbIgocaJBLCII5+W+9F2uEqTAiZUZi5jmCABCtmP1j7qjczUJUTMEkgEQRBJ9NNDpHKvcLgGzA5TroCCCByMQd59B50tmM7nDgG2J1IH1RpExJJI359NpivMTh8plioIGgEyB9UHkOfUz6CpjhmX3s0x4VDzA31IJAI6RvJ86GsHx+KBEydYAE7ROvKep3omPcKu23vDlJAHUnSPIjWNaldSgzKWMQQ0EAMTsBtmny51BhQT1AALNA6CSIJMgH6xjT1r3BYQKGYhnIEgEkjXnCgQF3I1knWIrI1HyFvEYOhhtl8WuZiWbNOsaCsbfy5HeYO/z2qaSDmYGZEwqEcjEaDSRJYmNtTQmGMsTlLKJOgmPNttBsSdBRDQVaRpgKrEiRlJPLc6MxblC8zrtUKYJ/fIiSRJEk9YmdQdD0ryw0EyuYtzkynkFWJzVC16BMCCIzETMHWCdtdCFjbWlbBQSXMCFByzqEkknkRrPrE/KvMPim8Q7tSx5ZBpP6qgQCfIVNYuHLMaAGI0LGNhrtMAnyr6xioXwo4J5hoTTQDq3P7dxWsx4lwByjKBIjLmOYDcjNleCxG6rOsaVlh8esEFBHQbiddDqzfGB61mb6H6kchrqJ96dxr5GpcaUYQAikRrChYymfiNgsEk61rMYril+pnG8sANFgaZfCOUZp2Og6437jtE6BBm1IJAOsx+t0B20qNba6ZmkDZY+ew5/OibeWSYYEwfAoUDX6wJaANOfOtYLI8JxJAfcQkrAGU8x1JkE82FZJioBYqAxPuoDlAnkSWgEbnTXQczR2LwFs+NTJ1mVUCVjUBd83UxAEVDewTHWFiQCSJ1iPDHvR+qDvvRTCR3bkCXVpAklSDkBOkjWCZkD5is7PEgQQpgTJzA6QNNvlI5zWGJwDo0FVUeIQSQJG50GsdJjzNYpjbjDLmtsp/aDeLTxCAAu5JbYRGtABAgciQCZ1J8htt9Uax1M1OFIgiFJk5pJPWDrOnSKEvF1BYsOmjNodwYUaiOsDWhnxzAx4oA3O5nf0B00FbkZj25hHaPpJBGjHaPIH3VmSY1+dDtdYRmYEg7HUAGZlSInYg8o8qDXik6PJ202Gm2mg+P51NOYggAzrA2MeQ6daXUYwmfcjeJ0AjkBG09dZr7GYC6dNN/dFwNA5FiY9QDrtRtzC3NzbbkTChQZMDwkjfkOnzrLF4UjQHKPrbatzCCDmImM3rGlFMwqxeNZSAy+HYEZSD111BMaajSsP05G0yhRJ18RJPIaSPjoKdG6GGVhy0hABIES0AaDfwjUxQb4S2RAIUbwJ+Uk71mzA6MSID5lkGCoGoEb6sAJO5APSvij+JpDHqYk8vCSTt0MUQ1tREA5QGC+IZtNcxWDzIJMmdpEQIrmGGvibOQCc2WCd4MnQ9Bz8qykawBb7kDTTWF39fMiilxbbFVkiQAPd+0kExrv8KPwqIyg94AdAAFIOnLQQJPUiirmBUq2UuZgEHKAwnU+GTE9dPWijIS2rqkgsCInVeemw8/PlU6Xi0FvD9USIOuwGkxAgkfjUv6EVIAZFjRny5gNdxOmmvr8BUV7DsI+kB5A5TEehj5UGagfGYeSRmHyJPpQw8B2gDc7fKnRzqshgRO6idTybTfbrEgb6VkzFdSxnb3QSCdG8O33RtRQBOl5YJKknkc0gD0A39T8KmvXD+sxGWYyhR5wTudhqZPIUw4dhc8yV0kkEADQaCAdzrtoOtS3cAfqmI11ZZX0WfD5bkxTbBFtlQQBlGUakwQ2g2J59BWIvqeU+QjToBvqfjRFnCOTk1M+YE9CQT/ABNfBRMBXzEwDEkEfW0gLzjoKAWD4vC6z7mmoKcwNdBIg/DzqG3hJncQNdJJPTyJo/BCWyrJnSGMHXnPMLv0qZ8HLEe8ZABQ6E7aRpHPOY+2sChZdw5EeADXzn46x9npX1xIOimDGpGs84E7dNdqJu4Y+6TBG4kk6H0qY4XLBYEA/X1aQdvL4CgzUB2LPi93X9oZW9I1qW9hCu6FdOeszruBAJGuXeKkW4BI210YzJ8/lX160uXwl5nbOY8oXmx3LaxoNKJiNCZ3iAJMRE8gBGgGnKorl+JCgjnqZ8pHSfKvrTkQxmDp5n03+cV7cxZIAMHr566TpsNhWAYi4y6yR0MxHp5+VfRpOY6HU7RO28TJ5CTzgCpkbeQNRA0Ux6cp89x61gmGUjQyRsIn4fmaFmIDdHX7Jk+vKpg4O5OvnoP58q+a4dioMcogfZFSsoPvLHQKYWfPSaxjJQzbKI8hp8zufiawF1hzj+flU6qYAVvhy+Aqa8hXLIYNBb3dxMAkToPWiYGtYZPrQecg6yeX4nkBUxGvhYtGwOo15if5NDrczNJnU76T9v8AhRVmxMiQJ0EnlQMDX7TEwTlO5z6D4xNRnEldmHqJ+zn8KKbBr+sTHLYepMT/ADvX1rK0SU315ECOp5UTNHmA4o2kaAdY1J+2pbmLn6qjzJmSfuoV8ODGXTWB/jtUj4Hq0+Sw2vmZjWitjEz2mOsKRsYIE/Iz8RQeHwWbZT5DMY/nzmalexudFP8APWpRfIAOc7fVGs9P50rWFkBwDAwfEdNYiuw65KtuTrJM9TBn4Dauta+TdZ/4v+v9E93oT3fk/eVD2xkfoN+dvo//AFUj7a5lxmLYjcgDQdB/jXTvtdYjBXo3+j5T/wBKnKuYeKWnbXpqeQ/xNer1bf4dP9I/2Yi9L/2i+A+xfeqoYyFbVTptMT/jS+7iCVGsy2o/jRAtE+8Z02nT+RQty2CREgdJr6Ijx5V2E+GM7CIO3WmvcZkjQGSSZ36acvxpK+EOaFaRoZ1Hzpl+jwfe05+vSiALS3LDQDSJHPpNSYnC6bQD586kGJAURrryH49BRd3Eq0DUQI6z58orGBP0YRPPaJ1+X40K1wAgyCR1Ekz19OtEXsSZABG2wWSo8vPzNRWsE3PwyTq0xpuNJk0AH36W0EL7p16gTvqdqj4XhYBDtEHYDXXnRH6OAJBOu4B1nz6CgXusGOsZhzH8/KmMbx/o78XBLW8xjlO2nQ+fSt5OkiuTvZLxFbOJDFmCncgaH1HlvpXV3DrwZQQZHWvUxO4no8O7ic8e1jsubV5mBAFyTpEjqDI0Fasx+HVdA3TWOvXzFdae0fgKX7Lht40I3B+PI9K5Y4/gSC6wAAYHU/HnXBxENLOPiIaWKlIEhX1jeeX8aDckgkyfP0orDYYEHaR9UbDzIrFbTbdJ23jz8q5mQSbMbVtio1B3kE7AbST9gofupHmD/M9IozwiA6sM0kmCAfJZEH1k1nh1XKQEZp+tJj0EaHzO80FEbTQMGiTH9nXVdeQHWhxcI5n0OhHrRuDwoLDUDzLQB5n06bmvr+HQNuNjqROo6bb0zAwa1eYHRoBEH8oG/ShXssGiCSSI0OYk8gOtNkfK6kDMeQA01G4nTTryrPiGFjx6jU8wSfMDQgD5mkqwUCXMEDMk5gQNtusnr5etS3eHEEsk5QNjuf5/GsMgMQGCneWlm13GgC6QMuvqZqR8PodwYEbddzG5j0rJUGgoYJ0WGEFoKHSN53M/I0DeJJJEAjUkaa/z0rG5h4E5jLagGNhp8PKoDiAI8I05HmfOKNoDD8EFJ8bNJMlgdegAGx+M7VnxeyrBshcx4yWALFttY1PWBA1qPAOsjSBGrHnz2mmeIwmVc06EBhMeKddOdHagoq13CZWKtvzB3npUeHaDp6elH8RzE8/2iBIE7SRy5V7fvM2VQBO0lY06mBr9ppKA0YWrrEHwzEkvGp/tE/ZWdpnkZQJiIJjfQktyA3O9Q3LDKSDyIkGf/LRdltpJBbXRZJ3EDy/GsjIgZyCZyQJGbxFSVMSugLDTSRUPfTJ19BTprROVWuBQJ8LMBl33kQoJ6TJpZiHSef6vIjyjTQnafPSmaszR4gGvkRy0+Z5+VEYq4uoA0OwO/wDPz0rzDYOds3KQJgH06jYzz9KKFgFlKWwIENBJkQACQeekluc0lASA7V4BcuWBHMzrMzsNjUlzCq0EEgxp5wPe66nYiir1plcBxqQIBEj00OmnrrvWYfxkaMYAknrsRrtuANhRCKLlsqPdb0jSPtMedG3ltgmCSNgVUmT/AGdDPKmuEuNsGBYzoWgADmdYIHnIqO/cGRSzwTGUKAPLMTOY8yNhz12rBFluwcpUoVBGumpymRruDO+1Qrdy6BRr1/Ki7F4bM5AmSNTI3E9RMGBvX1opBIQsSIgsGYk6AwBCxqQvLcmsYGtXTIGQlR4toJkaZY1CzzJ845Em0YAAXWZ1Gh8yTsqjlzqThtq4ZGYoICyQAMo0EkATtvz3ofiGHgjxZhB1TkPRiI+J861UCjDEzmZsoVswMKsKD0I108qlsojLmbOxXYECCPOIkTy0qC1iG1kHRYggyZhidfh009anu4pYOmX3YA8X1YO5jxHXbQ7GiY8xtuPE6ZuoPg1kCPCukCABGgFfYNbZnOXAHSJEDQSQedT2lRoyFpGpzSfNiADudBpovrrUVxkHkT4mJeAq7QBsS25ZtQF0ig9w2R2VMAzpEakTG5IX3tWI1+Aom1hS51Ye7qT4Y0589NIJ1J5UIcWozZWPiiQOcGQJI+7SpLeMCe6J6+ccjy3+dBMxhcDFpZp+qC7tExtMMSBUTsQIyAkDTQkHXVtdGEwNJ5UyHHVKr9GggHwlcwLdZnXXxajeN4qNuJKChCbEGCSwnQwIMDXWBz9KOwLPeHcVGZSZDAeLKQCw/VIjSfT0olbxIYkiM2iliWAke8dAMoGx1OggzQLXM5LtIUNuZY5jBM7a7a6wKltQ0EI7JmJy6lG1kgMdpPNa1msP4jgiSIQsrEMuXKTIEBTGugPSN6DNhxoULsp1MSukqOeVoEEH5TzMwmDgMQjLK6jXRtxDBvFCgnXbaKiu3IjMGaBMgjbqBO/mQfSs2EhxHEssCCDzzE5zOmkgZQNeUmeUVCtwMSRmWFOUA6sTsOsc+pjzpjavWmJzKU0ltJ94aeLNK5gCfLkKF/Q7avqQoy+FX8WpGjEicoGkAyT0o2AW4fA7lnHhAME5SW0hQZHi5kDWp0sboLaiTEKSSx5gE6RsB6VNisEgI8RuEal8p2jkCA08gI31MCsHwjECBBMwjTmyjyE5R5mOdawhtvhKOh+kgiDr4VA3gbljuNhQpsKJ8J6AzCgHWSdZ05bgVmO7WQ4GqMAVcMFfUKxBnNr+rpEHWgmx0AEFZ6KAAoPmR7zblhG2+woJmsMs2jBXQIkCVUIDJOpkBiTrq2pHIaUs4gqzKsWECcoOUCfDqNAC3M7nrRK4kMPKRDEaTBzSx1JnaNh60RjHUghbnIRqQug10BM/7RMDaDNGxbBchcTmEQI5gmdcx5AR5mY0qW3bKnvFcEjX/A6ek+utQJcgAZiNtMvg9fU+fKiE4jqDm8aiAwAkDWQNCJI8IMaA6UGzWe3ccGHjYnMWJhQFDE5hpzAOw2A61niMXLEM4SVgliPEh1i4yoWOaAQNBz23+sRB8OZhCr7xAY+aaHKJ0nU66xQ11lbWMsxJG0c21kmRsTRsNn1lSWUW1BZiIVBMxooE/VEzyBJ1qUW2JCldFJBBbRRqzZQJUDUtCjU0RgrwzHK1v6Qga5syqJIBJCgTAOkiKjvXWEFZVTtvmfTlyVT5SZO9Cwi62JZgEgftaACdJJIAJoyyxg6roNkE+UAwoHmSYrNnBBzKo1AgiDmEE88xGoliNda9u8ODRlUEcyoYkxqRIkDTmRAFFMz3MMS4IjKA0AzlBOuwBGoGuoG+lDfoNvUM1zMNMoBYjbxEZQFGugJk1NxDA5dZAaY96BsCAqmGIg+8QOXrQxxDAalGJ5ZRmiNDm3I1MbQeprWzcgl+GaAhycxyxDDINizCNJOwAJ56SKFvrcAYRlCkDUAGQIAJ3JjcTz61LhcXAA1zHmG1+RmfjvRFjGSwYWlJBlZZgFP7IDDxHmSfvoWYWYlmWASQTqQNNOU9J3FT4bjTrGoIEgSxgTvzgT5bxTZrZ3K2iwMEByx0G+QDUAc9hG5r65xlsuTKjiSR4JH7QHIDbbXSJE0LABYrjJMGSSJHQGdyegnkNdN6h/Stf1iZ56j0A2A5b661mqO2cQF6jYttI5SRuRyrCxhU0GTOdiFOkxJ1BkkaAgCOQ1p7Zrszv8QJhTAyzHMkHlMkxX1t2IiRMkGRAAjqR13PyG5r0X2ysFtAKCGYqrEiPCCSJgAGP9o8zXmKNwhTmlmB8CzOUmFB2Jza6DYRO8UOZjPuipAz2xIMGcwHrpzjaJj1qU22J8TqSVktmVRA8ICkxqOSrEc6gbDkaMSpBiIG/wA5iek1Pdw6qNLhI6kdN1VZIGvIH8aBiKxjmAM5z6tJ3iIG5jkTXh40RuNRyIhuYE+Q1+NFf5OePfHhE5SU23AChiZPOY1qbDXywyu6DKREmdeYBA0HIsTHQUDAtjia6bzsPDIE7kDQEnaWmvhiG5rCjQGFQiBJ15DzAkyIpljEfXM6A+HKoUouUjUqAAsg6Zto2B3peb5TeSQCPFJOumxGx89awDBFVdlMsBrnggHWDn1Pz5wBzpvw/C2+aAAMR4bimTzOaXnpInXpStcOARoHMy3eAKg8y0sSByOk9KZW8AHEoLIAJlWzgTJCgyV0I8UbCskFGPEcIoUmGUv7pWSEE9QRmfSSAIig7T3CIzkxGhYJMeQgE6c/to/AdnX8O+oIlYdoWJIzMRHLMABWV3s27ah/eaZZQIEa+4CRyC20EmQSdDRRmKLYv5pDFROg8IOu+WQJ0G+o1rPhGOAnOQSRuNDPMA7DT5U8ucFKDP3j3CQwC882gB1mFZiQMwmFMxQNq3a1jvGug6kKndgbN1J10ETvM8qLswJZxa5oC94q6jPnIUDVRpA01ljyrO8C5BQIqrAOVltwTJPhYSSTuYNTYy2xMKpQNBJLSQTyyiOUakflS+9hyDBJ01LNt1nc7ztWTZj6zZYEAEEnUwY0nYERG3r6TXuGZ1OZcyydZjUz8fsohMLJBDqx0ywjkj9boqctTqfhRj2DsUScw091UHqSozHnvzMk01GAmxbakhc0zocrGdIGviOsliZ0JoZcUQRopAlQBqnmTE543nXXWs3w2oKIhEmPGWOVZJMNpB89T8qMHD2I8QeN9WVS06gBeWsSACQOQNAxBdx6xGVVbqGIyrMnkVIaBIKtppFQRmIjNJmSYB11OiQB6EE+VTYrDZRLjSMwA3aCRufCAIkyTyABNCuD7qsmmpgyASNQW0UkcyJGkTyotBo9a8sRmmBrICjXkJOZvWKHbiGvNpM6lgNOWhBj8q+w1wQdATpER8SZ11G2WN6IuFDoNfTT1jSSANB8TFHYIta9IEsdo6/xorBXNIjl8fnPOixhAVGVNZ8TEnnsNtABrFDX8MAxAnKCdSI0G3XegxQmycxgQehY5Y67k6DnGpgbVALajbmTBB5deVYdzA1EAmNdyYmBzgVmyKdgfPbSOY5R8qJjEopGpjTQAkE66bD796Is2FEeNhHSCdOn8dqzxvDxoZZQRmhmDSfhH41C/DtAQZbTTefU7ChQTK836rAgczuddzBOp86wZ12ZjI5CPtPSvkuAmTkMEwPq9J8J1j1rN8KObEk6mBp8uceoogIu4WenpM/IT84r18MdYk6iABMnz6moWwxBME/If4VILbiF9B1OuvkPtrAJsRjCIGXIo2EST5sTqT5bDapLl1YkAqf1hIPwEwBWdtYnSAG0zks/lIACjr8aIvZipLQNIYwCF/j6Vg0CWRIID79SZYaeEAaedZLacaZWy+RBJ89I+A28zQJsRsTGm4AJB8vzj0onD4q4NQfLRqNBI7nE1Bgd4OsmD8vvBqQYsdSeehIj5CsLTEElwCSTOY8/MgGDXq4hJ90AdMxPwB0rGZNgmznMwJUH3Qd/KdKYrbWVJQqu40970A1PSYpNccAyOZ0WTp8Kyt3yDBJ9QfsBFCgDHE4cmIJEzMwOfnvXW9ceIyxqdd+bEn767Dr5P1n/AIv+v9E97oT3fk/eUr23z/k+/Gh+i/8AWt1zLfVtgcwA1rqf2q4NrmDuogJY93AAkmLqH7hXMnaLhzWHhvDcGrCQQJEwY0r1erb/AA6f6R/sxE6Wi3kT97+IvtXQF2iee59Kx73MNNI030HX51K9ssQxyrPMAwfONvlWF3CJAAYzOsiB8K+iJnjvZjTCYKN2A00nc+XlRVjCEDxBdToAZJAEz5fOSfSgcPdmBO3P86cJiAw0A9ZjYRoOv30zMC3bctlHh6Df51hxC3A1Men8KlxWGQjwsxPOYEHy60L3Iyjdjzjy3+znQMAYdjDRPSR686sPBsLMAwJHiJgR5yaV8OILEqRHp8tOdMEvaiSRymNJHIeQ61gEbYODIMKZGm7R0/EgVXuK4mInkedMLmNExrodCJkegG9A4lQ+y6bfx9aKe4SydnuIp3iMQSAQTl/Kus+xnFEu2wyExA0Igj4VyPwe1bCKVOoMNProfQ10P7F+JKUKSCd9K7eGl2HXw0t6NjY/DBlIInSuTvazwnusSyjMV96cwMydfMCetdcFa0d/SI4fkVbiqIJgyOfUnfpA20puJjcbH4qPi2aU4ZgfEpbwgk7CWboAN99NYHyprccLKgFVOhBKkn1IPnSK3jSGmZMbHUfGoMSwYg6Dnpt8BXmnCpUO8YxRlYMYGqEHURElZ5cp2OtfLijcYu9t2yDazCsZ1DQog5d2I97nSJyZkeLTUkbek7R1rJuJNoAYy6ggkfdzoIOvfcNOMt5XhMxJmSftMcx02pVxS+JkDbTXczuTGg+dFYvipaWJJYiD4RLdZ2+GlBjiIgwizAglazkLJhGAx4BOn27eVQPiDO876amJ6edQW8ZyhfUiY9NRWa3QTsIjWl1C2T2r3hiIYNuTr6RyFSvxDSFAJBUGY1PPzj4xSu8uk6anYDb8CD6zUuHCQcwk8iJnbbeIoAs+vS7zHwGwAqS7Z5gcvPT4nrvpQzuDG3n/AD0ozD2ZUkqCAdTPyn8KAUjCzJBI2AB0jSftmamtYNyOugYSY5xoJ38vsodPeJZdYA0IAHwHyoxneQSrgKQcxOw2GkZd9dtaIUSW8VcTZI01EdOZB8udA4S85Ygk5uQ5yeQHpTTiFzu3lSGGYZXdgy8jBmFJ19AdKIxXF0Yg5NyWJgAlif1gSSfPTyFMmERNjogQdGJOcDMzHeSJ0AA0Ox5Vm2IlsxAE7RIAP87xTDHBGzsZEeIgLO55GSdZ5kk7mlBsDNB8MjmDvzHl0NCRg/DOCsQCDOxEmPXlz01ozBpnyhQy7QLY8TEke8w8RJIGX9XlSF8OAZkRmiQI+z02pvgrCtJ5DcE65TzmBqfIGBWTAfXOH3VaCYZuhnckMSwJiCIM6mh8ZcuKxzFixA+AG23ly5RRN3DF/CikAe6CQhIkScxygx56AVhZsknwqFkkgFtlAkyTGgAmTRaTA0D/AKZc3J1132M8gTqT5CvLuJLCDBAWFBGirrqIIIgmQOdMr+K0mEgjKIEgg7jUz5E6dJoJrZzZnBg+7AVd9QYWkZiC2ZUKqAtm30kkwACTuAdhyk0TZ4S5OUrDA7GJGu/2QCams2ANWW7AJHuiNtNY97nvRGJxg0jvQIGUxrptsSTHSsYAxWFZEzMoCklc+kyCQwBJOvLQCOtD92v6wEkRqZEenKN6Y+MsSFe4ADIYAEAAHWBCAEeI9IE1A9pgTmAVjpEHRTEGRp9p56UUYIR7jZjJOXw6BmMRuBEKNuUmaJ4gjuZgK3gEZY90QdfdUcz6bUIFVdA2igeJZDM250M6csx6bUDhw0TlaJ1YwdeY1g7axIFFsLLDYwWQHNlIHiJ13I0ImZ05GCSR0oE4PmQDoDCkHfaYJgxGnUmlne3ACQSFcQZIGYSGGhJAOmkax617adoA8Wk6SI1jYQIPnJ+EUG7FHNzwlVyjUAlFOYjMJgkE+LaV1ieREVFetpILaEEkcsr/AFS0xses6TAr3AFp0RRlU6AQdiQZBHikasx2qHFY1mAI8NtQranUtoM2sM7ux+AmIAoBPL2FtJ7xVy41AJkGSS2kzm23kmdhQuJdMwIDiZAVQBmPTVW0HOBNTEEhmZQZgiSZHIR1I3IFRWnEjLownxEtr1AAIjr51jI+FyM0rDSVIZdQSOpIgnbRfiJiscNimHumM06KNvSZgn40bkPiCKHnKGZRqA2mir9Y6zzAk6b1FiscV0yCQIU5h13JVSJA0yrMHc8qzRqBnLRLaK0lTA1yeEz5AkgTzoyxdbKACwGU7TovUAHYxufltQGExNxHDKCp1PI+p8QIPoRThOIZl8WQmAe8bUqBoFQZRLHRQAY36alUAEx90qVzSFyKVnNtGtxg0audegEVjhMS0gAAhs0MQDmEaZSfMHXTU+VN8KRmGeNFaO/YIsrqQdPsOpgelDcQ4hneSVJBPiUZZY7IqZSxkwozRuKzoIp/TjDfWJYEk+6IBGWNBtpPSYo976MJbKsQAFWCW9dSQIk+oiKXYoGTnBUgkRMEFTl0UeYOvWvFvAN4pPUDUydp5dNDGp1pbBuevcGpBk9RIMDcbwZPkT6VAfEGJJJIiDMEnQbETG8EQKyW3mYgKZI1A6TPLYadI0rNrQAjbWYnxbfMjzIFLq3NbPBwhiDHiAE8lAEwQATLf7PnpArO/ZYrJLNoqgOugVRAAJkQOQ+Ne2bSnfPEGCTAkchPLNvHzqbEKkgp4hGveECG9RAPXwgdJ6lmYBcdjA2C6aCIHlUdw+R232B1845jfnFN8pMhcvm+s66EQAdAJjQazvUTIMxAiByM+ugiRz6R5VkZoW2ZYlSw11PTT8qPSwgCiXBY+JiAfgBoDrGuwE6GoL+OAOykzPuwI/Zjp1MnzqW7cfcyY28LwVMDSdNNtJrGQdiFRICvOrF2gkZdgZkakToBzND4iyHdvGpEgZi0LljSJjaPhQiWxMksCupAjT9UEmSDO+nLTU00shXaYIt2xm1ABJJAJaZBY6DWfTejYRV+hqBIIGuhAHWNAPLUkmjbFtsrSz5R7uYRsDvBHi0gchMmIoi9B8KOWaQDkUKANNTcJhpO0CJqbviXBIuNElgSHZoHmoEACWmF0AAomIMPhNVg5pXViJ1MQqrA1J0kkwATRdu0gO2sEkFSSJGgJV4KgDQEpmkkjaoMTcfLnGfK2uqFdM3J9ASf2dIFY28Xl0BIBOmVjEndhoJMn/CgLdDCxDZpueKJI8KsSYyhYJEjWVmRoNJNQ4jBMCCRbIAXRdVXXKqtOWGMahCecnWg79+G7xVZsrDxTmOb6qhtTAiZ0gnSYmvcXiQegHhYt4szORsAcx0ObVssxPSmGszuYYSpyhp0MEKp00AKk6a+JzGwjzBOCbYDKOsiPKOe/WJ00ouzj1z+EZTlyrLgwOZLNkUE66mPsrA8TIgESCqsBEEBvdJmTqNRM6QawLB0tsuuWNwSTB03kMZJ30iBFffpBAADCYhR111YwNh8zRXFSx1Ik+GGJBOULtCgZoG5KjX6xoPE28uUrkYumpZHtshB1AUMwYmIFzbyE0GZocYBwQQ24ja2WUDm0Aj4hmWiGstqwB1MDMAhK7BgoLNLRJ18vOq1be5sDAG5JGscteQ10+yjMFxu6AROramdPCOQEAkE6yTWTFQ6s4c2wdJZmB8JYtA2DL7qqGE6zJA1EVnxOxbJkB7cZZQL4cuhJZ9TLHUkazppAoXDcYLo4zAElSWUKC+vlDHkABtqdzRdq3nIUlyBuc078hOaOeigRO9MmMgdsPmPgSQx56klRvlBGg3JdjlmSSahbABDBZSV2iCMzc9IBiBJmNgCaLTh66sXCBD4tM5EawVUDNPJZJ0kkaUqxGCLHRwxifEcqDkvOdpk6UGGxwis2YHJqg1SLYADA5nDN00gtBnnQHFLAKorPbAAIBAk6gxopDEyZObQkaCKEtJMKzn9aF8UHcHkFHlqdtqnwrNm0tK0RbkSr66ySseI7ZpkCd6xrF64aCJ1UQdyXjYZmglQTyBEn0o11uESxAEnQqsk7Tm1PPnzFT4/EOBlVbaneFJcDaAM5Jkcz1JqS1e8IQkm4CIhoUKACQwO7M3ONd9I11msGx1kAf1uYgyEYgsPNmB5amDvpERQ/wCjKQQC2WRoJgnTxvzCiTA+seVNcZh20zAhWIJOVSbjbRbCqCVG2pYnn0rHiVhmMMzHUsRAAXSSWCgQY/W1HQSKBrFFq0ANe8PTI3vA7TvA3mAT6Ux4bj2TxWyUA1BLEwdyFIUGd5kmOtSYjIgVvpxmERIC6AgBWOok8iu3Wo7VtWGrGCSAW8WaNlUmSVB1OkabijYLMU4uxEhSJ94xAObbygD8Sayw3HzOqTsFybmOZ1gk76D0FS4uzJAkFZgAL4ifIgZj6bdBrX13hwYfRyuUCSIkHq5BnMdtTIiI0oBBbuNfMMoFtpgysSP280TG8mBPWsbdlt8uczmzDRMoBkENEkmD+de2cMg356EREnkSSDz1mirzBoAcALMyJUNz5+I7abD41gWTDHkKDKyBJP0S6ke6qr4nIEfV0PPnUT8QcRIZiBIUMNCdTsZB2O0/KsSMqjME8W4KyeUQPtjT41jeuQZETB2AUj7OYn1+FGwWeYfFk5nBIMaw2pJ+qSAPiftr3CPnJLLA3kZm+AzESeczvULKxA13BjSPtgAzy3mp7ls6BiqbSCY001Zjtqdj5AdKwSO7ZAWQg8iCNY2BJJjzgDnUeCuAwCE0HKIEEsQ2bSBv5mKZWrie5OURIVTmLQD72gyidSQT6UJibYK6FTm3/VHT1O8k6epo2bUDYgKDmZSc0yfCpJ3kCSWA2J0E6bCKHsKwGZTl35yW9dRAA5DfnX1nBEEyUn6xB2A5A7QelF9xrP1ogKsCR0c8p8vFAG06NqCmDYi45HhaV9Ik+gkadPOsf0RwMzmCT4c2o9SAdT0npRbYkr4CgPUySQNyN8sH0kxXnfhjrI0AjLJ3mAORPltQs1mKXioBYjNJBEMxgj606Qem/pXt1M2q6qurfRSoJOhI232BnaiktrEhkJiSuRsyz9XXKCeeY5gNd6wv3QPeEGI8JDT5aEhTyPOKVMBg2EgbIZI8UCQeimdBr4gq7wJ0qO/hXI97wjbTSYmDy1FSHFLMnNI1Om3kI0+yoP8AKckySd4nczzbf5CJptQSC1cWR7vIREkeUbD40bbthzqA0CIzQPSNCY9QPLnUbXDEaRuRGoHU9J+Z5VCmFzTABP6qzAn5/wAzTWYyfBMuoygHSASCvkJ5+dRWbLSIzHTULIj4jWTzP20yt4FttCRy0knpqRoOvLzoJ8E31iSegkAdd9x57VjMFG0Gdz5x8fxosIvR9AI1AOux0G3kI9aBay0FpA8p18tB15Dc9I1qIYtx9YiefXlr90bVkgpDUYcwCToswAqnfzBXM3qdKlxCKRquTTVgdfPSSCT0mBSo4ljrmZo1Aby/h5Uws45nIBExyED5kgj40TNEKXv1ZgDTTbzJjc76V5au5tQoAGhOu52kwRJ6aCmt5FeS2ZzHIroBpJ3nTZoNe4DuhtmB1hYYsfPPIUackSR1o2ZC25hNjmg75ZBA9TA15xyqP9HcHQBj1gH+HzqVsNrrK66yGJUeYBn4aH0rNHaCQqdAxlT65cxJPzjzoGIUtkzOpG+kD56BvhpXY1ccKmkl4PKVJJ6wDH3iK7Hr5N1n/i/6/wBE93oT3fk/eVv2m49rWEu3EMMuSCeU3EB+wmuYuI8Tw5zPcdncnMywTnM/WMiF/Cuj/bUwGAvzr/V/+tbrl+5h0GoAnn/POvU6t/8AD5/pH+zEHSs6yL4D7G9plOWAsA+75DYDpQWP47bYmYB8tI8hRAtKCPoxJ9fidKwxa2iZCxyJOor6KtPvnjt2TWuOWgkAgk7k/cKLwHFrMaEA/Z/jS23gbS+IqP2eYJ9DX17CW3+oMxPIZfkBoB8KbxRdhwmOGpUj8aK74jL9Unz5H86rK8DQaQQSf1uf4AV5e7PfVzHfroPOaOmPeYst/E5UGioJO8eLz6/OhmxCH37iiBIy6mT9WeUczrSnGdkFABN3ffU6etC3uyiR4WJo1DvMOLtxFebV4OTz92JGu/TrU+H7sAlnERsCIJ6elIsJ2ZtzEsQBqRUlzs1bge/z2PTz9d6ZKPeZKgzCY3XKCpBOmo1PmTyra/se40VxADd2FOkqdztMz9taascFCkEDQ8m60z4JgMrg5oAI2MiR0q0Gk7HxyqR3VYuadaQ9vODpetMHEwDHrHKofZvxZbtpYMsoAYa6GP52qyX1nSK7JJSR6TSlE4q45gglwoYgE6+XKD9lY27yIMwAkaZPeObXxGRGUbxzq+e2/s+bN1nyHxkmQZCydAdN5netd2LjQQMsmQSRt8a8icdMqPKlFxdEN7GEgjUA7gCBWdhBly5c2aYkkFT+uIgabazvtWH6ISDDAkakA9P52peQQTB+fOpt0TbGH6OoWS0EaRGrSTrO2nnqdKHFkRBYbydTO2wA5+dLrjEa/wAaLfCiQWOUE6849aXUG7JTg1J8OVSJJBJgADTxMSSTrpvtXltlEjKpYiM28f2f1fM714+HU7SY56mf8a8wjnUjKuupbYfOg2Lue2boYFTA1gsdB8+lSWMOp8OkKPeO3qx5Sdp32qc2SoPhBzaCGkTG+XfbmdKjwKHX3tjKjnppPWDrFFDIibDDLlJGk7CTJ5TOtQ28Ny2EioFtQw3EEH4U0GBDKzKVhSNGbxMSY26ayTyAoWYmOUhVAQc2c5jAHXWPiBO1C41VaYcsBqzEERyGknTmK+uWNVYRlJAAYzJBEzAAEtssbRvWL2VGaTqxygKNBG8EmSSdAIA5zWM2S4S4YiZnQSNIG+40n4GsbyeITOg2GseQiNvU/GozgyACdAOTHQTyJ+3SmiX8w1FsAAKQh8RA8THU6ZuoM6wBWGE2Ugmc0HUDUQOpA8piT86zvHwbz5TqB8ep1iibuIUgeIgzLATryA16DadKxt4VDPvgKWLnwkabSTA0GhEelMjcwTDQTEbakDf0+P2UyxGUkF4VdPCskAeQBEnbQmgLeABEiWJkbhVXXTM5gSROmwjc1m3BXIBBnSYDFipEaECIknQ6/OtRj44mLgYHVdQLgBHhMwy6ggn6u1D3kN0gHxEnkIEny284qbA8LZtYMKGYtyOWNBGoknLLACakTCZjp7ug1ZSAW2EyQp0k6TA5aVqYrBbeRQZaGA3jcyAABPmWM9AOdFJlM5H8IiA3vban1J1gaCY5Vjc4bp70cy2hEidIPOoLSCdSSdZ216BfzMUr2AhrZsOAArQTvlbTXmQdBHU/Ohrllhq0acxr8/5ih8WSrAFVYkbTmA/7pgx61Fau6+LMQBEefIE8h6a0rMw3CX23LLEyZVsvlmy7D7TyrP8ASwxV5XckqDAU6kHYjfUA8hUWHS5lIVGYsAdtBBmcseLaPLU1Otq4AUyElsrspUAg6ZcpiZYQoyzodBTWFGVvAKACFOs+LvJJMAk9deQAA8zUWKvqnuy7FGU5hHdloPgJk5iBBc6xMRNe4jhhWZGQgZgpYsxcnTwnkswFiepom3hTlY5klSMwbLLQdQrRAJOmVdcq7ma1jAVy8csBVY7ZmZmaANxmICj4TAqC5ingeEcsxA66CKyxF/TLACkljsSdIAH6oHKSZJ8q+e6SWylAEjZvejQZds+X3iY8+lCxGw69xBogBQdZlUiP2TqZj/amfKib2KuMCzsZXKcrQsKqtGpjrlCqNSfKkaJAGgJnQnfXnJgDXQV5icKymHGoMCSDqOcyQYnkSBQsyYfeRmJ10iFAIKxPvSYBkj6qgAChEwxkBTrlMmQATBO7QIMctelZ4e0AJ7zLBgxq2x1HkPxqUYYqc5QgsJXM0s2+UnQhVAiRpJAimSsxlgsVlAyuyECSF0BABGwiSdBruKxOLcqwBWPCCukQNlA05ksSNZO9e4LBuwKhM/OfCco65pzLOum/zrHC2QSMyqVGwA1JidAAdect0oMzVEQv5iSzKAdgBA15hRGgnbnG9ENg0AlLpJzaCIO+h0aAeccqiNmRscxG5BLDpC8lCjTbrWWJ4eW1zKiiACx132AE7bnzO5rGuyd7rSBnBObdgxMgTMa89Z3Jig8TdZRlI0kkgTM7yTvJ3ImBU1y2wK6gg5spUiSR+sJLCR9+9DLiCupRgdXYlmBaTofFsCeg1GvnStsUmv4sqWzABgQB1UjfKB4ZgdDGvPWogxOuYzoNzmOkf4DQCB61hg7pAJCEzoxBHrA0zDXmDJivQHWcysuYK2pM5dWAy6AlyQc7HQDbWiYKw/Cx4iGKgHKpKw1wnQLAJiRr00rLDW8kw8MAJJDaA6QDpz0iDPLrQtriFzQannBgTHU70UozFicpzNKqSGiIkvGwHn9sVgrmR8QXxDLDSBHvRPMgsYEk8oEeuuH6NlOrBYbyaeugOaZiBEeelTXBmIOhLSxAAUEydWiQFkT/AGQNqls8PzzlXNyOWNj0nWJ300HqK1WFo+XiC6kZgRGkwG5QTHroAN968xVtDrlAzSV1AzTvCiJUExrA231qSxwUQdSIDEAABSACYGoIgDkDJPIVBiOHoGAJYSsyQAw8mUtHzYRuelMZIns2EIAzANIGUhswBOpUnw6AHTrHKoMZhraXNCxABIJJ8IMmMyxJE6lIE7VJbwJ1aJSPeZhLGJOUDVgBoSoivO7UAFj4fqjfNB8SyZH4jcaig2ZgeHxi5SGUHaJzTvusaDzJ113ozEMpEDKANfLQfaamw1i23iXMZYggKVA55QTsokCS3yoFhbVlCqsjeVUmRuM3vMp5+QiawUgq1ilnMffkGVKrry8vXTX50Tc4wOSF2brBcGeWWdhJ8hrSi0tsT73uyBAAJIkmF0CydPLXyomy4QmHhdB3hURBiQFOrRqY0mOU1hRm/EFnUkagFYdT4RlKg+KACZiANKGwR0YypEEAlZ8K81LAZFETpBJOtCYfEtGUlWABy6mQSZiI5yS3IEnUwKnu2bwIygkaLIkIOYliYG0xpAG1YBLimgKdAIj3W1AGmoZgSOeVRvUFzEMgViiREwWk6jdl0InfXlHpWDC42juRM5ZkL5EzGmunXTQ0dheH5jMmScozCATqASza8tBoABMRRsethRfx0HYeIhtPdWQdFBJk7a6wBX1zG5mzak/W1EkzpBjwgDlJ+FNv0OACozGckAEyAuZjtnIOkFYBnzrNb8+E2NIlsqMHBGyqAQNDMgkydzpFYUVWbTE6tlEz4ZPu66mYAEDTckk66CvMRZctGY5zJI3mATmPPrvoINM8HimBKZVUlT4DBJHMakgE9ftEUZg8zkKLgBgGJYt4RynnByrryPLcBvYr+Gwj84JaTqJ0A5ruOUZssb6Gs7yEzMEgbwoYn9pozHXWJ8tYp3ibLAuYVMxkFz4mHRecHUlmO/SkRdBoVz6kggsNYHMasBuBoJM6zQoCCTgHAUggtLaG4NssQCG0Gu4iWgdaxu4a6hIzZIbk6wG/tSRA/WnlU+Fsge8BbjcEkvG+oLT0AgADckmsimpnJGjNlYsSSSd31LaCTtr5UWYXm4REPJJIEAFvEY318RmJ+3emF3EIRHdISdJLkk6j645j9kHfQGpLeFW5lkkSDOVQgABGbX63SSN5MVGuC1bJmIiMxnKgnS3bCyddBmiSAY3JrBM7NxCdCqaZoU6ADXxEgMRGgA1161EL7K0qCAp8RNwOpaBLGANdQMsabSaxfhzAzktqVXxA/VDGN/dlug8R84MD2cWPCp1USIEaLMwoOqhju0Tz3M1rA6J/06LglhAgyGXPptvMba6QBtyr1ccuYtIkwQzMASTvAiTPI6actazKWPdJAnWcpMeQ6k+cUNiWGZZaVPvHJlbKOS+EQG91QNNJNYA7XFAKpOcQcsLdYCdzJUEgj3iFkHYnePruNaAFBkTJKkMxIDEkDQDXSfLWaV28OgiASYkhyQmuoC66qBEsYk8qlxVx2MAMSxE6EO7DcgRov7XPedqIUg2xncrnGVQxhmGhjWRzMQRoBrzFfWMHEl/F4WjKsAOdRGuwG8cyPiua61ljLNJiYJJ5gKxJhQTJyrJ61Jh8UwJLMS5TTnEn6zyTm090Dbc8qxmeYC0+aQ5kyIyknblXj4m5a8CknnoQdYjZfCAAT4iWOvLap7t4gBwGcZSZU8wcp8PJZO/hzHQdaBTBMwJBZOWoMRvJJJgmNBBNCjUS3L50MW2XciW0PSCdT6aeVD4a+CwIhdSdhlHUxrr5V5ewBU+I7xqx1A5ZtJUneNTEdaIa1JUjUQZKhEBY7bgAKNJ0mAeZoho9v3UDbryYFkJMgzqA3hB3IWSfCCeVQm8zFnJZnJmIYn5GQF6KoOm0c8seSRKtbWAPCoPjO5BmCddSdQNN4r79JYBQFCwWlQQGYEBmJME5TIUH4DnRoJNgOJxBVTK/WYeFT5Hl9hr5cfJgkZTrJkSY3AgA/s/OaiXGXsrKADKrpA8O2wiC/IlpgGKyuW4BLhwfeZn5a8tATOwAUTygCsKE/o6EBVLG3JLMFy5mA+trJUcj7o33NT23VYCdSDnSV0GkQ2pnWDApabr5Z1ynT3TIAAMk6Ko5Ccx30GlZLdCuASddcpUmAdoB6j861BDsKQ0kjMuswFAJG8k6wNoHOiP8jB2jRdDmBB010YQRv0yiI51Bf4oA0KTOgBKrlWBsqgb9GaP7Mwazs45iAGcCZJDajbSQp1aNs2g6VkZAlzggzMMwEbscyqegG8jpJNZf5MykDMpMjnJ8zlAgcgJaaKxCCMgcg7iAIk8+R67EctagXh0A+IsZIhdCTyLHUAzyE9SaLYvIwxfCmGzRm0UDNLeUHxH1jWglwxAAJJG3hJIPlpAkb70ZZwtwAiDKgDMGiZ/aJMloOo5TFYNGTxM0gAIoGksRtOwjczJrJDGGRIlSVBMHXQDnIMnX1qO3hgdQ2nImIn1I5dN69tYOPFFsnQhZ1G+rahQI3zbyIojDW3jXYH3cmY/CNp6gjSjRiPEcpYmNSICjMfrTO/IMdfSpb+L2ACKNyFJA05nMZ+Zk786JwwYkiFifFmUqoJ5evrJEVCMC2phSJmN2M/q/fTIwNh1LEAMFBEzoABHXU7chRWH0gDKRPuhhOUc+gBr5LSAQdNNAfCvmDlBM+pAPOoksHLKqSOZUyNeUAAfOaBgvE2wACgy5pUkajlKJoCY0zEGORqLCcMadNxqCYMeURBY76CAOteXLLn3QJA3JGnlsI9JPOs+7YsuZ3BOhk5iT5/h0FEJBiMM6/wDRwDqzFdxPKJ089JNDviMxJ2OwBEGOpAEDpqdzzpm9oLpOpOaco1A89HIHqBReDuI2xQcpII33A3gAbn/GsmGyupcMbMOZ31+Q2ou/CCSWUtGonbmYMMB5QJo7FNzHgnTwkmBGg11HoNqBs4DkWPX3Zn1JNEADcvLPgZmH7SgSfIDafMn1o9OIZdY1+G3rMnn0j41g9lZOaGO0AhQOQMBY8o3J50fb4WCBJAnbMQCR1gbJ05k/OsEBtYtD7yn7hA/nzrryuUcTwoDRirEwFbUZRuRB0JO2vwrq6vkvWf8Ai/6/0T3ehPd+T95S/bck8Pvj/Vf+tbrme/ayjMJ8q6g9rs/oN+ImEidv61Otc4YzHugKnIx32Gler1bv/p8/0j/ZiL0tFPIm+4S2izag5YB1mPh5ztFQ3j4RLidZEazR5x7RoigxyUCJ8uvnQ1vCk7gSZ121r6Kjxml2GPCMKzci2hO8QBuZO1Zph41I9DzNF92F31kRFYq2gkbbVqAfWrcwMqzIEM2WfOTpHUzRYbfKAI3MyPh5ffXwwucK2uix6/xNY4HCxqQY8xpWMA4kSQTMc6ms24I1iR0n4QOdH4y7AM218W0amPwnrXtxhCgLBBnzPQHyrGBr90gEkEHbXeBtXjXbkgkE6ZRpHyFS3lLSzKekzpp99FHFEqDGokb6gR57eXMmsYEu4eQwcENr67bRQPBbwnxA6HQUZjccX67ySfIc+dAcOv2xc3kxvGk9DO49KrDcKOgfYB2lktbjkNzr0+NbuzVy/wCyPi3c31YqsPABBEgaSSOU103gcQrqGGxr0cMriejglcSge3PgL3rBK6lSDlAEtH8865046z21CN9WeYIHUKV8MgzJBrsPtJZY2myiTlMDzjSuP+2CXUcpdVlMk5TvrzAExNcfFw3s5uJjUrK7blvgNABqdyT/ABrI2tBznWYjbca0RfVZXxSYg7iPnWL4mJ1zACABv9oriaOagbE5CNNuZ1EennWZu2yp3LHQcwPMnSSfKprFglSBoD1G/OOgND4G6ACMk9YgGfj+FLpFPcG+X3SqyIgzI6xA06DWhb4grvPMkQu/zmKJxNwTopBknMWzMT1PL5AVJxC3KoWMLy5A666/WO0nlNajWDC9PX18ulH4q+Y8LkLqBEagdY+NA5ANRlgcpJnnMdBX1ixMjbXVtY12HSTHyrWY+dAYA2iCTudOf3+tFWEcaKBPLSY5g6ffrUuFtBSuqgkQCQxB115fAkA0Ni8QFcwQf2lmD1iYI9DS8jWR3cE6ltjrOksOpOw2O569awxy9AAYB9f538qmugayIV9AzMZBnUhRvA026UVgMNnAtqrkTMFgMxPhU6kaKs+ImBJ6UVuahYzyp125EyT5kmPlvJgCseGMZ0HoGXRZ3OukjlzpvjsMW1S13YJgIP2QSSWYlttztoNzQIxrzlDLC9Fyqf2oIBzHqdT5UaphJHcpdO4IjVl1g7EA7CPw1pk5d4RSCAxyoVymJzQ52LEEsWbQTAnSlbYxn1Mwux01O+5/j5VJYuBvBpmhmLMxJBbViADA0G51JnbSjYbJMPimAIkjmsCQD12gkcidvjUOLxZcqACWJUAIoL8/FC5fGY0gKAATNSPhhDXO8OYr7g5q3gAYwBoqywUaSo5k19hsQwJS2RLDTLMgQZmBvHmNOe9FGBmvnuzkLgExEyB5k+usAATrWE7eHKojWANPOABJ3iKNxXD72YkhmLTGQa67GFEBQN9vxqHD3GQZmtl1EqSxlSH0EQDkOhhtTqYihpBQPhcG7EBYadzOgnaTEAAanprX123tzJPvDUCOeo16gTUt68oPuKpI0BzEa8yJE+QPqZqXC8VVAJgnXQ6hDsGid/Wg6AC42w2cAKVkKUTdogQTv4m94idJovBvcGY6wdCObToY8tNfL1qJuJMhZgTOh8UFgJkxvBYxPMjSs0uO+VCdEzeERq5gxO0yBMztFZpGo9sYlwDy+qCDtzgE/aRHSoLmJumJYx7+xmORzATymfjUuIw+VgXza6TlG55KYIkehis7F+DmBJhCoBkhZGQ6RAI6kbnQdFaMQ4ZiFJ5sYUjTlrpz3G+g13NQYnNAWYgSZYmZ5gbCRA0G25o29eOoCgwApDRoddlOpPIkzB86Ea0xLEwABHibQEDwou5LaaKNaDME8P4aCuZnXzGsx5AfCPmdqzbgqqhZmBAEgwY5jQbklhlURrqTAFCW5iS8EEKBB93TMxjTfSN9KyQhWlZYASQUyyAeY3ynzIoi8j2zdUEIR/akeL+z1FTWyoE5pP6uWSANspO25/mKxw/FRtAK5i8HYkBgIGwgNAk1Nd8TCLTuxgtliI2EeGFPMsSBGwG9ZBMbrW2iNG2yQwJ194tPiAECMqCZJmpv0XNyiD4dIzAGBlU6sZMzMBV0FB2SoX3iocgEkyQq6k+Y5KsgFtTotZWrkyQ+mwLEDlr8dtqyCGcRtZJV1eMqgDVUJmC9wKx11AE7dJNYG0qhGzHUuBow+qBA1ErJgkgaaV5wu1KkKG2l/EI01mZJMaEjSIHSsLuH7wwJOUEsZJ8IE6kABRuYU+dYwPjHIOhUAqJ0MLI1AA0O4EkToYqAOQcu7AAGVVYnxCTrBII0M6b1JhOHgtBOWdQYMGN9fKdaNxiEwAxZQSLfi8GsaxqBAEnmdBMCsAHNwgBoUuxJl8xB5AaRMbmTqY0gVHcssRm8PiJ8UAajcGNAY1jWJXrRvC8CLisM0ZWJ1cKSI1IOUj3okAe7zFRYThjsAFzsf2QwEbncREzJBj11o6TKJFheFuTlAkmQAupMbkAa+nKozw8qx8LFtyYiPLSABH2UXgbRBylSWWZgyxJEgKYIUjcnWBX2EsMck23AfRIzMXKkqxVJLMJ58z8aFM1Er4ZFKkAkZAQIBBnMCwJOwIgSOUzUDYQucokgsMoEdOewjXY6c6iu4w6htIUBVEHUHYgGNNWJM66TWIulRPgEBdGhSQSfdHPeS0bc+VY3IIxdlVPhuBwQNFLAqIghjEHMTIgxFTW7CBZIuZiJWHVV0nxEZSxDNAzDaIHWgv0xwAsFgx+r7uUGCCAqkzoYzbR1gZ4K8ACCWEnVpgZYMEhfESDsu070xqCsGt1ychiEaZMLGmYZo3J2UattpQ126cokmGPiJylyZ8RiR8AamuYwSzhhqD70BpMqCq6kMwnXSBqYqO/ZZYAk5h9XxA75SW5QAwAGpgkxShMnvvcIUTr4UUmWywBEhconKJIGwAotsMwhmYAE6srd5zCtmOhBmREZeQJ1oHBM4YAGG5HQRIgZiZUKJBZmHKKJ4nbRDAJZM+rW9Q2UnxS8MGchmmBCxAEisAjHd+IFlUg6BgSpB1nwzLeukkURdvuoWCoz29ZCquVm0kCc8AZmJ5kATvTGxi3dsyooLfSMt5wv0cgjYZt9BkXTcA70OuLZT7gkmCoGoImAz3FkAchvzI2gNDEFq0GDuyhjGZvoyuogKFGpYAAMdhy5MaGuoiqcoCwuXQeJmnVmYzE66+QCgAUwwXEAJzK7AgLMhUzuTlLMZLBdSBBXQaGoeKX7JcAKx6BmYydyfDlBnkWzGD8KYW6Ft/HTBACDTRQApAEDNzPM7Ek66UdavSpDZoI0BzayQAcgIB+JEyNYrHFWwA0ZA5YA5gcwU8uiRoIGuXfU0ES6BlgJGU6MxB6HwjKM0yAzE77cgah6MYVjKJckFZUkzqGIUAqY0AKkwFERyMGoAkgDwzJADRM6loNwe8MswAu8mqjaeXOYsFCnxQZfaEUalSZMsdInep8NiXIdVKqANZbYAEhQNsxGmxMiKIR5jAsAMVGiw7SAoOsiRLMxG8E5QORpW/GiCE8OXNMlSB13jbzA9KW2sWcoGaOZ1G2mh5zrA6US7g7nQ7Mo2028QkmNMzCdNIFADJn4rbaMxcqOSBVDEL4ZYywE6kQdCYAqO5fmJOXKm6qRMcgTqT05k9AJplhu7cwUb3YhDLMQAEWSrksxhm0ExHhFZ2UQNlCS3hGV2zZQSZymIk+EBvDrmAGs03YBIBXiNvLrD5d87OZ6IsqCRJk5TB11qe5xBYUrLsSDCv4VA95RKkhp6kx00mscXlLN9CrasIzgAFRqYHiJBEBWIFTXMM5OqDKsgMECAAgk+Kcskzso23pRqFXEsQrNrbYS05ixZmBiTmO7GOYMSahs4XMCAgO5AJjXlzkwNYkTtTnAcWISGy3MsjLIChN2GZfGzE5QCo2zSYgVHg3tgMlxCJmLhZhkOWRoIDEkiczQByo1YUgPBSLbIXyhpAlss7ZpIBYqYjLI3nlFep3gcShCDSUQFPtgNoeZPKsWxpRmytIIyyAAT1yyCYERMR60/XiblVZrfeMwZm8AdgASqyW8IYwN+WumgrCoX4oHxM7urkHMXytDE+EAZjly2hlzQDqYga1hbKlcsaE5pBDGIjUjQARMfbzou/hSZLqUy5X0UCBtHigEliD9YwNNKM/yZsVV3mM2XmGGaT3anIATtuYjQmtQdhH3Cqo8MzJkt4sumuWBEwYYzOsTpWGAwRdo1WRPiMAINSSSGMKJ5flVgfgl5WaM6sAvve8FJBDkk+EnQjc8vDFe3MHBZEusZykFWKrIGxYhjJ3glh5SZrUDSLEQ+EKQ2X3YKoTE6y4BmNQM252MRR1x8oYMrFpLMVu+EagBSxYZtdJAPOvMRgy0HwO0eLQsSFEAeHNmKmWZ2gkkzGgqU2i1sqNCNWYggAcwJ08pBOk7a0UhlsLk4RnOtoliJUd4AASR4RqNYkBSSRzPIxPgGAAKi2P1PdO5I1MM8DoG16CpcLiSol9JIAgkg+LVjoTEidImNJou7jrJ8SZkZg2qBFdymhLMVJAc6gLELzJk1jHxxOVGUqhVQASV8WgHNQBPSc0Dzr3E3lEhQUYAiDBKzDZp1iBADEgjkBShrV33lYEg+GGBy8i3iBBLbAz4QOWlRX2unRhb15yWzQZhtwSIEa5RFGgUMpdPEtxbgE7BvAOZYfrkmfebYA7xUV3FZjLicsSkqCdY8MAyYMCdvWKEu2rrMwVlyjYEEA8yoChZlukDSJAmvv0F5BBLGJMAJlInwgsfEQP1V0mgYOxfCE5FUBA18OdZHuQzRofrFgT+rFY38KFSMxMMuqgMwUToXKiZMeXQHSjMHhykB7btMP4N0nXUQRJGpmMoIO5rLD5Cr/SsLazJWFnM0woIDXbhHh6CNwKxgRsWgaTm20KiWDR9bYTz3mvMHxC0SBOomSwObbeVkajTLMjrzrJsOi7MxMQFjQE7Z5LDNGpA2Ea60LexJH1UUAZAFGXMZlmY6zymTpoOdEDDhxEHNlByHRgMzLJ1+sWO45nQDWTU3DXSSWyZYjYgExoBl1I6k70nTGg/VOuhyzLZQfd328gI0FH2MYuWGJ8IEKjKZnUKza/7W5GtBGRJd4ahMoJJBfKk6Rv4RGYjkJgTGsRS4YACJDatsx1MQWGoEE+Y086fW8evuqCcwk5iPe/WJbM2VRsC28nTQV5d4hz7wMBtn8RB6ABSF5nkPU0bCA4ByzE5QgKakwXbnABJykkBZULAGm5NZ2cW0xC5iASAJgxtEEErzI0nasbLq85ntoBuW952PWBov7TGeQEmm2HVBJ7zLpOh3jQZVWCumoGunqayQq3BLFnkzqVmWXXUxEM+msfIaCcxrBrcypbRToZ0yiYgMcqiJg6noKkupbKkjVjrougHV2GxJj+OlQ2L4UeIwOQyiSfkCASNS0kDYUWEGxADaKrIoA852PikAdPXTpU9/HXFOiNrEAkn4kAwWPSIWvr2IHNmMmdjM9WB2+ZMV6qW5g3GEj60S06EgLOUdJIrIyB7nFnn3SNT4dDMefr500wF9iczKSImSYUAjYbDy0g7xQrYS1MyrEfVJaFA5xoOp1Pxr57iMIhm2IEyoER4QDMnz9NKzowccpgyign3VAMwNC0tCoOm5J51DjCDplZuYkSpjUnKrAnnJnykUEXULopUnQwUMkndjJKkfq6TpsN/LWIAOpkSJAkA+Ujl9hrGJsNiFmMigDmM28/qyZIGgWQBzk19ibYYkjRyRBYwQOcnUD11gVP3yuZzMFGyQAfid/jqT0qLBDKTlJJIg6bAnUSV0zdRrBrJhIxhYHrJOWTMbDM2pA3Ow8unzXlIBIBiATO/RQBA9BBJ1NYDvTLRmA0ENCiN42mB6/OvsTaIOd1aTrAA8PmZI8R5ADTnvRMT96mach0WSucQp+71G9YPxIDYqdJ2ganadJ9flS67YB21J16ADoeQn4n50LcssGgCDy8tPMbgczO+1HmEsGExYcwIge+Y0E6AA7SeXOscUqgz3TEa5ZLgR5a5oHLWDSxbeUCQd9x94ny5mmGGxTCfejpOpHPSYP8AOtCqAjG1aBUZlcLyjw+pEg5vKTXWFcu4XGZiogahswHgIXkS7sVnyBPOuoq+T9Z34v8Ar/RPe6E935P3lM9tqk8PvgTJ7qIEn+ut7CuVOITm3mN9Na6z9rNrNgrw117vbf8Arbe01zhj+DhROXKSYkGdPP8AhXr9W3+HT/SP9mJPpdXlXwfvZXsHiTsBvGpGtMLGFHUs3MTt/PSsr/DCviOZZOhYZVYddeR5VhZvMQRIOszoD09TX0NWeUkj5b8E8p67/wAKOwmKBgbvuS3uqOXrSzuxImTqAY++mQsg6JzJ3Ow5a9RQsA1N1mACgJHyn15TUlq2WgRB3nkQBUGHuZVIjoY6n+NEvcYqMpgn5gdKIDBuGQurAE6gTqByzdJ5D7KWWbUtJOsyNfxps+HJUKfFynl5bc/M19gsJCxrOoBgfI8/IVjWBWLamWKnUjLuFBI+AJ51g1rbISY3nSeoiicTYnVzm1iPPlE6aUTcQlQBlBG8xIjmDWAVi3hWedQMxIK/h8ahxnDUUq8iZgrGg6E8h6a1YeIYFtMonWWjcefyoPjNvNaOiiCGI5k7AT5DlVIOgoe4SzbQKwJzQvL3zMkifdUdOddH+zTjPfWRsMumnMjn8a5Dxd/MqFSTEAnUCegB1PrW+f6PnH2INtmUiPCsQRB1nrM/ZXVw8t6Onh5VKjeR2rUHt17Mqyi4FWVJzEGGywfsnett2WETVS9oXBhdUkmIBnWAQRsfXyroyx1ROnNG4nJt0gNIAbSGJE6zvO3pQgUH3dNTr5VZuJYVFZlKjwyIYnLI2Phg6bxNV1LM5oIidj9Y9PjtXktHmGJ4m+gAMRl03M9OpPWh71uWChSG/a08RMADrrp8aY/oYVvG5DQTCnnJ3iMqzsNJA6GveILbgA5iF1CzGaOefkzc8o05UgBddukaeHUHNGvi5ifLyr3D2jqjCGYDf6oOvP3ajvYjMq6wAIygQFE6Abz1J8+etfcOuAd5PvALpHvGdOWwiTqJ0paBRBbwxHmN99x09TRj2WA5AFiAM+gIgMZkjQGM3217fRDl8TSQshgJBjxMMugXoDrG9Zrh1kD3lj9aCJ5+Ub7U1GoEsWS7KqiWYwOWnI5mIAHMk19aU6ynu6QeR5Hz1orHi0GyAMWUe8raEk6aHYET0PlWVm8T4WWBuSQQRlnUjnHIUrSDQG6AQS6gtIAzRroDmMgoDJ1PQ1neCqIzCCR4RGVjOmupyLuAT8OdG4+2im2e7AQjnDFoIBJ6knTTrA2oy/w9CGlLS3C5IBPuodlVY8LTM5jtyFF8jCPE3RlHWYzCTmPQkmMqxoFA5kzRXC1LA65soYyAZAAJ2AJ6gfEmBrReFyKSGCsIyrEnKZ1ML8uelRXbgTMuTSCIUgf7T65jB1gn4VgUK71hTAA5yWknXYLuVEdRHxqT9HAOUQuhBIYEQBJkgmJjbzjnU9/BnKrxAacsyCQNJMgD4iaIsKGOWFbNlAIBkEHUKYknWG0MxE70EEA7wA+HYCBI+O/5RNH4TiBtj6NwrTmLjcErGUHXQCRsNSaHsXrAacneEHRW1ViJADIIJE8p1isMVhV3VdTrAUgJrrvIbKOrrRCT3sbcKEjL4dyZJJJ94qSQzASskQBQH6a2sEqBtso10PIEk/ICpbpAlFhvFJuFYJAB0iTpsSvWiHw7MFyyQAM22jNtBbQD5DpTWwgIjXUAnmSJPKBzP5CiLeHCwZUFdYglidNIykfExWFzD3AQTAVYm54WBOpkETJiYXSSPKmPDkYhgGyo2QOWA1OYOARqxOcct4PKh8IKBFuItoDL4puAwJOsFc5bRRvAXpNZYaw0KMqiAPH3jKlqTJOhgmNzBJnQExXyYA+IqIAJXNzbxaEidNJJiTyrK5w/KIDPmZZKlQBlOzK0ncgjRZAA11rIwXbL3GnwQWIABjMZ1gTO3MkdKhxmHdQpZmXMSFzRqE5ZdMok7t57kUuxzZPd/q5JVjInlO8xtrIk6CpMNjvCfFJYyREzplXUkmRJ+Z3oSQtEl66NN8wg5gApnl0IBGw96slKFkDNlUZmZSDqxnXLnzN9UEyu0UysYwAyvg+szQCw8IzAnXoQCMuhqbA3EI2WJJGYnPJLEAZRsJA1J57b0oRJgsODzaTEacvXaZ5CaOw+BLZfGgZpXKS5IETmeFggxlHi33gCvr4yHMCQ2wUAsNRGrlhqN4C+U615+mFYMy0FchGRQBKgZVMmBOk6yfWjSoHM9tM6wEJJ0acoKgCQMmYbAa5m0J5aTS9yxBytObRgpOXfTPByttOkiedFoSZaBlmGQ6q0DSU2hQQoERsJJJqLFoqkgqbc6qJGY5tswUEAgDRR7oOu8UKsFEBs511IIGgJ0LdR1M8gDpUrcOAAkiV0Me4u2wIljsM2kkdKJscHaAQSPD4mlhAHurppJ6c9+VML9q4FkhQ2VSWUBiFPIZdNhJJ8QnUiYo6RkhecDEr49zuGVQIlswMemkg14rEDw51DmEWCA2wzTuxJywomNJ3onifEHYBFgougOYk5RqWeYGaNcoAHn1HxF9SCQC2ohjn1jdgDty8KjQRQo1HmGMBh4lEeN0nUSFAedQsnbmx502wuBlZEpoxAYMYH6oBXfQZm0zSANAag4HYh/DbUuJZlUlgoB0VjJKkASQ7CJGlMrGOcOrlVc3CuVXIZrrt72g1It6LL5QI20o0ZIzs4QywC+EIqFWWM7HxKDlKgknxZphRA8qit8QNxVD5FjNC5DmZWEEsYB8MQsnfYiiTxHNItrDgk/WySp94XGEFANd/q6b0rXiV1QjA59SmgysQsHPooOXMcq8xBisYg4jqwJBXMw8KqCEAIgZWMFv7ZyzvO1A9+xILMRqTJiAT0EgNO0DlOkCvcZj3JJMCfeYkEkzOkxBiFAEmB50M+KYzAhQI11gnpmnUiASNRQbFbM7LQZ0aQQNCBMwYOXZBrMAH0qTE/6qM6rlYST5kEk+JuYkRoNAIqDD4lx4AqidwAAxB/WJOkxMNsIkUx/S5QFsokFZiTAMiGaAoOutsQFgHc1kZAR8JILZCViVIKqMwLBjEkaCMhkkbxofcAoaULAyYBy5SdRyMkaa60XaSWzEqwkeEuwMDRfCBmy6HYTttmmp8XjiVWfAFkACVUmZzBNpMQfQTQCgfEYQBGOWVW4VPdurSdSxZip8RCiBACrGkkEi2Y1jOsRC5ZYEDQx7sSSNSdwOtGtikZlzZcrTlIhdhAUCVIAbRj6nfUZ8SIEZ3UqzGVtO40WdFZVkqpPvZj9k0VQQW7hJDe+XIzXPDuSZUQoCooOuUEbeQFQfoLSJUjKR4WUqDImSJUkbbkUTd4kYCxahspgGFAB8AjaZkg6kkk00XixAZW7s5lIZYzwCBzGYkiTJ1I2EGSMwMV8Nw7syqHUkkSQVMTCgZiDrmIESRv0ojGYKHhCVfMQxZgxVVHiJy5VYsQfdEbCddTMPf7zwg2wGgaZiU0zNlS0NGITJGwzamZNAW8OSrMzEEmJUA6rrlQAZWXRVIEZTry11DdlgD5pZmzlBuc6k6zEkZvF+yCD5xU2LsEZV1jJ4pIf6QamHRvCIge8wEnSiXJXOjEgSFyuoOVydvDpA1EaMzQORo/C8HUle8uZVmWjVwA2xtjRC3vDNMjyijQoo4ZhTLEZNOQIOWeYz/qmdTsY3NZ2MA7GVUMpk6GBC85YTHPQEtr1mvLmHAMrlJyiJdZAYwWYTIZtgNIGamFzOBOYtKidWykMx1XoojUkKCFgEhqDBQkxFgnw+Inc5V+/Wco9QKxtYASo1yiZIyho1PiOqgyRoZIGmsVZeK8KKqJyKJzaSYLAQFBIa4Wg5jAVYgSIorhWFCqjB3OaSIAkEEa2rWUDMsE5nBHQczqCkVe3wh4kjT3SSgLxu2jaoCQcugaN96zv8CckBSpOWSomLY1gE5QC5UBjEnUVaP8nrcTM/elgqlQtsKdTMt4fdj6zQ7E6A1GnBGS4VLISsLkS4PeaTqWM5xoxCCDAmAIOo1FTXClTGYA9QwMHbddST+z6a05xl9whXvLUQqZrh96DEEHVQkEAN+Umrw4hwu7GWFxouFFEwRAyLmYQGy5hyjelN/Brby6BWKklVWSoYRILneBpp4Sd5pkagpcDKt4ky5Q2YAIoEEmJgk8yTl5BQQZozh2CSAqshdxAOYsCy6jTKZJYnxkRA0gbo7WAdlMaSSADmEgcydRy1hQAOZqPDXmAi2Lh0GdwIEiSTnJgLMBU3O51MVqYR7c4cLZaFDOCMmhAUkjxk6rmnUKc2pE0Lf4SwVc1tgBMZQGnmxjwkZiJLNGaCaFTFskqGJ0XxqsnMVBywT3cqSZMT56UfxyxAEN3hg55108IHutlVQS0w08o1oA3PMPk+sst4SCokadAfdJiGMxryqPkbgIDSwZF91Y+qhzazmALCDzkTQ+MyjxB1GmVSysfDqfDB8Poskjma8D2/C6RuxVZJCHQj+1rBJcmee0UTB/CcN4WzPk+siNKI0+9cQawF/bHiEBSZrzhdgAi41xypZSwzMixOp10nLADPlyzPKjbPFLK5TKnQZiCSTJPhAU5jc5lQpkkTHIFMfZGgszOpzDOQZzeFCIzEQpG0AmJNYJn3ouMUXZm+jDkvbCyNe8cICojchl6QNxMHZ1By5lykgFzA+rmVdAJaImJgRIppd4god+8VS5gADxsgyzDFAFz5dMi+FdJPhmhL+ItsVyEhSWfMzQwgEEsRLufD4VBMZoFZ7momsXAIRgQxPgti2rkZdQSdAIPiygmTyNeWgviGa8Qxb9oNBlnyaJ+zBBAEgATWL3SqyM4z6EFQFMiMhMi6wmDrEkCZ2OFnifhCOMxUMAoSBm2XMYZgq7kKATt50UjDrAcLAVhKtKAFrkLkkkIFGaWO5M+QiKQcZ4QVYiDpoSACADp4iYAk6T4QIPLWpO/uMpOYr4Wbw5lAb63gltcsKDAVdydKmtXSzhpuAsFURlZWgAHVtwdpAy+tENiYWUUaFBnOwYMVA0JeBE9IaN996K4VeQTmllQiVtgS3iEgNqBI1JkDTWaJxmCBBHhhZBIjIpnqrAs0k6dB50qTBxKs7QBIC6TMBQR1y6mST0PUIVjfEYgG3KoB9ZmW4hYgmAAOUQdAM25mDSu7aJJy96AIZs2UssamGyjLJ3IGmg1554xcoVFZ495ieZOgyiMoI1ltSeuhFB3MGDnLXdjJHj1A5Axl30zbTtvNBsIWb2sgu/1SCzknqRspU6A6bcta+u4VzcWFZnY+HMqwS06jZAo5AnSJgRUeBsgMZGUNIhmCKDuQqBRAA08WY6zqTAZWsIwUESC3gVUnxaxrnAXWeeUQRCkUaoAouB9TmJ1HhgMszrIDETO0Dr5U+wnEniGkTIARVXTbKIWQvPTz1nWl91NRBVS2hIaJyzpKqFULzIUsTXjME0klj4pIZ1AnnqWM+Y+AoczE2Px0QQCDIgeDKI0CrlAn0116mTUd6wGgHMpgmSDJJJmAAAIB3bNHIULimgLmkyPCWJGYz4jAKmAZAzeHyNS2Ma0ELmEieZ0P6oO066xGggc6KAY38EFM5wsnQAGSg3EsVPLXQ86hbDgDcBZBJBOp8xyjrFGX84BAYS2ULESQf2WBYamNem1BWuFEwdVC7iRAHLWSWZt9deUCKIaJbdr3iIO/i5+I7tM+L0gxU9u64hQBCdFEx8AC07negreDbPAGmrQuwXYsRJjpJ1MVMbJUqEzEwCWh9+iggaDrrRCG2eLGCptoAdfdyLptAWDp5msEdQuU+Iklsx5mNonQUPbuFyCSsQfE+g0nSSI+OutHW8QIIm2QRDBQZ8zJB9M3h56QKADG5wkBSWO2UFREjNqPFO56RIqK7hrknwsNAQIacu4JjUiOelFqxZVVRlWW8bHKPi0AQJ31OulEBSkeGy5K7sMy+ZVTllf22EnyrczCN7DyJggnbcsegXUz0GtGfpBDQQF18QI2jm2wHpyo5yIXKqpcOY5gAFAOujCC2u/IDTzoTB8OdhqcoIMRoCB6yTJ5iZoGRnfxpaIhRsCEDGJ1YLt8Z+NR3Lg2BaRuWEEnzUaDyAM+dQtw91mAx5+HYCYn1JrJpgGABIGxJPwj5wJJ60UqBR5cuiIVru+gOUSdtwZmNNdB9tR37mXQ5BoCQrFhPLMdZPLnr6V9ircTm8J1gaBgORaJA/szPWKNFlAFM6EcxqSNoMQB5D41g2Y4Qkrm8UAiQv5jYAx0r04oqZYE9NdugGh+X2ipcPeYHVyQNcks2p2Bg7jeG0nlXuMxa7lNtyXGp84PiJ6A6VqQSI4kE5mzTIObYjpoDAPnvUz4kmSfFyytBPrJnU/Ek60vwziWlCW30OXLPkRoemorOIMgZV/aljtrtt02JPUVgUMLS+HMwyk7agwB0gE6nnp6VheCQDlAbnlac56ahtRzYRFDXLZBDM07wg0jTTMSCBqZgD5V9/lIAaZSTvP2gAnn1P2VrNZFiLCzuSQJKiRB8zOonnXXlcj28QrBiwAjYKAqchOkZjA0G25M11xXyfrPd+t/1/onvdCP2/k/eVL2wXcuBvH/V/bdQVzRdRyZzQG210+PQeddI+2wD/ACffnb6P/wBa3H21zpwvHpbmQWYiAAT8NNt69fq2/wAOn+kf7MROlleVfB+9kWMF5XOW4GjYzK6DWJ36bUmul2OZhBO0CKajivjkoPIHYddK+HEg10lwCACYgiYGm0bdK+ho8iiO0rAe7qupI3iogxJmYA1/hpRt8sNJUMYJUHMRzEkaT1E6bUT/AJJzqrE65gsDU+RidddawdJlhcXqY8OhAETmP7XT7aY4TFFVBmCdCFMnXkf1Z8t6SYnBMpJUl45nmOe2goizxIumUgAb+HckcjRAWDC8UTYrBA21j/Gl6cWbVQqZQZzDeep5mKwTAagTBYSRroInU+Qj4mKyGRdAcxiJgSTyAjX4negLRJ+kBidhlEsSPe/ZB+rPM0Jdx4GuXnoCZETPlpUOLDyoI3JmddvSjbNm2BBVnECYiCZ5DkJ0AoowUePMqiVWfe2kQREctQPhzpHiWDqQoMmTvosa7RqfVtOhphieGEnUyWkqmYlgBzIWYA6E666aUPiOEQNdCVzSNyDtIG3x1ox5horvAScwUBSSw1aYGvONfzrZ/s4z28UhgDMSA0bLz0mBPOZ3rXq2ChBGxgHN68vKrfhMTGUzkytpA8RnffT0HrV9VNMeMqdnVvCB4RMbcql4hglZSCNDvVU9mePBTVy56tofQjy8quxNegnaPTi7Rzx7VeAW7V08lbll97TQg7+tava2mhIMn1G3MDoB1rpf2x4FmteGCYO5RY9S+gE7xr0rmfixuI3itBp0jVh03kbzptXmZ4VI83LHTIwa6mobOyEyZ0zMNszAbE8ulCNjBDeGJ+qNo5AAyJ84mTUd3MGNswgXcMdAeZ0kaeU1kvEEVQIzEazPhnrBFQaIh3BWDSotpuCS25J1AzbcoA8z1r3HY5EgBFzNDTmkr+yRtp5yZ00qJOKuAFt6TudSJPuwORWTqI60mxuHg5QSY0LRMEffO9ANjNcQBqySJzanKI2khTtuANKLw3EFfKot2wBmgaJ1aWfQxzyyJgDXmm4UpytGbxaARAOviOY6npppvJ0pnhrDW2VfcBViZCExHiMx4QT4Qd9YmhuYgTAl5Mt3QYswByjQaEciwB0J2ms7mGtE+M3IHibKQXbaFBJ/7zcvM7FX+HkaKhdBrlmASIJkqY0MEgHoKy4Xfk+JQJUwAQolYgv4WYrO45mhQtijh9ohgV8WWWAJgLHVoJheZG9fNiLhYZjaGbxDwDf9UEDT7SfjTSzkLNmZSACsKM+YkCAsGCBz8/jQ1625OXx6A5EKiFJA+sRlXbkNgBNCmEj4ZhczBj3akAkQgXeNSSQNOUmBrpMVnewo8ZLJELDqhIgkyCCM2aBprG8mpr4MAOSXAAVV1OsHUCdI5A7nyNR8McEFHYx4mC5ZAMbttlA5sSRGkSaJgA2QxEsG5wA+YgCYnaTooUdSSQBX1u+ynxWpQEaEaa7CeQImD1phftAMOZLTmAMxzCoBrM6ADYUt4g/iIMhpkh5nWMuk6aQANfOgYkxGI2ZGzEz4GLTbUSMsjJ4jofCSIgczRnZ3CsZDZlePDJhEHMmToxmPTQCTQ1uHbKXQFQSdBGg8gCST/Jou7fFv3WLJMsMuUnq2YHNEyANdN+lNRqJOLYG6sTkKLOzJv5wBCydBJ60JjMMcpUsqxqYYuJy/rrAYkALmPhUGjHxOgRs40nu3AjbQH6x8g/lpXqXra+JRLsp+lK5YMna2VYAj3UypqNdKKMAlUKCJa5osIxYFd5JKhQqj9UkHTUa0a2HRravKoqkDRZZTPvRAViRqYZiB60Dimco2ZoZj4mcwxWDoRE+fKIA51hibORVJvLJAGQKfDC7ztroBG86kRWYbGNnhGpPeq497OpAQADNOuu2gA+t6VBCIsAlrjAC2X91RzMNpAOwG5JkwIpbxHCbNqTpOpZQSNADAAI3gZo25Vhh2ZhkNyfqwxbYGTJkaA7INzWQGxvxayZ8LqIkEE5RKgQQdvFmJA0CjppKkYV1MsgAMESBEE5QeZIkbka701sKvugZsn1RAJZidddJymOnPU1FfwGcnMryzHxsSVbJoRMAtl8hvpoKFGCeHqwl8oCZj4RlXNClSfeAJ10BGp+NZvg2UM2TXKpTO0shbWVUTmbKCdmCzJIihcLw+4FZgsoi5njTQGIOwMeU+tE8XxLMswXPgRnDEoC3iFuQSXKqAWA0EATWaCD2WItzECGBzQFy7tkze+zEAkrLaRNRcPUnUAly0BVgA6c5liJmcsCAZNT4VszBROV2W2rwSXE66QWAPhAGgimWLwq2sz920qFsoXLgE+MlgDyiIG2o84AD7h1pWBORbggBzJt5GO5e47KvhUSgEDMw97KZyfEraKgMGgFpRVYAMSDN0qveFvd8JPUAwKBxnDoHhdWdhORiuhiSFJ3OyjTUxr0xXgzMPFtIUBWn6TxZROomZnLEaTpvqYewe2cakMo+ibxEwoYmYOxJh2CkFmEwYG4FQ8RvWDKKzaxAyKSJUaQhXIxJLM7RGnhEUrwmBCiDcFo5jKspNxdebKAd5MLrR2Gu2wwAVWCSw8K52LCFLWhKucwDFfEVBhtZg7gE7o4JGRYyzcKkkBBAJBVpncS8gSNNqmGDtjxs2VWWTbYuWAkEa+EQ/QHLA13FE47BIZyu7nNojowHIjO/hWZgkAQGG8KBUWO4WrXcrMpzKpJa4zd4wWH7o6+HQjxGQAY5QBqI+H8V3RSe7gqsHk0wZ90aszEgNHKTXzcWYE922RVUFpgkAgKMvhzAu0woAJG8CTQPGcM4lmj3sihSMoZRAUwcuwkwSdDO9S4RbZaEmWCkZkLG22skqEK3io8Q2VfhqOQrQZw/ibZcvfM7ZM0ENmzMSTkkBQqgroZWJg1nhceFCsX1UmCRzMDVcrZvTWAJ3pXfttqBJCssmMygAH3nMtJGuSY300rG3ixmAZSSICgkqAejKNdd+R1M1rAHI1sMDAgamc5JiIK75QQPFn2zaAmKUXRbIlC5EkMxEayZyqNY5gbgRzk06w98MF1QsxHghmKgPlVTAElvfPinLzG1SHi9y4IR3K+JEUhYAMFrkToWgs2kKMo5VmYSC9DD3mzmFlRLa5dJkyDvOtOLd1WkC22UGC5OaMpAkCZIEHaZMRtUtq+WCrIzQfGCMyDbKskoLj7LALUbh7LlFXI1tEeHLPkJgBihJBg5SNlYiRIE0Ai3DtrlFxYY5ychzsFnwjWT3hIkMYnfSZwPCZiCraZ7mdiGnUC1bG58XNQJJ00FZcSwJKs5cZf1U8LMm5jcyCQCxJEDrAqTAs2W4LTqFVZYkqrZBykeI5WIBynfQamigoW2cD4iTbLHOFIHhUk7Lm1KltANNtdKywgRjBt5FQsJFwtlEyBmaEO8wCWPOpMVbkLlyoB5hyzsR4obQs0QEUQqiSTBNE4bCFyoUBmJiVgK3hjNBGgBk5tSQOQgUWCggXFX6MDIMrsT4Q7yBlELnhsoAXeCTtX1y8pZ3AySVAMvlVpXJnaOikwoBY+lC4C6qgMVEywzHOS4OiwSBlVTqSBLGfKssTjgphbhaD4HRChhM0tlJEMSTrc1AjyFCzMa2OHgM7MqrCuSVuQAWnUBhmbLmHhkljQK3ktFj9FcJIMxmMgAiQ2kKdTA6bAAVDi8a1xFzZQiliQFSWhc0kvHmSCWk6xIFfYPh6mCMxLQIFsGBvKy4UMYOrCBBihbFsHxPFCXBMEZQQIyBYByqAAAp1JGk6T6rr3EWgKx8IGmbO5TNptmAlRBiD8dqfYniqoUQd6AczCcozEjKrZQPERzfMIMxoIoLC4EQxUqCFIC7McsFmfcTH1mgSTvWbMY4QZSVRm7t3zIbiI0ZNM7qQVkKduRYbUbjA5964wMzc1Y7CVDEZQjaEBRoNInesrFhXtlg0/R6sFIynQuogtnYagKAonxcqzv8Ta0WKO0SoUlU+qoYuC2bYsqqQGY5jvscEJbHI8tcfXLrClwG5LmzZusjXWNDqaDxV1BBd3BBQgBA56gKDosEgmSC0jekV7FsWPvBS0hfcMxBn9XUalhmjzMVKyZ2OUeEEAtG5IgeImNYOrEBQPnjWWjAcaQKVPeIAwDBjmlZ8R3AmBuQ0L7oO1BXOJpddwFOUhz3jDxG1MkRlJTPHiMg5dOoKHCJ4RDQpEM7jOBOjQkDbUKM0+c0RhMOylDnQZJdQELlmDAhriGQMg8QzGBA0YmsYaWGRhkQSxYBEtqwBP1RAgMeXi0Ek7msGGmW4XXUxnclQRyhRqFJiBpPInYe9fKqrA3AcxPeHQa+kAsdW0zFQRJ0rIMjhC+VgAAbaFRvMFwMogxqoIOgHMmsazLD22y5mGYJm8Jc65uSqSCY3yjlMxRNnjKgCLYbMsHM2khtsgCrJIJksW5aRQ9nEhQSqsQQVGYgAARmJHiLQdcgyqPWCWC8TVwFKSBlOcZiVPUAkgIBPgCgtqSwnUp0YExHFbhQrNpspUBQWgs0+MNCqkA++Sw3gHcQ3M5GXKjgFiVXvI01GdzBvSdAgjfbUmm1+0iE5EzoROZ25AQGYDwgnYBgQuYxMCIMIWTPluJcUsqZQcoDlSdC+uVQIkamACBNGxhLxXDvOd0ZWzRlAMK2hKyS0aQNJgADlRLYAK2rB1OpVRG+sBjpAG58gBzNZYvh7gwcskRAugBWGXVpmWMnUa6NBiDQ1/CsASVWdRErpBgNDEBVEkAENvMHSjYrDbSW1jMhVTE5Po2yke6khjLf9ZDSJ60XewyGcsgEGBmIDaHMXfciABB3b5UuxmFyEDUZVBGYqHCj+sEK2fL/ALKkrr5V7xTFK7Eq8qSGhcxKiBpkkAZQM2QZsu0zNZs3IZcPw1tJbIhUgp3ZdSQzDxOy+EENCqMpmJkrNE2rmUFQ6TMGFaA498513IEKCpIJ6AUo4ayM3iZiFUgMwlzuTCjOEgwYb6u/nBiL0L3a3CwLBiCMksNwG6QZJAOulC7MrHeJ4rkdGN1LhWHDRKkrJAnwoFBIkJmMwSSdCPcvZy+YNBbPnBlcpAEIGykyZAnLpJMb0je93rlcvhWFWQVkDZc4BM7z4lJ02MQTxHBhQvMiYC5/dkiSzEBAADCgSZk7miENwV9QGDW1BCgsxZVGpjTwkmB9UEyIjrQ2OwiuwKFnmTDADaIiIUKIgADQdSTX3f5YhLlsmcpA8TyNAAQx8R0mdjJnSicIIBQgsgWCqmAxkGc3ugAnc9NZ2GowJhsGN3ZfeEBFLXG6ggMIVTGwkzyovEIijxInhBzEsQw1+sFMZj0DMVgyahtXnUwtoEzocyNCnci6GAZjG8aTyismuusNkUEEsAcr7sZOp05x7xnbrQujHy47MtxmIBAADKMuURlyLGUGRMjUsY1ABkezh1zOyEgIAw2kHfN0WOQGpPpqwugm54rQzxIVcvOQdAJgRq0eIiBImg8fi1GjHKAYKe80jV3ZdAhYwBttA0FZGBsZhi4BzguxUQSucwDrBgAby0ZidzAigruYELAEqAFEGeWYxuxPNj08qdfpiOSVgErsvjhdJC/VzNvIiNpo7CopYd2lxcmgIczIGhUbqF1LEH1NYBXv0nKD4d9pAYZRtJkgtPSK9weKE5eZ3JBIXXTKity55s3kKZY3gLAZJyhSGRB4sxKgZoB3y6akZROkzUmD4Uyxr4dioEKDBPiaYmBIDRGppkg0D8VKTo0CIzPKkxptsAdSN2PQTFBYzCMSWy7ROU5SANAoDaljGw2HKdKaX1kmXVdZHi1Wf7I0XTf0orE8KWBlJYAbZswDeUCYY/WO2u9awldwd1pmSpBDZtZ00jMPrD1kU4sX58RchRpJ8UMdAQNJcnbUkDU1DY4cJkqsA7zmM+SjwhgJ1aQOk0IMCVlkKgjrDtEa+NhoWO4ECtVilnxXFyc2UIDJLBTkDudDp4Yj3RJ0GigEklLgOO5QdACTlUgtJIEEFjyA5DYDagLli4TI7wHTNpLTAGmUbD1gaCp+D4Z5EbCSTKq0MNczsYjrl15AGhpCGXXD6CIB2QAz0Azagz1BIHKvcJbMqO7Y6yXjTQaiDIIB8vWvbOEWTlcloXQIoiJ8LEMT5lp1+tppRXDipICMWBIzqw3nYAaNqDEKdfMVqMCXb2YElSQT7zNABnWEUKuvyqf9IQeHJmJMEox8Y5A6w/8As8vKi8cGDbIIfWGDgEHSFYsCFgeESo2ND3bJLTDMFgE6bMYIIGgzk7aSOVZMB9eQ5yZygg7HVeiqRos+QJ2ocI4zEOUUwADIJgbHU6iY3JO9FXbgEAMiKTEMW0UajWSY6qsknyFBYnHsWKls2hYtqPABzU6BY11ohCBh72Uk3DlXUeKRyHgA0HqSa+xNxyoDXQpGupzRmA3IkAxyHzodL0jOGiSRBBbSOmXKdIG/wAqBcKo2mDqJAUeu5EfGgmA+sOSQZQBRGYZR5yxElmPmSZoPFWDMLm8WoEHRd511AI1mmltLfO4Rtrus9AoUb+tevhwZly5gj3GMAaBtDv0BBHWms1Cu3toQBG4/93M8o3rHAWH8RBaREQpMf7Q909Bz+FWG9hoIGaRAhckGDsMpjX03oXFC6h18PiiJCjSDB1gwN6BiK7eusgZzoIifePKSSQTAA3k1iLckZTO0c2YnlosCNdIPx3o21iwFOYzJBMMDmPmRI8hvAqDAugMjNlk+6Cu/I3PPaB9WdaAT3FYE6jMpAHMmT9m46GKUYnDACShAJ3kAt8Jnz1Ap4RbykwsbhYMZfMKQY21J1PpUZuKuqrOYFSpGw9TMAciaZCtilbYiTA11JMj4ETP+yDXYtcn92ywGAHIZj7o9evpXWFfJus/8X/X+ie/0J7vyfvKl7YMOXwN9RGvd77aXUP4VzfxDEOkKFSR7pC7TuSTzrpH2vOBgbxM/9Ht/rUj7a5qx3E2aEZgRESNYG/QExXr9Wyvo6f6R/sxJdLyaype9/EAdJIZlL3PFI+qB1mYPPQaCBUV9OWkx8qPt3EGYAaxoT5fnSO/jCW00O1fREjyWxxwq2F1JmY8Mb9ZJ5eQo4aRDDnqN9R9g60AcNoND6+flR+DtypUyNRE6k9R5VjBmEVsp0ZtDqpE6j9XcjntUWA4HpOcDouxk7k8gB9pqJ8CCk5tMw1kz8edH2MZJIYgyDBKmdOnQ/ZQCE/oTL4cza6MVkyDyEDMRPKNaCu4NkIAU6HViInpIpngMRrAM6GJO3oR+NBcQxLoJImTtOgHIz1rIU9s4RgdV01hgQBMazzOlGWWZUYSBmI15gLMil/8Alprh1A0WB0AHMUDjMTJZnzaLoNAN+cnQHeACTzIomLEvE0WMsLz8I5neWOpn41FhMdnLamIJgW5J2Gw1OsDymq1ZuFhoCOYPKBzJ9akaxcLKAsMSFBDRJ3nfwjqaASPjpktLQQZ2lp2joAI0nQU14NbLwULjmxc6gAanMYUD01JNJbq5WbxKTtInKT5ExoPTWvuAXWOhlj0/H0qzVxMbx9kHEkDx3jEzAJOh1jSRrW+bZEVyX2KZrV9QqFnDAnSQI96BtAB1cka7cq6q4a5KiRuBtXdgdxPQ4aVxA+0nB0vIVuDMvrBHmDyPnXLvtCwy4e46ZmgaAnnO0naY3jrXWWJWucfbdg7oxIZUAVgAjFAyMfrTIIJHMHc7aVPiY2rE4qO1mtbWJQAFTPhGeRmBO4kaD4DT1oKRqSuwEGCIM6MVErG+jHzinOO4aoEZz3gJJUIFAMiFAGpY67gAVDdwuSCwhY1BLeMxA1G5nX9XSK4ORwie/cGkcj4iPe6mPzii8M6BWOZmPIBTMnUzMyZ0BMACTqTFSXU0aEILtAkgsoG4k6EnQZtgJA3rAYN7bbiIGitrHUxpO2h12pKCEN4lQlrktlGQ6zBjSBMATrERyozBYN8zKoZoaSoAzfsqzfZBI50nxF4zm2IHhk6A9SY5b/ZWPD+LPnAtSmYiADu22Ykkyd9+ZrC2PsHxNi/iQAqZdQuZYB2YCRvEnMeU8qxt4clnYKGhSQCoyyZOi/XY7CdB0JigrXGw5dXLBhoiqG8MnxeFSBJIEmCTGlCY4yEYnMDplUxlyjzA8tNZrBD7F4qFYLbRlVsokOwJEaLtniZ3yyIANCcUxrzBYSJDAD3Tz0HM7EnWk2Fw5bL12VQQpJkbE6Dr5fCvbwuQCAFDSogjKArfVkSdpLwSfEdBFajUPOzuFIb6RPo1QuDJGYj9UgjxOdBMTyoXF37WeCp8SGBM5WgwW0UGD4oEwsazSjE4y80BrkxAGs8tOnLbQaRTazwl4l3KBl1Jza7eE5QS2saaDrWNQNa4gZDGdPdGpJ5FgYAGmggnrpR2KxwyiVIuEnKxC+4RAYNqxYtMnTY8zWH+TkiD3irkPjDFs3WAQJkwFRPCZEnrjiMBcQGYtiFRpJOgI0cCQIABy6knlSrYxNxK6oWFOqHQn+qMGCwBUFrjAggGcsnpXuGw9wqpUiAxIc5RA33YZsusx8hJoPCYTQ5gVDCVaSPRmkEidYRRJ0nqPcJw9y0kOdAPCfEq7CFhvIAaE0ydhD1t6ZgC5ZmkCNWESeok6kkdaX8TV1gFMjRIaDmbWc2pG86NtAECvuIkAZAlwMpMlzGRYEyqQZ5lJEnQ7GgMRdzljmZmMQSNTP12LGZjYCfXSswMKskCCwJAyn311B2A8JLZSDJEgHqRTK0qsAGfJknp4pYElmKzpp9UzG1JrLyQPG8eDxsTJjcyQqKOS8vjT7hyXFbKttQcpBYEMMiiTlLDJ4TqzTM+lYAJiOHKWzM2kDVVJYDaWByxJ1IOsEabUHjeEZlzK6nxDKIIZjIAyiZEzMkcto1o98JcveMFssgSWEkE6EnRVncAkE7xWVrCvAk2xlBbMXLNlJIIOhzaeIso0EagmihkKMPhmDHXxFz4jMAxqwPXlEGjVvQRnLFELDKphZYSFzB9dfEwA2EaTUOPRQwHdke7oWZZQDUlVUFC2pgEwABqdaKtrbaQuognS2wyA6A6kiDpDEkmNuVKBhJdciElljMcoORTsZ38TE6KDO0nbWK81tiS2ZJKi2irCAwslspL3GMAkSM3PeKlxiqO7yI2oEQAzMMxGYsQT4mgATG3WKg4zcDMC9vJ9XSAC258Vs6tG4Go8q1mJhbAYhoTL/1ZXM065coZoY9T7uvQVhb4uv7Rg5gr+OQv6wG0awzMZ6ACklqyY8KiVM68xJkuDJMmBqQFA50yfDMYaFyggwoidZgyCxthtNTrHOhTQGMMNiLTmBaRAEJzCSe8ZSoAmFRASfEZIAJEmBXhuK1sgXFi1CgIQPGCc3hHiywCc3nJjUlXis7XDm0O4AGhaDEL4dNSMzTA5cqiw9jMFUKSdcwlAhk7EAZiYG5MbwOuUjIMvYRc4ZZiWZHIBDKNAwXxDqd31FepxQZswQiZMN4o0y5oYDUZg0NPiIJnQUVxfGB0dUYlTkJ2DaADu9lAQanKAkxrpFQ43EpmQICpTPoWNwEaQcpI93fQxOu9ZhJbVsqgCHKXRlRXZTAPvswO40hQAonWh8LgnglVCLBtsUyqWYqQVBXUBlBnKZPi2kmh8fiVZWgNqqNpdgHUqFIyk5yFLBZ8IINS2cRcC5QXCgi2q+DfcqJWZhgGII31JJrIwNj7RVgUQKVAICAhEziSqg6AEaGJmT4jvRvFbcJmKEMz+NwWeQyyYkKqsJkoBMHcDSo7F5piHUqJzLbIzSZJaSCQSCEJI0UQINSYHjC+BHEoveMC6s5JaSTlLBczNuzLplWKLMAX8AFI7sX9QDIOWBGsFRJjmJEUTxOGAMW0kEIInSYJLGZf9a45Op8JNSYMBreYWbYUDu82cgggSSoBWW3nQ6kCdaBTCSSxBOUBjM+4u5I8IygQIkydaRgMmt5dVOYxk+tCuwORkAgvEEgQQYBPKpjgtRlZVLKEKySxZiVIECEBA8RJ0zQJ1gXEXGJZtZ2OYKAJ6Ryjbp8alwloZSxzHIpJ3iWKop0I8ILCBp015YCC8S30ZWLQdAYaSc2UyWGqZRyDMCWgQOdG3+MEN4DEMTmADI/LVWDSW0nWIHM60msXAc2Xw5YLFhljLtB1AJ+qsljQ2GS4SZBKg5iSp1J0UFiwYk6kKCBufOimwj+1jARJmFROXhYqxhfFAEkyVWRIAjQmoUwhIUqS2bRVBaS0wDlBgERGurEzy1CbCXQoVgFVZYlmBZmOY+EDmFGiDQSCT4hWfDMCScp8Mq7bE+7rpHuqBLs3Qeda9zHtmyyMJVhChiSBIVjlnTZSfDLGOmlN7OPgMFurbVULMFtSbhn3CxfK2u7awNl0AoW3imQArcUO8KxaSgWIBaGLNl3jKRmiNq+4plBBZFziMkMGDgwc5ImAdCAzzqdKxmwXiF/OBkzZhofHm0GpCoRmJVeQ6EnkKwGGJJLOFI0DPJXn+rIEeZABGu0VJ+l+7EEsCWGTeJB1AUZYInPOZgd+flnBrlH1TEiGhmEsCEAViggaM/QmBOoMSWMats926hvEpLEBix01GYKR4dRqN+tC4tR45vA+JvBIk8wWgZTl5rO/kKlsW1AzsueFIzs0BTAC5VBJdtDOYRGvKpRikiSW7wtr3mroVjWGGnxB9emARYiwCGckE5VlmIClSSNIEAQIVQANgAZNS/pFoi2PCnh8SqrMEEgwQkM5GmZnKgsdNBFZtYQghR3zMDnBYJ4d5DklvCY2HiiBoaHuYdpyqCWYAEIFiTAyltCBG4168xWYBgLkuYjute6VFcpm8PJgxPPNm3IgTQof/pDKxHdh8zOYKwUERCqu8KognUwKhw3D7jBwrZsgHhUmE5e/mCEkzI0jnvU2JwDCT36sxALODm5QQbgkIqnSMwnagHmZ2rTFpyBQ0hbjKyoYAJPeEnxOSSWMAddKHv4zOCYgSMyoQy7+EkGeY2Hh20OtZLhsoynPE57gNzu7WUElQtvmMp95yBDaeclzEKCcoJOUkXCFVAzQGISPGwBKg8pG8VgkdruxkYAj3tTbNySQRmMxm1JChVgRptqS3CLndkd0B3ecnNbyZlkSc7FC39gkt5Gg7mOUlEU/XJLMNNYAE5vdGurbaQDX2NxKNurSuWJJygDUll6j1UD4akW6IBYeTsBGpOoHhzBGZh4dBOUGJjevOGWM4KiJj3gs6kRpPugTGbSmvE8X4dwVIZtbiC5mY/8AV6sv6sxOWBpNS8KiGUqVkiAA2vXqRO0mJ1gAVgi5eGM7ZJAKALmZgyKJBO28asZIAiSdKd8FwCD3XEFoFxwCpXxfSKsZSDsNWAgEzNC3seWLDIpSCCLZVcqA8ypy+X1iSAusAVHZud6s2gEyOio73JIMQi+KMseJzAkt+qF1DMNLSWMptsSRAAJdgoI0l1SZgT4iG8RMDpDfw1piXYhfAdJfXQeFGCagzqQRJgc6gw2CKhiEYlgwaCpK+KCbjMTrPiGknSOZrPFB7hUFgAqi2CvjLMPqp3agA+LltprzGMRcLxVsSqr4VAVivhOhlpuEzLNCyssFEKBWWLuKXVszyMsMJUBiIgF1Uws7wTEak605WyuYwEJEIGtqQqoNHaQNNssTLmZJGtJ+L4GMxV9EgOmYK8mIKySCTqxIPhA2rG5k3FWOY5Qx8B1L5iVYge7ACZzMlmcwTJpbdw5UFWtghYL5DIjQxmBgRPSSdqBbAkEgZYYAK1xypbmY08cwAHgLO07iTE8GyySRp4WXeDOsbRqImAY0EzRFsb8OupmGVcoA0klTqJJVmfKsndtSB5mKzx9m0sQM7MrEQVUhYACRqAZgsd9h1JWYO3mNsGVLErAYhmRokqkEqsbn3m6iheKWylzKLmaAFzAMpgbc9FmN52E0bGsZWlAUhryrm+qrDKoTVViC5ljByk6wdTMe8QxNxciNGRhmBuMcsPrmKaZSVBAL6xsKR2rGuh1AnSNQJOjTpHTf41I11gAFbMvvywUAn3SRMkCdJb7JoA1Dx+KSZ8ZJ2LBzoYgqpHNfd5QSdNBUx4srKLYVhyLPc8ME78oAJ90A6daTYbi5YlXUMxM69CNQwWSY0HIAGnGEuo6EPZWLeZhkVjMgABmzBgJAGWIgACZNZhIsI1vKwIDBoyyFztE7HxFAsSdycyiNhWC3VLqJAbNJGgPwDZRtoBHoNKwxmNOXKqnMcmmklYOUwEDak8m5bbGsOFYuGGa3oreNpm4RERLSBB2GpigDmMF4iweEGQ7asV0O7PqdIB5egOlZLfRiWZrbASW0ILHkGUw2UnSFBnnpNC38CIzZnCnMwgNBb6oZny5yAY8ImSMqiZoPDOkjMuZ5numjLA6v1I3APhnmdKNmRZLT2h4i5BuAHRUAQAAsAIf6RmkLljKAJg7YXm8EBbqLMXMyZZnUBS/jeTmZ2OjGIAA1Q3b2gXKEVSSW8WZidkSFkKANDudTOwrwI5IlVOWWYsxBj9rOQ2x8IGkfOnsJYMLjiWIAbLoG8cFgx0AkFQi7sZWdhvBBu467nOScksMq+JdiP1dAROsTHzpZKk+NnAj3UgEwNIEqADoJaWAnSosNbAGZswEaqDLP1gDYctdNqUxYHuuoXPcLMVVhNvMwkgqFFwE92BtIAmOVQcSyhR76kySNi2skkaBQeS5eUyaAu3GMiSCIEgaZjuo0MxtoD8Klwt8yMxUQCFzDvHf1mck7KAB0GkmjZhhbtoQpIGq+6rMgCjRTczKAzNuCpJbrUOIw2ULqoTmVZszEnSTPTQZQIE+tTWuKgsQEywpAFwqABAlm97MTsqiNIjSawv8AHTqqoCMuhIJVR9ZoGWPIRHKmDZ81gOpliT7zLLAATCKWLn3tTAUkwBqSYyfDaRlIt/V0Ek9dhOumpjTlQNnHrJ8Kk/sAKSf1ifCQTzIbqSRRo46kZTlaBlABz5tfdLGFYLygGZJ10NBgDsNcQbEoRpEZWPx8RUTJJ3jYE1FhuFhwHMz4izM7ZcqjaSCx1gZteShdaBW4JEwiz7wUy0nVVgmQNsoyrrrM1ncxDM2QZX1GW2pBE7+LSDGkiYnkIoWFGeMQK2XVXEaHXKTrBmFIgiAFOupr23eKmdCdYlpXNz5Q2Uc9hr0rK7wxVeLaaxLe8wQfWd2dYXfcIAOU6VJdBLDKFKqMo1hSCeaTmWeRdgSIJUTWMB2kViF3Y6KUYb7sBPhc9PEANSZry/aQEhhlk6kZYEe7mjQjqQazt2sxKwAdQSNcqzqBE6DnGp51K9iGKhlhIIzADMRsTOuUbxGsbiiYAdhmloZZ98+KJ5a6Qd/hzr67go1B8tGLFucx7qKB6b86YPbUEP7/ADJnKoJ3IyyCZnXYcgKj79CWjwAHJO2bXcnVmJ+J9KC2AxUcayupI10ImSWnY6/fzo88QII8ORdD9aGI3ZpJLEk8oHlROMMqPGbYiNM0uBoYhdAOes/dQT8PUAHxHfVgdY1hVJzBEG5Omu+tGkEkbiaFySJJ5LqxPMmfdEbRNfLj7bFdIImRpG3L3QAeckn1oe3hRnBX6SRM/VAjWYOms6dKxNpJWSIjZArt/a1yqvSWJgaxWRiazhFcnXLzLEgKAd4jYnYazFZ8S7tdEgTtmBYdPCwblqfEfntWNm6qjQ7dJ6co3PmajADAjMc2p8UtHpMwfMD5VrACYhlzROYkxm1zL+0J2J5Tr6UaRAkgkT4VjxN5s3TynXyrC53IylRJEBpuMZO5MCABNMcNgWbxhQByzFmliJAEydByJAPWgjVYNhOMgiHtgxEMSykCeR2E7SVaBsJrq+uU0wjTlgrBk942SDuG92B6R8a6sr5R1nfi/wCv9E97oT3fk/eUr24D/m+/v/0W2/8AXW/vrlzEYYzJMcvOuo/be5HD75Gp+i/9a3XM1zBM4z5Wg8xsAOvTU17HVr/h0/0j/ZiQ6Y/tl8H72eWrYAVm8Y5j3fkefrWb4YFhLSuUlQDqD02EnrWeJAUKHIYyTlHuqNgS3Pm0DTbzouyFeeeugYankNtPgBFfRbPKIMI5Z8u8DQEwOuu1MLuJEKcpUnbSF05jdiI+sYFBlmQljkCjw8tSeSjfQbtyprgrIuhmByALqN5PLUnQeQ1OlAJjYsnfNkJOpBGgIiB0J60QuHayRcADrsJMjzEHeN6jwPCgzjMzZdoSJLciJ8+QovEcPOYiTpoCSIGu5E9NwNzFYwtwdsEu0gQdoOkmYEaSaNwODa4p3YEkwxy5VGkyRrJ8tKLtYNUB8QE66+FYGkiPEzeQI+NLE4es5u+Vm/2hHmS2wHXnyrGD7XBlVs1wM7HYKfCIGkxGYA6mdIA86Hw1pBmBKbljIBYmIC5iDpz5RWGA91lFw5jJ946g7yTCqgHLc86F7pgBBEA6xDACd53M1jEt4qyzoCBGXUt5kaRl86IsOgtr4dQzFm66CB1Mbz9lT4bEEe4RE6AqJck8yBqB05UHxSyLYKeEktodSFA3ygSfF57etYwBeUMZEQ0wiak8gCI36k+tYcMQJcPhbXSSSMvWBpqdtduVY4jCHNpmQqfEV3E7QDt5V9icR4kIYzAVs0S5zEzA0HLrtvVY8jF57P4Qd6jOGIYloVtFA5Ezud9+ldJdlGBtrGaIEZiSY5amuW8JcIAJObX3RBO489566aV0P7NONd4hBbNliGiNOhG2Yc4rq4aW1HZw0+wuTCtc+2rg125Zm2VCIZYZspJ0ysORKnWJE1sS4JHOkfbDg6XbTKc22kGII2I5SPMGrzjaOjLHVGjlHjrAkg3Ga9lPeEnMGaQAM3NiNwPCoWJYmhCt8gw6nKviD+LwjTSdo2AB9Ka9q+zzWrgtAF+ZBkA6SZyn8aA4fbKBtDzBUADn7pXcSdhvXlSVM8t8zzhWNKgidTBY5ZOYCBDSSFWdFkAnWKEe8O8kjKG94KCdQNtSTLRJIJ8hRlq+oDqHNoRqHIg9QMoMabb+tCYrFZUAUMhYCCynRZkkTrJGnpSAPMVg+Z0zLplMA6aHxagnnSbD6Du8iBiZLiA87AFy2VUHTQE6knSDbWLtDVGZnDHUrKxsCZkE8gvLXeKmw/EbbLDZgZhlAEESIlpnlvHoBQAgVGK50JtkiZjVgdASrLoSYI5iNqyxWBbKrQAPqhcwGokmdBM6Hfb0r4WgXAUF4JHNQQNTmI2UDcn76bXuJohKlQcrgEZmVViCYgyVgwNROpmhQRJgbTg6g6mDM+KeSgaMJIGmx0rK5j7knISqkFWBAMnY5ABppz9aNx/FCUUKZy52WDISGgACSqg5pnxGec19wjCKSGNwIUEg7TcJ+sSTsNdIG2g2IoBFgbDlJayGSdD4pMDWWXUDTdoHSprKtdyzogMKAxMzrlJ5QBJJ0EiNTUC2QrOguT4rarBLpcGxzER4lMbhoG0zRGOutnM3FQJLsVIjNsToBLmAI32AGpo0MT8TxYRspJUwAdSzeHUEM0kDXnHwiKXYC6zKQrM0NqDLAlhodYRZImZzaTrsIMTnURBg+I5xroZlpJ012PWlTM5Y5ZB56mCZkmTp8ek0LAM2xltWjOdFIBZyoU7kidCzarmOp5cqiscRQqWLHN4vBklwYGVu8fZZOokGQNDOgFm+MpUgEkgkqNQBPPlJPLeBUhxgAg21gZtYhp2EnqOnImd6eghVrcMXcGfCkgEa/rDaTyUSTJJrPC4ZipLCAWJzNGUT4Rq2rAcieeoil2VwEcB8p93ORLMZJyAa5MugMddeVZG85zARoFIXVl10ExppHutuetajFkweBdkjKqi34nZnUAN+sSMxZhocokiVEVBba6DDKxDAyFJzFYkgHMpFtQMxEBSZmlFu8UVR3mbUyuWMmswrydWMkxH2CpsReUqhZsurfRiWYLvJ2Xx7IrFtBmY7A4A84ph2VMo8OePCGLeLL4xnCgCFIOUFjqBO9AWcRkllNxSQA4L+HKseCCJfxahdl31NC2r7nIC2RWRimdSBlmPCEX6xUrMAaSdIrMt3imJLBh7o8GUbksYIJ2Cgc5MaClCfXOJK8qQAYY5mzEsxgakRJ6ZjlAB32pneKBCLeZlzDmVkqIOZwnKfdSYmTypDdxcoUygAQWMASR1jVo097nTmzw5mXO0Ssib0qlvoEiFAbeZBYwI3JIEwS/fCtNtjmH1TLFSeSL0QksHYgAsNDFfWscwYhnCwNQiKQNJgmGKkwoOUzO/Sl9rNJ1FwyBuWLOTlRTl8JjcgnKoEa7VlcwrSVLqBbBgaxEy0GBBO/KeXKkexmNLHEFymTGb3oM3LhAhZJWEVNRGYKC0wSDURxTGD3okNJQ5isAaEmZzHYDkJOk0FgcayADKO7I1Q6KyyQA0R9bbWSfOpb962/iYObmmofMgI2GXL4SNdAdSfKmTMfC6HLEsNB4izEnQyVUTJ1IAWRGrHpXuEuFVMLBBzEsDpAIELzYSYkGJ2rLh9u3lMSzkyoUTrBfMJOYwdJACydzTRbWQm5c7sFDlCnT6TKZGZmBLL9bLm8Ua6itVGFxtBSVBJyqANJOdhqmhyTJ8bSYiBJFEvibWZAbQVs2ViCFVwcoGZ2LBTIMkkqFMCSSSfe4pZCooLgCS+sJ+tmJhoWRCqoZmMb5tBb3GpEwR9GSokgXPFlUkTrlJMmBEc6BjDiDKv/RhVZFbKpZhpOQl5BUNr4VAkakUFY4jADAEZXJzFvCC06hABrrMyYHIVB3jEBSCA2sQAAM3vNrmObWJ0NE4k3SFYCFfMg8SyY0aFMFRBA/VPnFKBmNzFFrkjKhOSQrlhsBmZjmZm2JggDaNKkvKWIDMoUnKBORDBzAuBLnbM0Bm5AbVIOFnNBAYSAGtsApZjrLFgCFka6KBMjUVCHyOQvgMNLLcOxgOzGJAbfTfQQK1MFMFxQBk57QgbDMMxBnKgbXzO3PnpRHD1Yq4ZoUZWuAAS6ZwMokyx1Jy6AASdF1OucOWEUAKzaly5IyESurBQCQI315bVAmCUFkJdozEAMQoC/XuFV0XKJjQ67jQUUg1RDavTmCgAtKx4XYgwYBYSDIXUEDU9KgtWSCSRM6HLroNYkCRG8j51nirUqskAsAAO7adBoYIk2yJhgd+tE4JyjMkwhDo2XMVR98haIBGjGSdvOKyQGiTh6EywJCm5A7u3IBiNi0E77nlMa1FjuHuolkdbclVz3CGO0kgxI1B92WJ0MDQrBXrJIY/R5SdMrAtBAVpmdFzEyqiYnykx1kDKIQCWYBibrRICvcfMVbvNSFA5CN63IxG/eDKshLag5bQgAh8pIZiJZ2hWJ+qNKjCXkbQKCmpzFiCpEmXIW2E2hBq0iAd6HTG6CTdGY+IM2e0C2uYzJzNuVUeGIEaUTi8WHkN4iPGGkIk/WZlInVAMojP9YwAAQGzzFuxJ7w5HXIRpqdNWkaLMk5RqCFGkV9hsWoUKNhM+NgANd1ICliNtyvKTQ2JQBpGbLlmXzEtOugbUZjmIzqNF03rDCXz4Atpbk5vA4zgR9aAQVg6kHf0rADMNbdiCuWRAAgGT9VEB2ImMzT1I0qa/gj9JJVDKzcOZzERl3CnMw1C6mOSxMPA8YyKxZGyJqW0PjYwqzrlznTKIYRyg1lfxAuEQiyRlIQkahM7DxPAjUFv2fngpEeMwdsIsPcZtfERCnYqqrOaQJYknoNJr7Hhs2YjLntlvH3bMVnV4JYpmb3RAY1K+JlQWRSQCLaQNzu0rHuwFBbMN4FCWLwg96CLYM5UUmHIgE3NxtEKeu1YzR5hVBVgHKR+t9aZmEg5iw0mQB8BR+BxQE5Fk2xmDnYQfE2hIJEgAEiD1gUHbt3b0FbK5YhRkchApEZVU+KRoc3LNqJmjOJJeACoispuEkJBfMYP0gtyLYIAOQMFUQDQBRGvFEZRbCZ5MuZId2loEj3UE8spOm0a5WMehSGU5A6qwVm8YGoDBSrBV0gEgZoLEmlZu3BB08JAksMxaYhZClzO8ZgOZqS41wZi4thVch1lA2YPPjVTmeT+qYAAjc0aNQ44vxjMzBla4XM6HM2WMloSpOsnRdeWrGaWPeAJQq8qShYvIBBkoD/VwPFJAYkkchrEUuW3IVssn6vhzMYyiJzSARqcoUGKy4kC5nvVKIEQKpLAuAcwtr7u4lrnhXTnpSsXkMMDgUckB1tlyJVD3dvwjRjc1YjmAAZYzuYr7iPDVtwCzgsTqcxLQYgSNEBEmRnJMaRSRcMQyt3gQ76k5vIKBGpO2xG5MRXz32cHvHObQDU7GSVDM0GImAurMZMDUpjWWTENbV7ltlbweEwozMyg+JlVCOZYSSRuSTpQ74W2QgUPmI0JLAMoEydZUctFB22ml2GaSxW3lkDNLBMwICwoBCgbk9RMnWKPxGBZSrFWTYoEZddAQAp1ywczsfISJiiYY4EBWm9bBi39GC/iMqSCTrM6k5ojMPIUNiccDq48cnwIFUqBqNFUDLJIAz9B5UJasl0JJIcaFFIAUA6PdLMWOblbUAaHpFQguGWDkldZhp31nYEjQEbA7yaxnYRavCC7G42pkurnpMkgAE9NdCOtFrjiS7ArrkUKuZSpY6hJRc7GBLZQJ2ECSHZwDT3jIpO4ALHWJVRlOVfDqQXDADUzSTEW35rkjSM+s6yU0I1jQgtA561jDe1eglWzIubJlXxMIgtlmAWkFi2m+8Co7kNuwa5qzfXY7aZFVQo/aYyxjYbr7N45YOcAlfCbm8bkqoltDE5lAkUZwuyrnxLNvUsFOXTkSwYgAfqjxfKawtGGIMkeMCRrlL+fhBIBk+RjpTXEXMkspQMcvhUTcgCFGZvdTUsSoDOSdTGmWES34iFVhIyN4yucjKDlbUZRO5gb6SAVvEbahyrIQuVYzMpgkAs5CsRJ5I0lRAMbUA0ObXFTAKqWZhD3S4AkAgJEmTr10BA32huxlIS3nIzZmI8ETHhEDMoIPiYmeVLUvFtFMnQAG2wuEsfEE02UAeI5NAQImj8ZjVtABs5aQWJ8ROWIXxkiNIEGB+1NZBJMbh5XvGtosEK5UlcxMyY3GZZBYACOh0oPCW2CMcoK6GEUKjRqF/wCsuFd4hssTUWNxLs5hczCIgqF1hoA0GmxLEz8hTa5xFidbmXwFSwUgKGEuiMAW8UQWEZteVYAkx5yiMwMkZSutu4J8OUwjaHXxLqfhTDAkiO8IQKNl96I0MKMx+LaTyr7B8PUgOxjQBWJYhupUH3eQET5DnXiLaBBDRrooPjkmBLQCDmIOULyJJ1iiYYWdJuqss2ZF30AAEAr7piZAJaNSRNeYrFvIBXKySBIYGWjSPdGvP3pMUuxjeMRcJn3gid3maADmGY5geZME+Q0BuCt6omYawwyqxZYJghsx3jXKBoOY1oBPbGIiSe8ZlIUE+6p11DSxznVZMZfMxXi3tYNq2sQdCIUb5ScxAk6nZtdelO1uaBFCsxUqQzLCgHSSWVRoM55zAgmaBvYe1LASXABJDju/DBkQskj9VVUSDOadCYFEXmnKMxgM8jJmIlV8Om0mFzGANpE52sAsoQsMQWl5ILAkZ5IAJmSqjNEDyrPGXstkMhIEsvhzZ3ls7a5AWJOhIGVQFBJ0r3GNesqC9p1S4AVAJZdSSFzmTmkagRrvO1Y1i/FcAKe6GOpIIiDHvRPmYBjkaN/RmtoDtmiMie75NcHIeStz1o61iWZktsggEQM6rBZZ8MMEkbZWhRJJ8VDY/iNw2yECqFbM5XIII8KrmEh4B1C6SecTRsKF9nFtbjwLdEmCxZACeYEMYJ2JC5iByrPEXSXE2pZlLQJ90btoNQsc4AHWg7mNyk5rbBt2Zllw0fVDbSI8RGYCYr08R8IzqrDNqo98qCPFJ91ToozHcwOZrWLdDAW2ykDOS31Z7rMCQTnuKHygtGhacokxoKDwSMpdSylRpmZWg6/VOUt4o0LAEjXwzUdvxEKoPiYmINwjeFUNFsE6AufdHPeSnwzhSzAEsQRmdRKjQqdlC9Gjl4cxisgkdtUCg9SCTlJVVJ0LGGOuw8MTA8VRiST3ZUKoPiXLoT0JCkseiidgKIwV/KCciNBK5DOWWWBLQSzKNiYy0vxtiIjKrAxl1YluoM8ztpoBJNNYSW1iMsEklgf1VXKDpEGDmnU8xzM1Nw3iRzFwfFuCfd+GUhpB2C6HnM0Ndw0x7s6aBmYjyOmsnUlcx03FMmTRZc5VIytlRTJOyA+LlMHnuNKFGsmxtorKuTnZpdmDe8Y8JWTMH60e9PIULcu5ZBDtqPEDIIJ5aaloIDeXlQ7i2MzHPGbQBgWBOig5x4p3YyT0Ar6xiQFjuiQJMMwQljsdFJMbxpoIzUBXuY8OxA1MlQAx0BJ5mBLLOmkg/bURv89y3vQCAub6uojNG0DTWicLjHJUQyyBlZg5JHNlAGoP7IgddzRV1D+sHBMgFWQSRoQIBEDX89acK2Ar+EfKXAIWQAqgjUancN4UkSzESSOelDJxAs0EsWjKGMsRHIGIA/s1YeFDwsTluISCxLkKW2CqTA3ksdyNoqS7hSAGLKfIGAI91AFE/YBA10rBAMHfA1aWb3VnOygCSSAGLFusDTfSiMLxuSS5MmNWmFA/2SSNoQAa71ClvMSVaZ0ZvrTr4VAiTGkIug1MUrvDWCxAAJ1mPONx8aCRhy+KQxnFwFpMndgdRImdepgDWBzoLA3pbwhRrsSQFA2kyurHQATQli2okl9SAAVAJ8+h200NYveAaQdBtPvTtJj8/nRasCbJrmCbTVQOSgEmSeemp5ySa8bC765hoDsPEeQ1P271M+PKnUESJGYCP7UCjBxeIJEyOaBQF2lQfkCAo9aBkJsZppEkjnJK69dvlRNi+6ANp/aIn7z9opyOIFvDkEDXQFyvQEAiZ6AD8aDtMgkm4CTosqTlIMkxOUAbBZJn0NFB2AGxMESQWPiOeTM9dz8fsrsCuTb3EkIHhJ3M5vt0Hh9JJ9K6xNfJ+s9f3f8AX+ie90J7vyfvKX7cGjh9+P8Ash871sfdXLmLuMoJGaI1MaATsY21rqT23n/m+/8A7r/1rdcvPdkwxkcgBHpXr9W3+HT/AEj/AGYkemGvCr4P4nuBYv7oB09R6knQVC111bWARqNh8ute4XibDSZHmBoBX2OwTsQwEZts2nyr6GjyKH+Ac3F2tZlBK5ifWVX3S0/r6fZXnAMG7sPEybnQAmI2iIJY8+VBYThtxQCVbL6HxHkRE6U0w6MlwS0tAkaqZ6amI5cqI62e4ywwzZoYpBIAGpBGgLH9UHpFD8bsZjLKDtJVtwOSiAV895NQ4XEZHuAhhmEQsEAbmRvyB0oZcTvvBjxHQhfITAn0mhYgxOLtFwVUrlEkk6k/qiNFXpofMmvcEtpyxylZGgksobkWaNueXQ0DhrwJ0KXAomHXU66xyld9edS3uJDLsbaEmDmMED3iQxkweY05VjEt0pbOQoGO5aWC+Unn5Aa0PaugmUyoDpq0LJ1mDJIHU6SaBx+KAgDUc5jbrrBE+dTWLyifApUhjOYagwBtMkRAArGGGLuTAzKSAScmuvl19ayOGSMuYhtMzA5so30jXN5SKAu3F1KqULNAUNoF5Ak6n86yxTItuAcrEyZ8TGNwI0VddzqTArAsN4reZzmLgLA8TtDMQIWVWQzR8AOdDcQwNtlDEBjOWV3UDY+p10HIa0nx1vJ72pIkajTSQOh35Gp1aEGeC25gguQRoDGig6efzqsQplu7K2x3JuL4hDKcwWEYGAVEy0qZ2MVffZJiW72ebElyIVR00EAchpWmez+KL63APCPD4obKJ8I3G8H8RFW/sTxaLqqJfxgwRsBznQTvzquN1IrjdSOsre1YlKD7PY4PbUgEabHemBNegemtzSXtrwCF1JDDKCz5ARoTqTpE+fnWoLndlnIFyRJG2nmxj7hXU3brhT3bVxbYGdkIQk5Ybk0+Vcwcbtd2CDbiCsj32JjV8wHuyNF0AJ5xXn8RCnZ52eGmQvxXDHnwkN4QzMFygaSADEfDTpRtzjpFtVNtzLB9fED4cueDJY9CWgCepqBscWiIOoCqwzgkA7j9mZ+VLcTbAaTduFBlAOjAtlklijEb6KgzED3iK5GQPuMcUZnPhCoCCBJXNGgDBRGm86Aa7mguJ42dcgGYBVKDTeIWPrctTOs1HduE5szat7s7T0iYEdJqU4RCp8Q0+07SsaGN6RiguAxKjMApziVAzQAdpMakgz4ZAkCSdqnThl3EOVspcxFwLmfIhuMonKCWHInQc9KD4nfiCugyqviyqzATmaFJ0zE+JoJ05zRnZ3iWIsTew9x7RiGe2QDlPIhgQQSNNDtWVXuMvfIeHM4OUzMkMNNCuhBVioLiIAOxpiuOz5rioq90VkHXNrEx7sjTbnsOYX4TGKxJuSXJLFiSSWaczP1bmPMzUxgCCpGkldAwkaAgnSdDJ2pbATXceLgIAbmUCbKSNWIGrEDq0D1oD9HKsB7ux1EAA6ZlUagDzkk61jwy54oUAggZlOi6mY6kaDWNYonhc5izwqnNMyQ0EDLvnIHkBsdaZGPMK6IQwGaA3v5Jc6RocxOsk6CABrrWeKtIxAMZwpAgBULGMsahQqiW2105V7dw0JMBZkDKD4Rm5lmJBbeNdI2oLEX1BYJIExmZszANII6mREnKSdtBRYbJsFfCk5miNhE+Lyj00+dGlUYMBkEwSFVjMHNDMdszESRpGmtJFuZJEzIEERJ+wkEbx9tMWa6zAFXLKQdFzv1UEgHM2o5SD00opGCu5ZPGwuQZUECMxKkeAMJHhnWBAjaaA/T0WVVPAxHhZQ75tNWIywdIPMLp1qfC4cZpzMzq5kXkZvFroQAwHMhCZG5M6D3F2rhRX0yDwjMIyqswBEaTIzcyec1mYAJRpkPLHZAsKOWhhROw1AAB00rx7iA6KqCYB1aB6wCxMe9EneBRGGx7IMrIzIZIDEBZgAMqAnM2m7A8gJ1olccwaGBALBYC/wBWAIhQPEIUkvlgttO9CjACYJ2YBAGz+FMoO/UKozE6a6STOu5o3DsQBlU5bZJz5W94wDMeEA6eEknmZ5TC6oYhQ+WCqtGTMqLsCphBpJEmddTJqaxgUIEBo2IzQzMQCBbtgNInwlyZYwAFiaCQReMKSQQpOuZyykLvAy5tGgaiAQDrrFfYTDRn8R0OocahRqWYtCrqBESdQAKkCkaKzMDGVwAG8JGY6sSigkCFDM0H3dagx/EchgEXVmMrqC5EEFiWDZZ5TJHqKZI2xlcUBZDPpGVWJ8In31KsCCx01XaamwbKGYhASyhRILlZ6FpJZo8TQTqYigrPEiEy5QFGwZN55ywzabA6DpR1zFW7ptyMiqACttWVBA0LXGkuzbkxoOs6ZmBLaqHQa6QIX6R9JPujKCxZsuZj4Z1OhFT38Kc7ZQXykKFBCsXPvAKNGVQDsF66TWeF4lbLHKe6XTKp0YjSQxGbxRLjMRBjasblhmUmGZTKhiwaYk6MDAVQCzOJzNoJNYx9h7EFgSxffNbi53azMeEqO8A2OchI1G9AZAGPi1IYgkq5JfZcyiM53cgwuurGmLKzBg6kHRBlyhGLQApKwoGUyzHYSSTWIwq5mHeZmBZfo9o1AywrQGGijVjvKigKzyxaKjvZVirDMdNIAEKpaG3iMo23PLy8595izBoOV3UGWEO2RGJMRAnLlEabURYwB8YUPnMIFETGYZlK5eoAJzFmk6ACvbOBa3cVA7aboApy3JjKR9aTHuk6HWKUwNiMWJkHUyWKgLMaKoLToPQDnBqfFZ8rZ4LZfDlPeEhGIPuggjMJzGBCmNDNG2eEZVWUOaXY5oT3Z0dyGOpBaBrGvOg8Xizr4chKhXIfNLD3gwABQN7uWdBv5agk7Wu8JcOFGQhUt2oghQGzZiSCWbVzJYmAQYj6wj2s1sqfEochdj4YEtDBlEnaQCTGte4y5m7oyh12CwGOggLaCtKyRJyidjpJSYjBMrFWZfCF8LTqHMqcttisAeIh3O43oAbHWK4iWRCDJABeFIRChKgLp4mgCdGJ3LaAUBexFogAmEAcWwCwUsSCWKqCzAsZzNMwqqDBqTBWbiZSqvcAkDIkiQBoACskZt/XQxWWGt3GdUcEg+JlVoJfUli3ihUOXVdDlygaVgcyS8iqCz5411cSX1EiCWGeW+tpbAB3gVlZxpKBWUbltJSC31hlksYAgFQGJ1OlZcO4qytpltyCkr3mbIHllRczQSfrXBmmOmhi8LYurTmDBiAPExfQBQrRqojxkMDAAkmjYRXw2wsTcdpzQAyk6CZDZM1z9mEySzfGvkwSxJBLTMFchXcAGXBmBOgJGYDMSYqXEYIS2h7w5u8JyMACQNEULL8jJUAAnmBSyzbIL93qNQGYBDGsNl3Uke6uY5t+goBsOtFcpd7c6mVClQRpIDSWRQdM0MSdoOoGs+NjlUqwAcjKUXKsHOQ2jakRJ/VABrPg2IdWVVth2c5YcMQdQCGGuYzHKdYE602xamXRgyMpYuABBVd8xDaQdFtAkdYYU2kwtDsoZngQxHiYI0gSzke88khNwZJgVGuMKMoZUBGUhTlVVDe6WnwqDuWbWJpjhMLcayWVlVXMqDAL29ArM8mNC5YMyqBzJIoC1w02h4k8AhmEKyszaLOXlOwLHMB8KDQKPQAxOYrcgyMjQhO+maAd4VoXTMTMySuEjkEAVcxZ9SkaQq82CnUqhJbQeVe4sNItk5mJBHeW9QsTm1UBF1MWrYJMKOdZ3LfdqQ7KSoII8WcTqVDOIsswksqrnA2gmaUINiJBmRlghMqQsDw6JJZzP1mJ8TEk7CpcBbEZWyMQslS0BIBnwjLNwASc7nTTWg8PhXUNlzJIbMxUZFULMG4S2XnpvsJkxWWMAGREAaVJGW2xJDQQ0CdTrB3ABJ8yAJ4ddnPkJUIBnuku4AJ37sZbYH1QpJBJ10FfcI4mkNmGaS3dorMJzzpClYX6xKsAYjUGl/6BdYmBIjYorExvCEiT5tA0mDFZYfCarmKsrSGyzChYzaLAJOwGYDntoQaxrx7D23PeTHhtquUiUXKc4FseAsSdfFpvzqXEYWyqDKFgkHMSR3MR9HpOa4ZzOwzHz5UmxHD2WSsgFZ7veFAlczFic5DAkAbEfAE4lx4Fd9Q3gkiADLAA6y8TsDAE6wKxrH+AxVsiVtXmcZiAFtgExqRmLErl1zsFA36UuvYtJQpaW2SvLxgQSsy4IBMalJAO2oNDYq0WlFzHJ7yuMhknYAks2vIhSAJMATROFgqe9BYqD4JK5SNlnU5V2AHhk89ZawWYSrS5Cgs+XPnKKGjNCFfeYnUzPnE0y4dw+1mA0AdWC3GDlpEZjoYygSNIJJEkAivTgAMpBt5QpJChroQT4gSurkkhfqLOg2zV9w3g5MkKQy282UFpYk6KsA7g7GI1JPhBoIKXcT2FW5bVBlDAsC+ZQgVQzFmuMMqGDlhWfKVYwWYCh8BxK5nJTKwCLAEqLarEAZmBOVhMGcx1MGlT3mEI4nKDbCiIBHhyr7wJB6c8xLcwUvDjBBC5gxW2VHiudQoHhyh97jGAOtZ7g7T21eXL7hAV3IY+HMQNc5zSfEVkjnmHi1oe7jHS2qd5mAg6ASkzCE89QTBnQTHKhTfZg2hCqIAnmf1co018XKSNdNKZYniHkg1lczglSVHjuFAwkidFM6kHKZoo3Ixv8RYeDOSDrDRLA6IMnIx7w13A8MGvsVeK+6rLBBaR4iy6AEE5UHXxNy3ovhuHDyVIcmSJZnuJmgBiiQqjXNHiYQAYFMOEpbTJGpVpZXKNMbqck5bcD+rOpJJMUaTMBJhkdouK1rQqpGZhcdpAe4xkIi7+Ffq7MTp7ieGoJSM2WAxVpISZkAlVGwknL+FNrWLQs+ZQZUn9VVQDxE7++YRFPiI2Amllx86KoW2GYwxkSTqDIOiouoBOmxEwTWaCeXez9xfAHRjnCiJaRBbcEW9dCBmadI1kVjZ4QFDd4ynxKCiKpfeSQXJIyn3iATMUAcXeMKzLcRdRqCFY6aExnbKN/GFEQRMUPjcaTIJIWZInQMScpyqFUHeI6DpSs1jfimCzAZWDKoaVIi4YOoygtoxI1IUnnyFL8ThSviCZApgAKw11JgnMM4EScwk9Kx4fhbRYwSdtfEqRE5STlO+7CBvE1nYwJYGGEKCSZAAiJylpVQNJCeI6DnWMH8OwhYeEiAHOaIVERczF4Alo1IgyaAFiLZAl1kuY1yj3QxnQM20gEgGBEmi8BggASPETGUr4is7vkJABAEZn5cjNE4m2VDG4DGcFSxVlzONRPuZjBbwghIA33xgC9cZwxLyUVRlY6gsRIUqx0XXQ6+I6dIbKqNDbaPelGy6jQQ7TlE/W3HworH8LyscyEDZcp94mSDtmCgDpvpvAoMWlgnLcMgKCcxEjQs0xAkHIgX3pJiNTQDzCxGfVvFAtrIBAB1MQSNdBmBIk86aYKy4JKqJAKjNlzP4dcwnKqgH6xA0+tXycMOUeLu51ANxQVyqSWZeTEAnVyQYBAMCg7uJVUYS5zKp8fiOWJhiyghnOurQo1ihRqD8JjIUFyTAEGEbQ+ICJGUnXRjoOQEzhaLOJVCRbB8QMCN28Oxgt7x1JI8qHcidYYSBmQGXkKCtvXWAMshY3MsIr1MOuaFyqxYwhkkDkW6qIJObKJgazWMG3LzCdFR4QkDK0KrErLLKgEwTLLJAABIrI8SvMpUW+8BLHvB4becAEtpkAIn3miYJk1Bw3BKdDcDGR9H4wzkHVXAggNoB4hp+rTDC4GZBbIxywn/RQYYlsxMKqmZ1bYCZ0KQUL+F2hnDXfdadcpyLIhQHUE5dJJPiaNOtEPfbNlLgiZUgEZhyKoMpQCJ8TNJg68nWIwvdoxUZlZ1XKXMMZzaLowAAJII16gDVVjcM0NcFs20YgBhofdgiBAykjUsIkgCs0agLjWHysJdVJgsHJ05ahSZA9RNJ3QZjHd8vEEcxtB2XxSY1gcpjWp79he8AdmByicpa7JWOhXTmQW0j0qG0oIMAzqSx0J10zRMkchMAdd61UBnlu28E5tJgjMRrH6onNpvpA0mpsRcQ/WObT6sxyHj+toB6bAc6zwVsSVdWnUzn0UMBOkGWHPXmNorPD4a2TGaSQAAEZnJnSJ8QJkAALqegrBPbeIYBUzMdNCSD7xkwJAA6TJJ110ou5jAoz5XdpYMygrbytA7sHNvsGeNdvKsreFtWm8KOCnhkMkK5OrXIWS24Akx8Io/HYpSqIAwJBeGLMVE6RKKviPilRHLlNPaCJWwTEZgIBIMs3iJ0HhQ6nXQLuYozhjFDKlbjCQylVkCdQ7lmVVJ3hTyANSHh1tgGdv2QF9+dyxJka7DkNgOdAtwoT4SB8Cx1OmqjLHUmBQ5itDK3blgdNAT4CjNP6obKAAPTptWGOww0Id9gHL5NG3IEOdAu5OmoGpoC9w17YGmVgTP1iNecHKvlP2VPwrF3DqQxljLORm02gySABqdd9BRoNGTcOZw7ZmyqJBcKWKxoATIgDSB5RUuIChFBdj+sQYg8gTMsOX1QOQJ1rGzxEwQyn3ieYLH9Zic2cztrA6GiUxw3K21A94Q7LH7ZDHyC6QSaIEBXEEKxZgAPCCJCmf2S0TvqZr5bLEgd4pZ51CEkLylTKgc5C0bhOIK0ZYSJMOfAABAkEmWO0RG+1AXrpY+9I0nIMiL6hdD6yZrBJsLhHKEZ1ZsxCjLGVF3ZrkQMx0VADO5iBQvEbbwoPh0GqGAFUQAABJPks6kma94aUOeT7uqjMQSZj3dMzHzYBV1M0dg8eFAGZVaYMeKJgBA0QsaliNOWta2GyvXlAmQ07eKZmfXT0OtS8MzF18SKZBkw6p6gggkfqwdTFWZsVM/RqSZEn3QP1iSFJZvIDTaJoe+F3VA5HJZCg6clGpPSYA2601owoU3GIAYZjJYHaAdyFEDXYaekCjMPgbkgnuyTBAKyd4nQZV666gVJhL43ZdZkwI+Gg0j4/fWSYtSICMd9gZ58xsvWgwBeDS4CcqJ0BDBA3IhBozfAesV9+klmCd3mYxBPhGbp4oBGw0BB5c6V4ziBnbLIAIVtI5LOn/dWvcbjWPgESQANCWMTtl90dSZ8zQAHJjFTMT4rhOURbAC8jlWNW5TAGugO9dXVxuuKddYgjTMGEny3kR1rsivk/Wf8Ai/6/0T3uhPd+T95SvbkT/k/EQQp+ignUD6a30+zziuUf0rEXGgWg7b5lBBgc9BAECSTXX/tO4S1/B37SCWKgqOpRlcL6tlgeZrmFL3hyzEHVtVC9QRpLaRrsBXqdWeeHrHJjvdTbr3mlX/gTpiL8In7xV7j380C0AZ0ArM8UxJOwIGhXQj4fnNPrx7oXAcrEwAWXMwG/h/VJ0nQkgUFgWJJABObcbH4elfSdXvHjWD4jG4jUiEUjWGgfZ9xoS3xa6F1AM8+cflTzD4bZlUAj6uZWYmd8m48p6TX1qyrtlMDQmNjp9pJ6UNXvBFZ7Q3BOSz4mGrQSQBvHl1NYWO1bSo7mTtEE5p3jz+FWHheVmtqujmRMkBVHNmMDUSYHpqTFPbdq2rFAoDgyXJMiRKwBIHXedfhRUl3BpFIt9sRBAsEbltfFHSY8MbaUM3adXKjumIBEfXJI+rH6s8uetXXBcKG7hQHLZSx96ObRyn5mpE4IAACAxzjKogIokEgsDrm5gbDmaOqPcakUzGdoZJL2jLEliFIB6+QnnWeI7VW2JbJB0iAANPIQBp0qz8QWSwISScxzEFAOQVDvHmdNqOwHDbSIAq4fOZylgO8HOOksdAByEaAanVB9gHRSL3adCDmDs26icqjrMDMZ65gB8aJt9tFAP0I8QAI8QWBuo1mDzYmT5VYEtW7WdfrnwsFjJlmWXT3jPKYHKoMNwzDsQGlddiJ+AA1JPyA60FKC7AJC1u1OHYktZyLEEw10qCZhVzLJ6Tt1MUpxXG7X1ARqd/snzir+Oz1vKIUHxGJAK7eImIJYCIGvLakt7s3bbNoohjuY8IGrEnryAmqKUe4Zlf4Z2lTMMwMQBPMdTtz6VbsF2rtSFQEeIkM4MkDUgkAL6gHTQUut9lbSRmAExoc5IkTEgiDsYGgmJqz4bhdrulCBAqEBgwBnMSWOZtjz+Q5Uz0dgUdE+yPtCl+wrKSTsecfGBA6DpV5itP8AsPZVDLbQWx7wWSCQfrEkakn0gRGlbfWu2DtHpY3cTG+sg1oX2n2glwlVYlmb/oxlkRCoigFxPidyY+2t/Ctc+1rhyZc7MVMBRClmOpIVeSgnUk6GBO0VPPG4k+IjaOcLODdgLUIFWWJ5nMfETlEkk7gkCBAikxsRGYeGcwWdDvAZtwOfh361an4gbYNuGykzliTpqp1AmTrPOld7iRzNmCl2kl3UtLEQAFBCqEG0iByry2eazDEYHvpZfDqipOVVJMDzyoBLECTrqdNVl7huURC5swVYJ0j3nGoJnQagDrFS4XvJLAh3Omq5mAH6q6gR5iNqnt2BOQLmeRmlfELhI3JzKQFmASvik8qBqBsdZOVPAmQBvEQbakwMzPOrwRESQYgea25eMaZixGpICgnkFjc689eUAVYMZgLjy1yDsyoSfEOQ8KgTAECVXalGEwbF/oyVO+syPIDry5Uj3M0BWcNcgNlIH606Tz1ga+lTcSRyQSBsfEWXWBtJYb6fhNOcTnAY3Wgg5o8JMwAMqFipgRq3hgERS6/laJc3Cxzaquhb3szAiXHUgLGigDUjSGkB4a44ykDSeUZj1gxoPOaNw2EUEtlzoAT42yGdPdhszkE66AetQdwDnjeDkYgmYMKgCk5Sx+sdIHwrDhN5mBUzlEFoMabQWg6nUDQ89NKKMSLiEjLCjUnMTOXMY0E53aNgo016zQDXchOUqI+tk8ex0BbUTzAqwXseygMwCgsSttNFWVOU94ymQqklmMySIOwoTGWbbkESBE3Aucn4EyxUjxM5yDWBTUZkdnAqI71wuisFXwkK0ktn91AsbDMzEwBRN26CNGMbhSfpbhcgk+BmiQSSzEEAagE0JdwTpAyn3lUDu2DDOBkLr4srXJ8ILSfuww9tpcBHzaBRbyqigaHOMuskjUsNd5rJGDuI48xB8ByKpCkwVUQsxAk8xrvvSp8xkElgOZByyfMiNPOjsK49xo01ZicygoTExuNNAs5jrqBQ+ItuQC4gEErqcoXUKJM7wSflypWtzEQwTAK4OhMLnaC5GrMqxoikjVonSJqRrgKjdmOkqSqDfdm3PkNIPpOR4WcpcgOtuCxUNERoCNGXfTMBPUVHetzpnCgR4SCY18vgYWedCwHnEPDB0YDLMqVQt9ZcwaXnygxyFSYPGlm1XIgHj0KqJkagkyTuF356AUXwvFGQFuZjqFcZhlzHVUTU+M7geXSpLmHAKGfeJU5yyySIe48kaAzvMgRrtTINkNjE2baNHikD+sGjQdFTKCQNfDm8JiSKhLJBUZAS6nNoxEaiMqgFV5wACY519jUEl82YZv1MoywTmb6q6AQDrHpUT4xCzTBLDVsvjLE6DU+KdD4dANKOoNhl7gZ2zKIAzhfHcYkMYJTwhlCjws4A2kmaI4bwVoaS2olEQuSwWCcwWSoykmYmRuBQOJJKi3mWELFckMGYwIMatlURExMyda8scRa3A0zMoVgT3aiOTZYyrtMQBB+OtMAXdshMoNzJk98m3leWMlUGV2IURmzkMWOwFEYfg4zy+cglsmd1aMsDxW/FJllAEiGIGkGgMdxJQYuI1x48J70hWLeI6ScqHfN4rhX6y6Vnj+IZs14BUu5w3huFsvOFtEgZSd2hjPmNSEm4pw6C0ZpzJmCNmOX6wBMLI2kZobQFhJrPDY0yFC5Asju1OsCVIzGTnuEnMdSxmdMoC2xxskgHPKtndi5bKg1jJKgmQABn1IOhqFsUxbQL3ujxzBPiGkwSBBzH5aTWAWL/AOIz9HaCMr21y5i+QQRokDVS2sIIk6sSBSw8Qi6XCpbJIi3cZwFnT6mp18QA1JiAKBsXHtkQMwzCQpJGadAcsqWfUQCxiiLkvcmZczCaFlIM68lgEKikTM+6NaBjCzi7hfu9R7wzaMJkZiMxIOaN5naj1zlh3n1g7DvCFZ2kjM1wNlnNrJ0LAAmJqXib2grK1ts6t47rAkiJ+jlT3ZnfOToZ1bQVBieLoxAt2ZUggC54lRA0wCGUEKdczQM3XWg0EHv+FiGgMHBRRLAIRMZ1UFzqDMwddtKnxuA7vKjoqh0VwTKZWbmyWy+aV0ObQcois2E22uDMAWQB0UTENoW0hAQAoVVB133oPiuJBhyhYvDOGPicr4ZbxSyloMDy33paQGYf5UKxkJVysQDsNAcx1AXcBV8yTrRvAGdt3S2oDsbgnM8D+rMBtyQslRlDTuVofhmDzkgs4GocA27YIXK3d6EZhtqxIkaKSIonEWmOfQi2CVCsZZ4Ov7K+6pMRsJ2rAJsW9254lKKjnIoTLlt6lQCFbOubWAUJjkJNB4IOgjP4zJcMdSuy+En/AGtxEjam7PeuCe7RQMluR9EqQpYiFHiWHgRuZ5RUWMwRLWxC3S7BdFZyqqIYvEM5JOYKCSBu3TBoFs4vLmVUW94USTnIBVdEUHVyDLFgdeWk1j35/wCkJLoQQcsvJWPEvhWU2EGZLdBR2IYWmZkuIxF0LLWmOYSTkAdh3alR4xmJIyrMSaNs8TzPnchYzMudSVlhMs/N7nurIyiRAIFFGPE4iWEA20Z2CqpLKWIWBmC+PmzaMAARroTWGM4WWUEyZDgC0wYnLoxXQhbYYn3NobxUDiy2ZffDw2V0KRIILg66Kk7CJkCY0r3CXQmS43ehQPD4lUScw8EKYA0nUkAHQFpoAsDu4Z3DszAajMjBMyZQO7LW1tnKjaZQBylpgURhLhs6FmcsYYL4QcupDD3wIgFo01OkgAziOM8DIM/jcPGndkkGSzHVnZcxnQKIEgaUF3oMHvFCqkIrDP4BDGTpCh2YB9ZYDWmTCQd8kki2pkLlZrryCNc2hWEA8Iz6/OKlxt1WA8L3DcmRleLlwmbj5dQqKAFkgZonagbKISx8LIonxHdoMQBvB2+cjamnCsY/dDKsZ7kO27BAoKqGaQTOw3MS05RAoCQHdvMcmYhVCiVMkQJyqtsZgYnUsBBIgAkmpeF8RuGQmZS2hCp4WBmPCPeQAn9UD4CsrfDU8fdssKCQpJDswXxrmYgtkOmYqAfF4tFBG4diitxVVZDArmCm8zZ5zLb0CKwBKhAXFswWM7ZoLifYxbegc51Uu7KALcsCACxE5g2wAYwogbycLdwKCZC+EG5mIkBtEVbbf1jmNAVMDxaRNYvxBthatynijMrZSPCxuMfEWBIlQ0SNiBFe2MWqqztYU3FJytoRnadXGmYlmkMytAQAc61Go9uWbW2fImmhbxMOQOUAsDG2k/qxBONh8jBO7YEhfE1sNcljmGZwBEDxEIAdhJgtSx7JmPEQRtzLE/ICNudWO1ikzEd0ma2MxuZ2A8IACfSMwuEmCQHLGCuYBZopAYFYkZsiAiTmUhVkc1Yl2HiMOzE7mJ0oTBY33z3amF1dVVjvl0JMjcKMsADbeak4jeuztBIY5IUROhPgMQ0aLygzQmS6PAbe5VYGSWLnwiPeJJmAoietDSCg98bcaRniYDliVVT9QEQAMu4E6Ek6b0zvJbzFVnuzGZswFxxpGZLZNsZ3zHx7ADcwKCwxa2rretlVnRVCqS4iQYB0AJUbgliQJE1jirsaKqQQNDOW2S2gBGeCJ10JUTEGiojLYL4ZwYOSjJlCqzG4zZGBkwtsFSTuBqCJiSBR1jC28oA75MwIWLkjPmCh73vBgQWEIYCjzoS1YtKInNdUw7PIs3CYAFvVmY2lMZPDrmJM6CYFlU/SE5dYKMihddHIZWiPdQESSMxAms0ZivGcGJLGc0kiMxDblQ7eEBQ0SEE6ESeVYY7gjqSIlGeE+sxjwsdApKCQJ0BY6EkaO+Ed89t4ZWAM90pylivibMQDmIXqCBGhFTot8I4JUAhWObcCYAjMMqrmOVYOzHLMmlRit8Pt3Ey2wVWRDxlBKOc3iGjsNJMuoJidBTfC4fM4JJBy+KCIyqCwVcohQRAgAmefT2/wzLmUMwYMJ8IAa3cAOR7i5hmIBYW4zeIS2tLrGIEnKhLT4QwOeWhYUNp+t7w1nQGi0ZqjLi2DXw65wxGZbecgtG0sJYLMeGZYdCCZeGYEd26yNzlDAd49xSIUDUKQNSrfEdJ0wWIBvQisR3feIzgHf9bvASwiXk+ATqK+wGHELIIWSXzKGS2rmJtrn8bmIEzo07AmtZuRMeELkZTICgk5iC5LhQW01LeHKDoq5gFE1hheFhgqosQwTNo8TqfdiWWZLM0gDKFp1w5QWAEBSuQMoKuoHvZlX6w0EqYgCNzQq3/EAqXLbAsTlGU5ACqEklggZdSQCSaF2AH/AMgQzBnFxwWCJczZoGhZhmWGgaCTPuiJqezetLKIM5KhRmIIVifE66FAxG5gldek1jY4kviD/SBdTLsc66SM2jeESSCUjWJig7V20HBU51LtEjLGzEEZdYgIo85JNajEmOuZlAZ1XKZAUMdJyrroBMnxEM8DSJqXE4xRm7tDnXLlVwoygaRkIiSQDDBTOrZjS8orMCWuGH8TA7A+JhLKGZx9UzAB0FZYGxnIGZcp8UNmifFAiQHYaSzMTtGkigEk4ddBClbaqUVw0t4mYCcuSF7y5dc59GhQuwA8X1y/nGW7lW5bGYhrhTWZ2t+E5bZAyL4i5Mkcw8VhiD4Y8UrOueIy8lhUJJOhByiSNRXtzhtwALqVBGpKgEnWSQWkjzmFGokmjyAiK3cOZYW5qrQcg1E+I5mBGRdtGB851qZsMZCKjPIzrMuIYwpIVmGVSDqdJ96dKmxl85O7Vm7sMT9K0AkaZRHgIWSQJSTuNAKHxOVVIDAkwQk5VAEjMZIzGBI6ZhGtYxDiSNwhZzqWBJCgbkwJGugUQPPnRzFxcELKxCBZykwANRqzEyxI0ERUmKtozTmlmnNlZsgiYJP1hO7MxEnTQURw/indZgXB7xQrLDSUjMFBUyik6mDJ1kQTRsFmL4VTbDMijM4k5SRENmLSVzOTlgZhEEneKFw9lyTlRkI5ZiSdB/0aDYDVtSIOp1o/hjoy+GSJ0OmYaagMZygn6xBgcpNNMXhAudWZ+8YL4UiVB1JdmBZ4OhYquYjyoWa7EXFMQCCHYhADlS3lUq31maYBltwdSIGwrDAIHlS/hkDMyePKQGBALgBtzmLQFGh1g5cQ4eFChdRnAJ95yxAYLqd9IyLAiJPiojEYPxszgM9w5SSVIVyAIEt4o+sRIB3Y7U4aI8KyLopNy2WUsw55ZhTdkyGkToBOw0BqRkYvlJUMSM8NKIsLMsV8bqNBbTSdBsZieyTbcljFtguYd3kzvMKiiO8fSZUwi6xrXmNF0nu4L+4ANS0EhVVltyGYk5oOsEE0DDbiHB2CaZ4zE2yQwYJ+yBKruA27Hfw0uxHBAPErhTvoXLkDd2J8Q1gCSJJ02rPC4dhmQxBUO5JB8WbwgxovnmJJ0Ecq+xhVAzeEggBZkxp4iVtwpYe6sAgHcDWszWfW8MQqK4Xu1YhQwK6sZYm5AIO2i79RtSrF3AWkJlUEAmWXMJMQSdFPXnpR9m7IGYHossVIuRoTowIU65REnciiMTgiUcknfUZ1hlO+UZ2kyB4oG3lQAhdf4ohUiABoQGEmTu2+vQSfnRvDbtsqczsrEZcwJAj9XKDr8NRzoDA8PgAeEiSxDiMpGkEH3iQdOmu2prxLFtBJJMGMrbLB0IZY1PJdh1NaqCMBxYrCnKU5LHhMagkHKZnXUTX2C4ohIEW0IzS0a+Ij3bY0PkCQOpNQW/pGGVVOhJkmV096QuhPIyfwoxOHoHEWijZSO73ZswgMAArgka6EHXlTGMMXgkJzEsQZzt4mOuyiYQGecECfhQl/AupDKEbQqNIbKJzMRoWA2F19BHhAAqYYZnCjQImgUQiqMxnqTBMljnbz0o18GJHdiANGP6wEaAwWJndy2kgACKNhsUrwwiNiJ8QIPSSZEHnAyrE86+fAH6smTAbxDU/rMzSTyE6fdRHFLrBsrOYkjKryNeUjQkbMxza8zFTG7H1BofCpYDxRvJPjjrl32ArWAJscIuG3mPhAP9YIJI2OUwqgyIEOTvl50M+BCgMjGQPdg6NGrHKxZhzJciTOnKsMdZJ0dyrKQrB7oX/uJlMKBpJzdYpfdvkEyxXyUzPIKCAJLDmROpNGxjFwzMS9zUjdiSB0zalQB5DQaChFdcsAl9f1WhvsjKPNpPQVNcUQS7kH+wNuWsKIHVmJJ6RXxwxALaxHhkTP7IgjXmSNBtqayAFcNVSCMstvm10HQKWGdzsF12+NR904kgkr9YkxpsAQTPlCzXnDHywygGNTOg392ZknzFGPj7ZMFchA+qQT5hs2YqfNYrGQvF5yTAIGuYhJyg/tEQo85EmscQynUCOQ1MDTYMGBaeZ1FNbt5CSJGWQVSM4O+rHQuRyncnyobFYVRHhJJ3jLCjcTrA/s9aNgYCMHceNVIAmYAQD5AT5tzrsuuVuznCWvPbs25TO2uikjSSzMqztrExXVNfIes7LFzwQT3Sk2veemv/B7/QsXUn8B9Wvu3PsstYh+8tubFwtmYhQ6MebFJXxH9YMOpBOtX93gEnQDUk7Cuc/aH/SEJutawWUIpIN9gGLkaTbUyoTozAk9Bz/JepXguk+I4m+j3pa9tL3K+HnfwUz0uLeLTWRWWzB+xe4rs4xpDNzFgZgZmQxvE/Iio/8AkOOYscYSTqSbGs+Z77X41qDjftv4ivu4n+5w5/8A7VQ4H278QNszifH17nD/AAgd1X1KPQfqrl+NYvN/LPIcuDXuH9/Kbhf2EmQRi4jX/wDbzJ85v61Lh/YdH/zZLEyzGzv5Ad9oPnWhbXt04sW//daf6jDfuasqe2LiWWf0iT/qbH7qpT6H9VUfxnF5v5Y69Zv3D+/lNtYH2IhXDtiFeCDlNiFMGYaLwkVnc9i5LsxxU5iTHckDyGl7Ych5Vp4e2PicScTz/wCpw/7qnlj2o8QYAjE7if6qx+6qE+j/AFUQ58Tj8y/9Y2nhPyX9/KbMf2OAxmxGbUaG1pA5f1u1ZD2RsAYxREiIFrwgE6gDveY0Ota8b2pY7LpfJP8AqrP7up+G+03HE+K98O6s/u6y6P8AVQ/xnH5l6AJLg17l/fyl3xvsZDLl/SBz/wChnced3Sg19hxhQcUCFJI/zfWfM99JA6U97Ldq7rrL3J/2UH3KKecW404TMrfYv5V6cfU16rZK1xWLzfyzjlxfAR20S+/lKLZ9hYH/AMyD0/zf3SdyPptzRFr2LlWBXFQBsDYBj496PupH7Vvatfw6/R3AG65EP/mUitW8E9ufEnJBxPp9Dh/3VRzdA+qvFz4rF5v5ZTDm4LJyhL7+U3yvspuRH6Zp4v8AoB9b3te95wKiw/sdIZWOJDZSpymxo2Uz4ovag9K574l7duKq8DFQP9Rh/wBzTHgvt44ifexGb/c2B91oVNdDeqvs4nF5v5ZZ+s17h/fym9Md7Hy48WK1LFmYWYJJMn/pTHQbxU3D/ZHkIP6ROU7d1APkfpJOuu+taVxHti4kTpiY8u5w+3xtUk437bOLIdMV/cYb9zV5dA+q1L+84vN/LJrLwT9w/v5Tq7sh2S/R3D95n8MEFSJPWc7fKKvKcU8vt/hXBGH9vXF5E4rT/UYb9zUze33igOuKkf6jDfuaHsX6rYLbisXm/lnRHNwqVKL+/lO8hxX9n7f4Uv4/F5GQiCQQGnUTzG33iuQOHe2ziDx/nEf7qxr/AHVF8a9sXEESRiNf9VY/d1zPhvVZel8Tj8y/9Y7y8M1vF/fym6bnsrEkrfKtIIItzGuoINzxSNNdB0NAcX9jQuEn9IgxAm1mg821ubn7K524f7eOLMT/AJ1oP+ww/wC5p/b9snFGEjER/ucP+Nqln0X6qY8+Jxeb+WSUeEfuH9/Kbu4f7Jntgi3i8hIjMLAkzzP0viPSdqmw3slAAHfyRJJNo+JiNSfpddd5Ou1afu+13iKoJvyx591Y+7u6QY721cVG2J0/1GH/AHVSh0f6qJbeucfm/lm0cJ+Q/v5TfeM9khYAHFNpERa056kG4ddYEEBQNBStPYUBtij7wZpszJB/1s7ciSK1R2W9svEnbx4jT/U2B91oV92s9s/El/q8RH+5sH77Rrex/qo1afXOPzL/ANZtPCVel/fym2rvsPk//utOQ7gafHvdR5fbQ1/2Cy2b9LIMQYsak+vfbeX21pDB+2/i5GuL/uMN+5qLiHt24so0xfx7jDfua6V0J6qX+NYvN/LBp4P8h/fym71/o/iT/nZjUgCxGp5n6bX7PWpMN7BSohcXErDf5vqSSZIPfeHTQAajrrWgeA+37i73ArYuRP8A1GGH3WaunG/bFxJVUriNT/2Ng/8A9qp5OivVTjel8Ti838sOnhPyH9/KbUX2HCIOKYjWB3Ws/UljdLFVOuWRJjURRWL9jWaf85iSD4bRAmZY/wBbJZtpJMCtQ/8ALLxEKM1/xH/sbG3p3VMcF7WsexH+cfDurH7uoPgfVQvxnH5l6AdHCfkv7+U2NiPYmSdMZcADZ1BQmGiCxPegljrqdgYHUiD2FNqBjCByAsbDmP67nVGu+1jH5soxEf7qz+7pvi+3HEBaz/pZmJ/qcP8Auq6uH6G9VWZtR4nFt7y9AlOXBQ5wf38o8P8AR/1M4wx0FiBI2P8AXfl8JrJPYEZ1xk7TFiNun0xAJEiYnU1rW37U+LEkfpOwn+pw/wC6oK37a+J5ipxM/wC5w/7qjPoT1Vx58Rj838sZesmr0v7+U2u3sC0gYoA5ixb9HJZp2BJv+6vIdSTWI9gBkH9LGm0YeCD1BN4/Ktep7X+IiCcRof8AsbG3/wBKp8V7X+Isfo78Ab/RWT99s0i6I9VNX65xeb+WDVwd+0f38pesN7A2Vs36brB1/R9QSIkRfGtZWvYBrLYvN/uIluRY98SQOgy+orX6+2HiH+ka/wCqsfuqFwPto4jnhsRI5fRWB91uoLgPVQ3XrjH5l6Aa4P8AIf38ps637CXG2NOsz9BzK5SYN/QkEjyBgRUY9gZ0/wA892cv+biFzAhj/WySeRJ8PKN6oFz2ucSzwL+n+qsfu6aYT2n8QzqDiJB/7KyI+Vuj7Heqi0vXGPf3l6Bq4NK9D+/lLThv6PuXbFwYj/8Ab6cuXfevz8tZU/o/Wz7+JZhO3dxImWBPeEmfhApFxj2nYtTAxEf7uyf/AO3SDH+1riBMJiY/3Vj8bddEuhfVVF0+Jxeb+WLGXBP3D+/lL8/sHlizYsNO04fUDSACbxiAAJAH4Vjh/YGF2xIknVu4ObJ+qv08L/aynXXyqhWfaxxEHxYif91YH/8Aapa/tu4gHg34H+qsfu6V9E+qpfjOPzL/ANYy9Z/kP7+U2ovsDtgEC/4WYkqbRy5Z20ugkxAzMW9BtRV32Ip4ovKoLFhFiCJCqASLoJAVQukCCdJM1qSz7YuJNcC/pMA/9jY/dUy7R+1biFkj/Oc0j/qbA/8A7VH2I9VVX65x+ZegDVwf5D+/lNiWvYaoiMTrEf1AIHinwDvPDpIk5m1MEVPhPYsALmbEZjcABbuirLB1gi9opXTL8STAA1FhPbVxAgzf/urH7qpeH+2LiJbxYjSf+qsfuq5/WHqoX4zj8y9Ab/4f5L+/lNk3fYW5AH6cQgMhe4MSNAf6/UgaTvOvlXx9hbkAHGkhZj/NxOpJ1PfSRJmD9lU7G+1LiH1L/wDdWf3dCYL2rcRnxYiR/qrA+63WhwPqomtuIx+ZegBvg17l/fyl+T2GuI/z0/8A0PlH0+kfGvU9hpH/AM2B5iwwfy8RxBI84idtKpZ9qmPzR3+n+qs/u6zx/taxq7Xp/wB3a/d0j4L1TqVeuMfmXoA/+H+Q/v5Sz2vYAQSf0tdgEy4UDJGzf15zN1J3k+tMML7DEB8WIziQQGtSIG4/rdZOpPwitdYX2xY8zN7+6tfu6Y8I9q2NZgDe3/7O1+7p1wHqolKvXGPzL0DXwaV6H9/KbNxnsxZv+nt6aIDhgy21PvlFa6U7xj/0hUkDSJ1qDhPsoa0WZcV43kMTZkFCIKgG7KyYJIIkACIFJsJ2xxZuKvfiD/2dr/2Vsi9xVkt5maTHQflXoYvU96rJ3XE4tve/lkJ8TwK5wl9/KVF/ZNOb/OB4p17hNJMnLLEKDucoBYmSToBhi/ZIS0rimUSpI7qZCjKASLi65dAwiOQpvw3toXJUHWeg/KrXg7zESTPwFOvU16rHy4rF9/8Atg9dcD+RL7+U1XjfYaGLEYgLMABbAhFUjKFBunWBBZpJOvUH3E+w/QBMSEVfcU2A0EzLO3eq1w6k+Ix5VtwOa8Dmm/oz6rf9zi838sHrrgfyJffymoE9hQGgxIChYX/N/ECYzMW77UkSAAABOx1mex7EQFC/pCxpqLGVjvuwvSRr7u2/MzW2e8NfZzW/oz6rf9zi838s3rrgfyJffymp7vsRUqV78AEAH6HpsYF0CRGhjrvymt+xkAADEQBGndGCRzI77rB0I0AHnW0s5r3OaH9GfVb/ALnF5v5ZvXfA/kS+/lNQ4b2GBWzLiADAkdwCCZmSO9kjoJ0OpJqZ/YuZB/SjpMTaY5emQd/CdDlGomd62xmNfBzW/ox6rf8Ac4vN/LN664H8iX38pp3iPsKzHTFhAWDNGHUsx1kljd136SN+ker7CRoP0ohRyFoyTESzNeYnyGw5AVuHMa9z1v6M+q3/AHOLzfyw+uuB/Il9/KabPsFWSBiAFOWV7gEmNTBN3QtzMT86+xvsHzbYsgDb6GT8ZuwfLQR6aVuTNX2at/Rn1W/7nF5v5ZvXXA/kS+/lNRW/YcMoDYnMwYsGNgbHXKR3nuzBMESNNKk/5FIgpiiraFj3IMkGSVAuDKTJAOuUek1tnNX2at/Rn1W/7nF5v5ZvXXA/kS+/lNUWfYyc7M2JUzooGGVcuoIg96YgCJABMzR2H9k+UgrfAKzl+hnKYiRmukTzmJkyCK2SWNfZjW/oz6rf9zi838s3rrgfyJffyms7vsjlUU4iQgbTuYDOz5yxi6CdeRY6yZ10jx3sfzE/ToFIAC9xIGgka3tiwLRpvzOtbQLV9mrf0Z9Vv+5xeb+Wb11wP5Evv5TV1r2RNkyNig2ig/QQGykESouxyg7SNDNZ4H2Ssquv6RbbOxaWw2YrpplDX2QEbzlJ862dmr3NW/oz6rf9zi838s3rngfyJffymubPssyoUW/uWLM1slmLZczMe9GpyKNIAVQAAKDu+xhCQ3fQwM/1bZZAAEr32sRI1+zStpZq+zVv6M+q3/c4vN/LD664H8iX38pq657I2P8A8yCpHiU2JDNPvQLoA0AUCDoNzNCX/YoWJZsYzXGbMzGwsFi+YkKH00hcpJURoI0rbeavc1b+jPqt/wBzi838s3rrgeWiX38pqCz7ECHDjFmQ2bWxIPPxDvddehAjSBvR2L9j+dy74gHMczqtoqGPIaXvcU6hNhNbQzVHirxAJrf0Y9Vv+5xeb+WD1zwP5Evv5TVtz2NmTlxUZveBsyI5BIvLlA8825rE+xls+b9L0IggWFDETPv95mk7k7nXUbCsdqvaBxFr1xMNcCqhiO7tMdP7SE1WbftY4l4l7+COtqyCP7uPspJep31WR58Ti838seObgpcoP7+U2Xd9iYJk4n/ZFmF9QO9Pi/aJJnygVKnsWWCDfBEQsWFBBiJPjIYaCRlBJkzrWnP+WjiHeZP0mRzPc2PwtUbifajxSZGJOWdPocP+6rnl0L6qY8+Kxeb+WWS4R+4f38ps/C+w8AqWxOfKIhrMjyEd7GXqI1qW77G2MD9L8IMx3A6yR/W7HTQafhrfEe1LiGTMMVBj/qbH7qheF+1LiZBZsTI6dzh/wtVD2M9U9X65xeb+WP4PhPyH9/KbLv8AsPzb4rTp3CjXrpc+4D1qXE+xTMwY4nXTaxqY5ybp1PM/dWs7XtW4kurYiR/qbH4W6lf2v447X4/3Vn93QfRnqo/3OPzL0A+C4R+5f38psy57F1yBRfgiZbuveJ5sBcA06CB1BoO77Cwd8TpzHcAEyZMsLoJB18/OqphPaXjmQt+kQQCR9FZ1jl/V0hxftf4iNr/T/orP7utHo31UP8Zx+ZegF4OE/Jfn+s2SvsOIKkYqMsf9BJkc1+mhSBoNDFMR7HhBH6QTmy5iyOZAMsNL497bWYEwNa03h/bBxMmDiIH+psfuqtGD9p2NyGb8sB/1Vn8LdCfR3qoh+MY/MvQNHBwl+1fnf8S+J7HUDlu+EGfD3XugyIQm4SukCdT0iosR7GFLKe+UKGBKiwfFGwJN46R0FUHDe1DH7tf06d1Z/d1i/tK4iWGXEeHp3Vj7+7mh6x9U6/GcfmXoD+t+FfuX5/rNj4z2QhoAvwBOnda6ggSe9kxOvWOVfWvZKRE4gGMsTZPIgzHfwT0zBgJOhqm4D2jY0GXvZlP/AGdofdbFF4nt/jHMpeyjl9HaP3oajPh/VLF0+Jx+ZegB8Nwv5L87/iP7nsYEz+kSROUtazEfHvRsNNh5RUl/2PZlynEAwIUmzqvIAfSxAGwjfWqjb7e46TOJJG/9VZ+Wlqqn2n9rnEkeExBy7H6GwRPqbU7U+LhPVLk2XE4/MvQFeDhV7h/fymzb3sNUx/nA0nXuZJJ5se+1gRA2G/M16PYo0j/PDAIgdx02/wCm1+7yrVP/AC0cSMfTBY3PdWdfnbivcX7XeJA6Yr+5w/x/6LpXSuivVS3XrnF5l/6xPB8J+Q/v5Tb/APyQPMnFnQ6fQCfOT3kknmZ1qez7IwBHfqZMnNYDTrI0NzYHWDOtac4Z7W+IsxBxWkwD3OH1/uqsWM9p+NQj/OM0qCforOh5iRbFRzdH+qjHz4jH5l6BtHCfkvz/AFmwcT7I8ylTidSQc/cjPA1Kk95EEyYAEaDWNQ8F7F8hkYkHpNlv/FGIBbpEjStbv7WcfDH9I/s/RWfl/V0vw3ta4mWb/OTH1R3OH36f1W00YcB6p5K/XOPzL/1mceD/ACH9/KbjxXsiDEsbyyTOlmAPJR3pgdBtQeI9is7YmPSzy+F0H7fhVKw3tPx3dyb3ij/q7O//ANOKI4L254kyu7YgwgkjurAIWfe/qthzqWPhfVPNtLiMe3vL0DKHBv3D+/lLbZ9iuUDLiQpG5Fga+Zm6ST5kn0qVPYyASe/GbUAi1ET6XQfPQitR9pvbTjku5ExOhA3tYcwecHutRV57Je0vEvblr2Zo37u0PjogFda6J9VPP1zj8y/9ZtHB3Wl/fyj9vYyx3xZPMnudSepPe/z1qfDex7KIGJaf1hbOaeepukCdtANKLxHai/AIuan9lP8A20Ta7UXcsl9f7K/+2lfRfqpT/vOPzL0BvBcJ+S/P9YhPsUJ3xZI87Ov/AHjdJqB/YVt/nXzsZjvyJu6dNKslntTdP1//AAr/AO2rPwTHOy6tPXQfgKrHoj1VN7cTi8y/9YHj4Re5f38prJfYT1xZPSLOWPSLsgfGfOpbXsPgk/pQ8gLGUD0i98+tbdtX61h7du2OIwvcGw+QPcyt4UaRlJ+urdKD6J9VV165xeZf+sbwPCVel/fyi7/kK64ok/6nT5d7P20Vh/YyV0GJUA+9/m+p0jdrzQBvpRvBO115jbDXJzgE+FB9y1aOGY68XIZtAdBlXUfAVvYj1VPb1zj8y/8AWJKHCJXof38pL2K7IW8KsKWdz7ztv6KNlHkNTpJMCrHXimva+T+qHg+P4bi5R4+9fO3umu9PuPV4aWOUP6vkUT2/4pk4ZiihIYqiSP1bl1LbD4qxHxrhXHzbMV3T7f1nhuIH+p/9e1XDHbGc9fV+q9pcFP38j/Zieb0l/aL4DwYsEietWvCcNXu8xjbQeVa5tXadWOOtkyzpX1vFJLmeVOLfINxd4T4RUuB4sdjUXAIIM0T/AJP3auHJUmysVSGdq7mU1YuxJJ8LVUcESFzVaeDYsAgjmPtrz8/cULlwq0qkgjTrT7s+lpmYtyqqcLxTLJYelV/GcZfOYO5r0Iy8FpdWu5nO1rVWXnGY45yqmF9asfF+1aph8syY3mtZcNxhLZTudvSo+1ZyrrFHFx0ottLn8hKfCJpFN9qXFHfc6VSuz+JYGRyp92zxBZQYqocNx2WR1qkW5x3L4sahyGfEcXJk0d2Y1ceZquYy9J0ovgXE8jqehquNaWhpq0X/ABvEQlwEiQOVE3wl9xl2Gu0fCgsDeW6T05k8q8du5fyruvbfkcGkW9owFaIFVy80nSrL2nvKwDaSaUdnLM3F9dq4eI2bZ14brcsHZXDtIB0ojtji40NWHFWAAI0NUHtxcada8nFNZMllpbAGAvkHSrRguLZABVR4fiBp5URexcmurJj1GsvuJ4hmUHpQRxSuDVXxPGtAopxhr4yCOdcjwOO41jLg98AEbGkfGsYRPrpUnEOHOuo51W+L4ogQTJqmHEnKxQn9NJoXiwYCllrFEUZj8UWFd2mmGhn2OwRzAkVsa1h80fOtccKx+UVd+CcR0HU1wcZFvcyDmUM0HYUVhkhpGwrC4ZUn41DwS6CD1rznbQUNUsqWmiu0iXBbGXbelGAxgzRV1wDhl12AOld/RclHL4zrY5+IVx2NfW+Mw0npBqLhtkFyx+tRHFbdqXP1p0kxHoKzuuFtjSvVz5Wns7JRWxKcUubL10BqFMOykx7pqHhl1Flm1zDTnFWJL6lNNTFcvE5FKFjxVMXrg1YEDegLHDQCQTryp1wLBs0+Wm29AcdwTLqdIrhx4sjly2Kakg/EqqKDOsR8aS3eIEnQ/GlHGccWA1OlD4TESQOVVlgb3H7CycRdmTzFCcMslSCTJqfGocsg6UOmICrMzUXmzXfcIoKhvxQrlkb0gx3CmeMo9TTHB41SsGi+D48gkRpSyzzlK3sOtlQLesBFB5jel/EbocAkk+tPbtoM+U7Gl/F+H5TlGvOlx5XIGk+4fYCiT0pW+KJei7ZlY5ipeH8GkSTqJrKNN2Cx32dxAIIbSh0wcsTP20A10j8xWHCsYSSDvRhicb3AP8PhFCSTr67fCo2txQ+LtkQCflReFxubwgSQKlnTk0gx2B8DZEmi8NaWD1B3pbawz5yCD6U9XhsEfbVMeuPiiuh12JJzZnJgbVb+0HasXFyKddq19euNlKj7KK7N4Fgwn+Neli4jJjhUUc08cW7ZtDsJ2dYQ53O9bSsrAqr9i+JqVCRBFW0Cve4dJQ2OKe7PAK+r2K+q4h5FfVlFfUDHkV9WUV5WDR9X0V7FfRWsJ5FfV7X0VjHxFeVkBXwFA1HlfV7FfUTHlfVlFeRQMeRX1e19WCfV9Xwr4VjH1eV6TXpFYxjX0VlXxrGIHu6xQuOxyjwkjWs+JHQ+m9ab4zi3W4zZiwE/D08qTJJxVpDRSYN2l47bw+MYKoOYSYHM9a1B2kxBOIcrsxkjpPTyqx9scSS3fFTEjcb1VOMYnO2ZdyBXm8TxEmtLO7BhS3B7OA+uKsOKunuxpSvB3/DBoqxiSQR/MV42ZuT3PRgttgJL0iKY28OVTeoeH2vEdKnvW/PbapadqKRQZZwxZJNDWsOreRGhos3iECjmNaBRiASNTUYp3QdiZAQSOW1D4tBoAKktYzTzr3BqM3XnVb7QoBPDyDTrA2wE/aNR8TJnQaVhbvwYqOSb5GaolwxBkEa1Ph8OVEtpI8JofCruRvNSY6+0CdgNvWuafMMZd5nwuXMMdKJfGQCs6fzrVdtXjmhaIxV2N9xvUJQuRtQ8wnEApJIkHT1qO3ZQmSBvQNrFhgB8aY3DABFGTUeRWNUV/tNw6SMogTQeC7O5jqes1sPsdwy1eJ70wBvqBlH62vTeqxcxSgkA8/nTR41xVBeLVuLsB2d8zXv6KwJEGNp8qdcP4mg36GoL3E1JJqk+Kcl4wjxJniYJclLuD4bO58JIEz6Dcj0FNMHxJBvtXnC+MLbJYKJ5HoetLDiIx3ZN8PYuuYzIpblJHr09KsVztCRYEjwlCuuvh5g9RrtSnEYy2y5SNhppz61g2MVlCEafZSR4hQXlFXDyW5ReM4EMVadS2UCOUTPz++to9i7IS2BvKg+msEfMfdV77eeyuwOEfpdlfprS27wYHdNBcU8joSfIqK1l2AxZCHMCSSN6/QY8qml2bfISca3NxmCqUaqLEc4oOy30at5D7qxwLkmedG96HYwwXDyTtVs4QuUEVBwdCflReOw2X4711whpVok3bJ8OSQYqg+3vg3eWrR/UuBiegytNX/hawKpftyZlw88swU+jaE/Ca50dCRrPgPET3ikH3AwH+w35GfjVi4z22a26n9ZgNPWPlVY7FYYkgNvIn+0BuPJ1+elbO4z7NkuBWEgxGmx25dZAMiqrh3kdrsOfJNLZh3Yrt2LoCsCCJGvkYrYVU/gHY9LRk7/id6uFfI+tuDXrZyq/H+idvRNeNXvFG9vJ/wCbsR/uf/XtVxd2y4cGMiuzf6QX/wDGYiP+x/8AXtVxt2vxUCOcVbq1v1lKv9R/sxB0j7dfAU2zg5aBUuKwRXWKn4DEkk61aiUa0ZIkE19gxwTjueZNtCTs7w4kZ502pvfw7KpM0Hw+7lWF58qI4/jiFFczSbGsK4eZt024LbGhpR2dxIKEbTTngY/GK8vNs2X7BzjLpcHKQMsA/wAaV4nCbHfWveF4G53pg6HcdauKdnSqTEg612yU8sEznilF7gHA1UnORr91Je32JUqdauGGKpbYHSRWm+3OO8RANGOHxU0wPLboUcUxwNuOk1TCdaKxl469KCQ12wVIrFE1tq9G9YWxrXjmiYtPZPiJBiab9pr5K71TuDYZ2bwAnrTriQMa1TU1GiEoLUCXsVK77aUd2OuxdX1qsO2tWrsTgybinpXLxD8RloLc2n2gw0opFas7dXpNbJ7V4zIgHlWtrmFFxxJ3ryuD2dsaXMUdnElopn2hwBG1WZOBLaKtHKou1d1Smm8V2eH1S2A0a7doIqzYbiY8I5aVVbrazUtq5rXVOCkjM2Vxfji91HOtbYrE5j8aYX8RprSu4RS4sSgZHtka61PfxEjSvLS5tKnThpmqNrtMyThtqrphgfCBSbsrwslpOgH21YrFkhielcXETT2Ch4FJTyFY4MASawwmIBBHlSjDYwhoG015+nmEcrZyy9NMJxE92TrQmOSbdQ4JCLcRvU0rdgZX+K6+KedPhhXewG2FJcZw4rqQYn4UxTiDZMgPh+6vWw6VF6u4hNdwR2dwSlCSdQYiiMKMmYka6xR/Y/gguH3ojfzNXnD9gWuH9nrQx4cmTxUthcmSMVZVfZp2kAcqw32qf2iYzMeg2+VWrtL7N1tWw1vVgPn8a1f2ixzZSHBBGmte0k8MNDOFSU5WgDg+GGcsfd89694jhVttn+MUN2VttcYLsOZ8qsXbjhQCgAzXLKnjcmdak1JIrGK4vnMDQUPhrYMiaOw/B1VMxMk8jtUuGsqNSK87JFRVnTF2Q8J4eRJ1q1foiKkqZJ3pfw++CpHI0owmJa2W6Sd+c1xS8djBt7WYaCKXd887zQmGv5nJ60biFIHkaeOBxFbB7GJg615xLiZDAjavcDb1nes8bgS5g6U9xXMFAOG4qWOlN+E5s/T1r63wEKFI1POnN7IoBOhoTyRlHxQPYNvYgaFqiwt/KxYAGpMWQ6CKy4YFXRta5Mcb5MDlQw7PdpEFyXT000o/ia5puDReVJeIWMzDuxypta4TcKAHbpXovJLRoq/fINb2Tdnk7w5R1ia292Q7FBYLDWq57OOHW7cltxWyMP2otx4dT0FetwWOsa18zkyS3GmF4SqmQNaYgVDgcRmUHaaIr0iJjX1ZRX0Vg0Y16BXsV9FazUeV9XsV7FY1GNfRXor0CsE8r6K9Ir4CsY8ivYr6K+NY1HkV7FfCvYoGo8r6vor4VgH0V9XzVGbw60QmQrFWrGw81heugKTWMZ3G1r221Vzh3G87so5H7KZcbxBtpI5VgNjJ7oG5rCziVbYg1rLth2wU4YureITtzil/sD4kz5izEn1/DlSeEWvSZ3Vlz7Y3iGCyRPStce0hrmHskhZBGp9a3HxPCo0toSBXP3tn7SXLitYUaDeB9lHNLTBsbHG5FCxPGjeVFOgH860mxlxUY5Nfw/wqw9i8FZNthc3g84M8vlVev4MK5B2nQ+VeNnl4ik9z1cPOjE3tJpnwXFBdT8OdQnhcqSOVYcMs8jvyrzJ5IyXinZFNFp4faUhjtzpHfBbXaPu50xwHEQJTnrQHEbZ0I2/nSueDae47ZPxVgLYIOumn40FgbxApblYGJ/n0ohb5jf41ZRpC2eO7A/HenFuNDS57oMfaay7yKVsdNJBty9rqdKIsOGOmlV2+C0kbU67P2swOsQNztXNOPaBMmxWMCtEUPibp5/z6VL+i5zI3ojimFyjKdxSSkrSKqAJwwgSw5TSo3ixM86gYsNOXOmHDLw+sKaSjFWSezPe9j5U24cjFQSfhSm1azMTsKY4TEwIrmnvyKIZcHwxdsop/huyiBbmYaqPw3HpRHsbshr8Gti9oeHhbzhTAImvHfEJcRoZ24o3CzSv+SVCyevSaBThnpr9lXDtxgSpAQAAmSOXw8qS2MAxnTkRofL86/Q+CVLY5pOgJrCZCCNY08iPwozs5ZRlIK+dRYLDMqNO+2vnpTHgt2NCNxUMqS7AJtmJwVrMIAkemoPI0D2g4TlAgb+70Px6+VFWcMMxIMazryo+3xABsj7Hny8j5Edamqk0mja65m4/Y3if0nhdzDtqQl21B/aUx8prm/ssSGIIiDBHSN/trbnsE7RZMRdtrOVjmA6EGDVd7T9lTYv4jp3rMI82zADyOb4bV6PBy3V9ir+BzyjsXbAv9Gs7AD7qk4Y6z8aGwY+iE7wKI4OgnXau6C8e2JLkWexxGBA5bmpsHj+8MUpxrAajmNaB4Jdh9PP7a6JZmthYw7S/WEyiqr7ZrebCE6aEETzg7H12+NObWKneq97arR/Qbkcln5EGo67LxRrH2fGMQn6hELPTcT5qQyn0FdEYVhlBG0Vzx2QxA8PUuY+wH7da3TwviRW3LdK7cGTTZxZoWxzi7sa8hRlUntxxzLhmYb5TFXavkPW9K/Wv/AHPonpdEqtXkKN7ej/zdiPWz/wCvarjPtvbAMmuyfb+f+bcR/uf/AF7VcZ9vlJA86p1Z/wBzl+kf7MQdI+38hUbNsk+ETVt7K8GzAljAE6HnptTXsf2dOQQslh8TpNEcR4FcXaQDvpX1+WNxSbPIeVXRPg+z6i3nO86Cdh+dUntfi4YdKvWKwDCyZb4VrXjLhpB3Fc01cltQ2N2T8O4gpYa6VbcDxZVM7itYYMxTdMRA0O9Qy4FI6bNh4TiLtclJP86mtqcF4sz24YQIitUdkZVZPMARW5+z1y3+jid/51rr4JJOkzk4rkYcS7Lg2M06kTXM/b2yVciup8Zfy4cknSNK5S9omJm6a7s8IKKaRx8M5eEplWvDSh2FS36GmuRHqomt1E5qZEqNxrWQSwdk+Ld3m2M1njuJhiaR2BX2U0dRNwV2ZWRLVsPsqoWDWv8ADrBmrNwzHxFc3ELUqHXMtHaXHFtZ0AqkYnGkv4eRpnxLFZgaS8ItQ0nrXPhxqMWBczaGOQvYVugFay41jzMGtocCcm0RyO1au7aYXLcPrUuErW0NLmJrlyaysnWab9mezrXpihOJcPa2xU16GtXpAyPFvIpejUXc6UGia1SJo8hnw65rV14aQUmNaq/DMARA61bsJhcqwedcmea7BUMuHYaEJrPhNwHQ17i3y2gBQHCMMxM7CuDnbYyGOJIST1quJxEZ4XrR/ai+DpNLOzODDP6VWEFptjLcvWDvHJ60Zw61KkGseF2xIWjcXAkDnXCmtW4rRYrHY8vhmcnbb4Vr/sr2de8boE+A9Kudnj7paFqdOfpVs9kdtLdp3IksSxP3V+m4SGLPFaezmcGTJKDdmrOC4i7ZuZWBIB1NbUwna1lTTaKtfB+CWLqs0DWl3ajs1ZyeEwQdga7VieKDryHI5qbQ97F8bW7Zl4nXetTe2NbZeVA8Opprxvs5fs281mY3rUnHuN3GJD6GajPNJYUpc+8pixXk95BvDuJKWkaAD7qT47ipLESSN6X2MOSSFnXejsJwjc615eTKmlFno6d7McRiyQAd6b8F4c7EEjwUsxeGiDuBrTr/AOJJtwOlc+Z6lsNFUKO1OJ7s+A+tAtiDcHSg+IIXkk1hgxljWlxwSVhDDZAgA605xGCbuxmND8J4WjBmYkEe6Jo3gaFj4yco2q63pkmwV8RlAAEGo71xywEQaZ3uGZ3zLsKc9nuGBmJePL1rmzONsZGeBssqB4mhhwF74NxREHamTYkqrnXKJAqXsu+IcRbGjGapw/CxSXvkpzoO4HwaLZJEEUlxWCOckjTlTTjHFrtlgjrBqxY7A99aDKNhr/jXXPhIODjj5rmRWXfcqnDcOQcwNXzs3x1DCONZqh4K+FbLy51JjMSqmR8K4eH8LCWqPlTGyJSNm8ZAZgqbxypDw7ilyzdClTqfhVW4dx+5mDAEkVsfsbiWvOrPb+MV7WGSyu3aZyTWnYvnZ3H3WYSIWritD4LDgAaUUBXo8iaR5FfV7X0ULGPIr4isor6K1mo8ivq9ivorGoxFfRWRFfVrNR5X1ZVgxrGo+qO41fYi5CzVC452zytlg0s8igrY0YOTpF8a7pUimtPDte876A61acJ2vBGnSoY+KhIrLBKJeCa9UVRbHakk66Crdw7Gh1kbVeM1LkScWiW5dA3qsYy6e/EHSKk7YXz3bFdxVb7FceW4Vn3hA+POqJrkTlZfLN2TlB9a94nhZQ60LicLlbOu9J+03bS3bGUmCRt0O1Z7GQh7KY1bbuWO7Ef93Soe3ntGtJCyIIM+XKK1d2vx1y24M6PmYa+f31r3iGMLsc0n1rgy8a4bVudceG1LmOhjxnaGOVmJUcgCfwrZvsmvCy88m58q00LXhkbjXerjwftoLdhgBLxpXFDLF5PCPai8sVQ0nRhxQhiDodapHaXgynD3HVQWgkE9eXzrXWB9oV1rBUDXrTq72kufopVuamSK9SHERmvIcjxOLNVv4MpnVp05jXmP52qHiCkmfSaCvoSTcJnU0XZxnhFfnM78ZuJ62JbbjscSC248opJhLssGrHHYkaV5bPSudRjBP3zoUu8n7REghl8pj+d6k4XjAR4taXcXxkAKaXrfnanhic4mct7HuJKe+DrPXehxcBJ6a/bVZx2KggTzpguJhdOcT/PrXR4FqIjY6tOSDAjz6VGt2RB617wriIjL13qLiN0HYQOVR0U6Cg/DEZDUNm9A0MSfnSY4kkEA6VicQZjpWli2Cy4X8SLaiDqfvoa3jWa54juKr+IvEkE7ivbF5idN65fWtJtjqZZ+I25BjyrLCYlchU70rwDMdPrUH3htuc4+FcscLltZpO3Y5w+IkRRWBs0ntYnOdKb8FeNzQnFwDqLl7LcTlxC+ZrantDVswZf1fyP4VqHsI8YhfWtxdvL8ICNdvuNfl+NX/wAuPkPS4beDNX38f330ZMHkTyPX0PP+FL7d91OVuWmv5ihm4ddF3NB3+w044ngmlSNCRB845x1jSfKv12Fy0JPmcs4oxvHadjvzGlSWrYBkR+FD4fGCWVxtpI39R8aA4pjyug15dPjSTTciaaRhxWw4bw7HafunyoKxdJeDuN6e40Ta3ht+um1U3FYsq/pzGtdChFx5HNOVst3YB2TGLGhZiB8a2H7ZsPcRwTtctqwI6rCsD5jQ/GtacAxs3LVzYo4M/bXQftOwQxGGtsN1kfB10+RANTwqMZtXuVjb+A19wXFyi5vLWnyIvI6Rrr91V/gGBi1DbjQ+s1LgTymvQnzsSgvHY6AB0MfdUnBbk3PhSPFjxb014IsMPQms3Zi2KDIipO3KC5hbin9WoOEjUzR2Pwv0T89D91aI6NF9l2zXFK/9G5WPRt/v+QrcYaQqk6kCta+y7heXNdbZtTPWYn4wKcY/iZ74MDp0q6yVJEZx2IPaJfIm2CdB+FbyrQna0kqXjeZ9DW+6+TdbM9XrZ/pPonf0cqTXwFB/pBj/AJsxH+5/4i1XJHagiEnyrrv29j/m3Ef7n/17Vcp8T4YLiHqtdPVr/cpfpH+zEl0j7byFq9nzKMpJEDl5VsntFaR7YKgE7bVzv2esOymGICk5q2t7N+KNbEXdRuCfTUV9v4a5QSktj8xxWztFQ7chkU6EDpWkOIYg5jXQ/tr4vaZPBH8a594hhYE1x5sembo6uDyaluLxc1q19k+GZ2E1WMDYzEVf+DWu7ynnNcWeWlbHowXaXLC8JIKqdBK/Ln9lWbtBie6UKBty6jeq7xfieVVbmYoPG8XZ7YeJjc0nB5ai1Rz8Ut0N+1Xatu6yQRIjpWiOPMS5J5k1sTtJxbMgnp/M1rXi1+Wr0JyvtI4cdOwDEUMKIuNQpNIjriH4SoLqQa8t1OxocgMMwCTU/ErEaip+AuoBmvOLsOVSbeoAmU077MoGaDtSG41GcOxOXWjNWhkWTilgTAoXDPrAG1NeyLi4HB6SD+FKrt0W2Yedcsebiai8dl8dlQqduXrVJ7SWu8uGKn4ZxQwddDVj7J8PDSxFQ/sm5G5i3sZiO6BnSq52v4iHcxVn7YYlUBWtb3mkzXRw0dT1mPc2tGcKsy1AotWrsdgQ+9dOSWlWBhti7qKeYokKDG9ILlkrcjlNW6+4KrXm5ZcmBGIYd3rRXAnDKZ0gVEUEAH/Gssdhsikqd6hdlCp4nh7PdIG1WHgnDxbmpeyMFj50ZxKzqRMU8sr9qbkE4C/4tOVZ2VLPM0vwqkHTeKn4S5BM1CSQdh1fAZCCddhVz7A3DbUWnPhNa0fG66U0wnFHYGdIrt4PipYaSOXNi1o6NuYRBZzWyNuVaJ7c9orlt4J0n51cexPaQi0Qzb7Ca1b21V7987ZQQT5gmvczZvDY1pPOx4tE9zavBvaKr4RlYeIAj7K0UuIF6+0mBNNuK28rBE90+9HLSk3B8IguHWKjmb0qPcdOKFNyDscyWmhedGcEvHVdwaM47aS5aVEXxgfdzqu8DvOtzKdI3ryJNTk9J2pbBPH7Rtgg86o1zEkkxtV69oOJDQAZPOknBezmYSapB1HxhQXCPKway7kCi34aUJEVC0ZhmNTjkV0hmF8NLD06U3xWKlY51kt62ACCDpUvDmDGYqbdNisG4FxYpKxVw4I6hSXOtVPiGTOCDEULxHjkaTSRg+4DHnHOOjZdQedbN9kvaS1bt+MelaU4Mys3Sf52op+0HdzbAmvY4VeD8dnNli5bG6u2Xd49wloDMOdbG7H9je7w/dtqY3rUP9HS6XuyeVdMW742kTXp4pKS19rOKSp0c9do/Z5dFyFXQmZ/OrpwH2ZobQzjxRW1mtjpWQWisUE7SDuUjs/2As2wPCJq0YDhSJ7oAo+K9iqWajECvYr2vYoWGjyvor2K9ihZjGK9ivq9rBMa+IrKvorWCjGK+NZViy0TES4gExXlyh7nDdSRoaGxBcedFADlvg+E6Gqx2s4CrCQNfSpuMM5XbXlFC9m+0gZu7fRh10mhKKaphjJp2ap45wx7THSFP3/xqDspxwW8wf4Vs32iWvdaJUan861T2xwXiLWx7wkAdRuPxivMzYfBvVHzHoY8utUzYXBsCj+InQ1bLeMVAEU/CtO+zPjDnwndeW1bS4RwxdLjnXlXZw7uKaOTPtIrfG+LuLjINcw+U1U+z+INu+RGUBxHSRvrV54lh1OIOWJy0F2l7OH9DNxP6xSbg8yOXxEiqwW7bFyNVSNp4G4Co8xWhv6RXBLquL6/1YAz9RB0PprTTst7S3KW9JGgJ6U97f8Aaqxfwl0HxeEgrvrt9hrOUZpqxIpxqznbjvHGuG3PuqsdfWkvE8UJBHSrLhRba2qQJjfYj0qrdoeHup8pMVwZsVqz0Mcktge9jCRp/I51iMQYAodOHXMpOw++vbKbTXK4qqOpIcYTHMsCdKJxfHGKlS2hEfCkg1NEnhJIzchXMp6XzA4IF/SeU6VEcSQalxuCKifKlWGczrVoRjLc1NFis48RqK8w+IEzMUkx2JA0mvsOC1JLDEdOwzjN/M0L4qXY28y8o61YOAYQ23BiaG4/bZ+8aMoO3wqicIrZh3sq127JpjhMV4SpoDh+FzN0FPOJ8IAUFdaM8qWxkiDCnz0o/hePBkH50nt8PcCTsaP4Hw8EEk7CoTcWrsbdMkQnU1jefQdSRR3AsLn8IE60T2o4XkKkdJPwqTyRvSw1aFfECVK+Yplwk85151JhbqukRLER6eYpVesEHQxyrWpLT2gp1ZY+EuwJfTaaA43iO8YGo+BBjoTptUPHrDK0ASBr+OlRWNKVm1GWHvlIjWaKdnBU6jX/ABFV7D8aGaPhrV2/S1e3ymQw9f4j7q2XFSsaO5YOzNw94hG5it1cW/q1kySAfwrSXZU+NPUVtztHjsoQ7+H8RX47jq9cxR6XCe0Yg49xQpIKGARB8qU2sa1xpn+FOu1fEZUGNCRtv/GseG4RCMw0PXr69DX6vErimc2V06ENx/DmH5/ZSzGLmYEabacj8Kn7Q8WCsUC6iQfnS/gd4tchuoq2hHPJ9gUXOcAHQaaGPs+dVvtLZi4QBPMcjr9lMsDcCO2s7+e9ZYZgXJImf59KSlEmY8FxWVYII9a6V7DYoXsDvJC/IqfyrnPiGHgTG/3VvX+jxiFNpkO8x8CK4ZbZlLsL4nsBW7GUEes+opVlgmrjx62FYgDr8xpVPxw1r1L2BNAlxdepmm/DrkET0P3UtsLrTDDWvEPh+VZMVFlwNz7acIvgaeYpNY5U5t3xkY0YhRq3tliBZt92uhMehE6ieR1mKj4NgsxXc6a0l4gxvXmJPhDGfhtPmNpq3YCwVyEc/sqzQsiPtAkWmEawa3NVBx9hTaYkfVIq/V8n614OK4a/z/onZ0e71eQoft+WeG4j/c/8Rarmbh7+LXaD91dNe30/824if+x/9e1XKdm9FV6vH/0+X6R/sxJ8evH8gw7GXEHfjmGB+BFGXu0SZMq+/tA3+HrNar4px5rNx4+tvUnY7isP3jak7V9nwcXWOKZ4WThtTsi7XC5mJaQJ2qsY3iRIitldr7nfqWUQK1ZjrMEihrUncS2COlUZcPu5TNWjA8QNwqBVa4Ph87BTVtvZLQgb1zZUmdUffHvajEZbQ12FDdnOPE2ikSd6qnGuMlxBoPhHE8k+dLix6VYs6kH8dxTExrSDFqRvRGKxxLZvOoMbiM1dKoSKoEBqFt6mY0OTRRRBiJ0r1mr3CGjLeHFBiMFtPpWRvTXt+3FR2bcmlMiB6+tmisbRXALCswms5bWMWHgN3u7ZPM1WMfiSzE1ZeMsoWBS5eHju55moQpPULYs4e5mBW2OzYK25HTWqV2H4cM/iGhrYPFwUtwOdcXGTTaigo1x21bMSaqTrTftFiCSaUrtXoYI6YUaK2JAtWHsa5mh+FcIzD7asXCsDkBA3pM81VGoGxN2XjmaYtcKxrSbDiHJNDY7iJLQK5/B6jJD2/wAWJgDeml+8wTXpVW4CrZpI0p3xXiIiKScEnSC+Qx7Lvz86ccSujMDSvsrbBEnSKG4jiyXjoa5pxuRnyHd69ldTyozjkZZXmKrfEsROUU2tKSoFSlHTTFVgfZsSSTTbDYdy8ciY+dL+H2CrwatOBBOw1EU+rx0GS2CO03De7VTmMAdapOK4m6uWUyCINXrj2OGXKRyiqu2Dtm22sMDt5V68skLrEzjgt/GEmE4oVzM27dTyrHg7IxM7nai7PDA4oS9wnKJB2qUuKU3pLRRNY4o1piRryFAX8Y2YttmoDi2JIiiOBXg7ANtU3FLeJZvage9mJ1NH8N4k1sgE1PjbizlFJ8fazbcqS72YnIs3FccjLM+LnSFsPm51Xe8g60XwrieUnnRXD1ugvcc3iqisLXGdNDFAYniGcRFOOA9j3dc52qiiktwCh8eTNe4LBNcJPTrV2xfs/KWu868qTcKY2gcwj1FdUMVVa2Ja+4Gt8KuBcw5VFw2wC3iPxoziPaExlXaosHhNZY6fjRlT5GV82XPsl2hbDuMh30rpH2R4s3UN1yZrjmziQraagGt/ex7tm2Q220B901Thk3NJ8jk4iKW50cuKXqKmFa04PgnV0YsYJ2JrYr4gKJJr02qOaMrCBX1QYPFq4lTNERQHPK+iva+oBo8r6sq+rGPK+Fe19WCeRXsV7X1YxjFfVlFfRWNRi1RowapHFK+9yNJ2NFAboYPYFJ+N8DRxtB5HnTq1cB22rBiKyZmaO7Y8NxNtWXOGU7TII8ula6wvaJk8De8N/wA62v7WuNb2lBzbg1ofieDuLcm4ChJ+sN/j0rj4lXyOrhmlsxpg+OsmKlSArgVvTsrxoX1yscpGg13rnXE4y2HRgdj/ACKtuC4yM0p4djI2nr8alhzeDG4jDbtF77W3L1m6hGxkA9RvVztYycLlfSVOtae7WdtSTZDmQGB9P8a2Bx7tPafCrkIYwNB511QzxbkReLkUXsTjbFu3eRtSCQDz1Ohqg8d4utsuqbtMjXQn+ZoDG8RufpDm2hImIA6dfWq7xG+TcJfQzBHT/CpRnUeRZw8au4u/Cez0Wlu5yDp0I60rxGMDSDr09avvYPs4mJtFS50B0Bj41rjtLww2rrW5nKYnyo8RtFPsBgak6Yv4n3igAnQ7RWOCWRBGvWp8csgMTPlUWFvQdq8rNJNOjvjEkTBEE/ZWTXG92fhTXECEzHc0DwXDhmzMYrz4ztNsYTcUvsAM21K7t7pWw+J4BLgI+X8+dVDiHDo1FdPDcQnsaURLbslzTzBWisVXsRjChmCIovA8cneu2fjR2FSL9wK+uYZqn7YqGXKkeIiR0rX1njhzaTT3AY8sZ30rz/AyhJyKLcrF/CMtzKdBNWbHN4VQfE1Dj7feNMQRWN68EOtVlJzQFsXSwlvuspiYpFbwmQEAb/ZQ/D8WX12H51Yu9GWOcV5knKDpl1LUKeyUoxIExRFxTdzH4D4b0ILTLIBgH+YqC2zW5E6E/fVpNN6u0RrsH3ZThahTrrrFKuJ8EfOY23qXhmOjWaP47jz3fr+Ncsck45fhHTtUIhNvX4/Kn/DMclxddIk/w8tqry3A+n1jECmmA4HkYqSRK6+hH29K9KWNONM52t9ip9p+GrnNzYE/aPx50dhMYoVQN5FMeG4ItnS57qtJPIxsarfFdHCgQBrP8+VWjHxdJStMbNm8HbVSDzq/Y29OSTOlay7NmVSOtbSx/CGS3bb9Yx9k1+M6QlGPEJM9Dg7cWY9prQNkMNSCJHQdR/POq6OMkFRO+/pWbpeDsseEOef1WA+yqsAVvEHUKxAPMa/ztX6LhG5QRDNsxxx/Dq1wmfFPzgkQaw4ZZ8ciDHPYjSoeOgZ8w2kgxyM6fP8AOpOB3AH33BHpOldqVnM+ZXslyWJG34edMOE3p5VDcxpV2UifEQfh5U/wCAroNxS5K2Ea3AeMY0mB8PSr77G+K91dUHZh93WteXMEDsdiNfLoasnYvEZMRbB2kQeoOlefxiSht3lcT3N9cf1Z9P2h6ETVF7RyNfKtk8csR3Z/WQg+o/gRVJ7TYIkTyG9dmJtxQ8kV/BXuVNVvQw9aTooFZYltZnoappJsutm7tTDGXAqEHz9aR8PxOw50b2ktnKWnlTwQYmuMTYyNA+sxJq04XiqKsNvyrXH/AMUjOc31TzplxLFh1DKNIgc6vF6dxJKy9YHji3FdZiR/JratcuuxWSG1jl511FXyTrXyalw3/c+idnR0a1eQ1v8A0mrkcJxR/wBR/wATZrlHg1olQTXWf9I22DwvEg7fQ/8AEWq5ZwSHu4Amurq7kvYyS/5X+zETj/b+Q1z24tDvKhtGIis+PS12D1o/BqokET0NfVI7RSOBB1ztAAmUDeqlxCz9ai+MA8hQ2CtZhryq0I0KluKEukHSiXxTHczWGgY1C41qlWMyW89Q2hWbpXgNYU8L1Ga+Y14DRGR8xoepnr63b1ojJmWDbWjhd1oN7cVLZGtBiPclxt2scI8b1FeOtZWhJilrYAdjMAcuagcG5B0p5xHExby+VV202tLC2txuwZYnFU0XE+ACq7M0/wCHCQPKkyKkTZYuzuIkTzWnOL4pmRp5ULgOHgrI00qpcdxbKxArz1BZJjNinilssSRtSoVsjsvhFa02YamqJxrDZXPrXoYcqb09wyGPB8YVG9WXgV7NzqgpcNPOy2MKnyoZsdqwotfF8Musb1UlUq01sDgdoOxJHpQnH+HqwMDWuPHm0vSwUecKUG3Ma0LgsFmaTsKG4NjCnhYaedOWx6Kp1E00k09hqMcVeywE38q8NgwWI1obs7ezMSdYOlWPiDDKTyqE/FdCWUzBY8l4irthWMAiqv2eK5zNWnB4jfpScQFcgqymZwasNi/3Te7NVfhOKhvKauHAsYpueISDAnoa3D14RJk8jdCrjF8kkkRzEiKr9lw93XSrh7ZrwQAoOlUPgeEkhmkc66s/DvHNtEcU9XMsC4EQcvKqxxnvF0Ip/wBouId3DW9etD4fFC8msTGvWa4oao3Jl6KjxC3n+FLwYE7EUdxu6UJApKMJcYGAYrtxO1bMnZ5c4kZ1NNuE8SEa86p962QYNWDhNkRrVsmONGaC8fw3NqtKb9qOVXXhKA6TSrjXDxm1Nc+LM4y0sUQYcNEgVeOCcZuBFQmAaX4DBrGmtE4lSg8QjaKuvHfIEnsbdu3F/RgS+o1jrWtu1NrvQDIFZYvtVbFnIfz/AJIrXWO422bwkxOg6V6GaVpJdxz4sbt2EYvClDBM1PbvsREmgO8Z99yattu0lu3rvFcspUjpoS8NuQetbj4LiALKsBBEQRWlkYFtNqt3CeN3AoQGddK6cMtO7ObNDUtjfmG7WMbQklWA0868tdtr90BYMDfzFCdkuO4d7K96BnGhrYfYT9FdiFy5ulehafaedVOi0dgYNsEc6s9DcPwaoIUQKKoNloqkeRXwFegV9WGo8r6K9ivaBjGvorKK+NYx5X1exX1Y1HkV9WVeVg0Ylar3H+G3CDkNWOK+opiuNlG7P3cRZ0uDMvluKstq6LkMhrDtJjsiExPlWtT2iaS9lTmG6fhRJ+12L1xns4j6kAnzrTntk7JZ8pLZSvLqPLzFbN4X26tsk3PASOfX860N7Xu13eXDlYnLI0mIqeWSUaZTHdqjVmNslHynWDViw192gKNIikWNuBkLTJP2U+7C8Zt2wc+umny5V5WZ+LcT1401ue8UwS5R4pP3URwXGG1dVA0qVBIOsH8qYYHg9ru2us3i1hfhpWvsTdYt4ZnlTYsUscU32kbU7rsNhYfjFtHuyFnl033rXnaTFI9x2Bli0g/ZS3iLuAQwM8+tLsNYb3uXnXS8rkqJxx07Nmdi+2/cCADm9KWXZvO9wnck/E+VVd766n0pnwvHwK58uRuk+Q6xKLtE90QJ5iieBakk7immJ4VbFoMH8R3GlVjC3iGP21LJipUdOOSY3xN5nIA2FH27YiPrGgeHYjKPWpL3FApBPKvMnjd0kUSCxh2AP86daqvGrxtsNZFWDD8clid1I+FKOMWs/LQnf8KOGLi90GTEfG8YtxQAupO9Q8FweRgWXTpVstdnklROsTRPEcOqqObA11eFilpQujtPrluyQXC6kRH4mh+HYePjWFl4UmK9sEk1yTkx9RhiTled6QcZ8TT0q228CxOgk0La4UC5kQQdvwqmLKo8xdNifgV8jSrFhLJ619a4YoIHKaPu4ZVBrl4jLGb2KKFA1nDF2HOvsfgWJykRFF4HiAUyBpRHE8Qfe6865dVOu0KQjt4ElwPT41a+L8PHdgASYobDKIBj60T5xNPr14BfhNcefiJxmtikEa94XhmS5IEmdufwph24NxnW77oChSB5dfOsOPYwoQy7zrPn0pVxzj+iz8fzr2sbnJJoi4qLdk3GeLjIVX3ngsfTf5xSnEEEdTWeIxCsogSZnSgrYhTprrHlXopbCtl+7KaKvkRW8ePYqbFmP1x/5TWguxtyU9DW6GxP+b2zyDJ+VfPenIpcTCXvnp8DyYg7RcXNq8wP1sh0HVRuKQcXsLnBiM4zCeXI+e4qz9ruIWlvAvqSi/CNtKXcR4rYdtoP3ele/wABxsNFPmLnxOxdcwgyMOcwddtRqPKk+AtlLg5+exq4nGYYSDzAn417wO1YJ0I8q9WHEwfI43jZUu0ODi5mjRwG9DzHl1+NF8CfMYG2v3VceLYW0zLJA0ovs/2ftlpWD6c6MpJoXwe5rTiFzJ4Ygz/O+9MLNshVuzqsffWPazBv3hBHuFhHP3idaZ8OINog1z8Rj/q6Fiqkb+7P8SN/CI/MQfmIP2xSXj+HOU+YJoz2MW82EZZ2Bj4agU1vWAyxW4SXiIuzWGGszQ94QZ5QflFN+6yO60txK7z0+WpFdcXuSosXCVOUN5D7P8KZ9qL0WGPODA/ClXZq9mAHw+2mfF8NnBn3R+FUQYnNV9vFcB3kz/P2VdcDi4sL5GqnxO39LdHQn+H2VYuFD/Nx10+2ry5ImubIg5kyZ511nXIth9xXXVfH+tX8W/X+id/Adpr3+kYf+a8T/uP+ItVyth8TkQnkRXUX9Jq5HCcUf9R/xNmuOcfdzWoB5V6PVvic+jZP/lf7MSPHrx/IVnGYkveOUSSdAKbYFTbMuPhU3A+Hiz9I0T93lQXGuMC4xG1fV1BJI8+2gXtFxtW0ApOgdQTqKY8O4epcTtNMu091RotNdivYpy2yTXjKaYWcYByqDGODtRTHIESvmFYvpUTNRQEYmslrCazemCYCpMO1YlaiVqAasKdqkw5qLLWQEUGK0RYnei+EvDTUAE1PhwAaD5GvYN4/igdqS211o3GsDQuDu5TrQjsgo+LVeexWElJNUjEXJOlWjsbiT7tTzK4mod8YxTWhA51V8LeztJ1p52vxekHpVPwl6DUcWPxbBRsjhmKWQBttVc9oKKDpvQqY3KJnU0oxeILmWoYsLU9QaF+arBwTELljnSdrApx2e4dOtdWRqjMufZ3ENHlROMczNCYG9kGnxqdcVtNeTk9taNYtxl8EGRryqoY+4Z30q+9o7SldBVSx1tcvmK7OHlsGxh2RxMH1q2ceuRbqpdjsUqtrV9xgVonaK5eJdTMlsa/4KdSSYg1buzmK0adRypH2i4KQcy7dKZdiDIIpsrUo2ghdjGS3lTzhmNlo5VWMVivGVAp9g0bKCBXK/FaZOStB3b7jEwNGiPspBxPjfeAKPCQKJ4k4ggifwpLg8BLa/D0r08eaUouxFiSDezuBNyc22tRcRtNZPh2o21e7vQdafcX4U3dq/UA/OvLyZJKRTQ6sp3DsJ3jeIR61YrnDu7XwgGpcBw386bcPIKnnypMmZvsMlsac7S2fGdK+w+i771f+K9nQX5Uhw3AfHI5Gu/FmUo0JQnwTXRyNZ4nDXGPOti3MGABWeGwQLQOVc74lp7INGubdq5bI5a1Ye1WNBtAn3o+2mnajDADXSqlxjBloWd9q7uFza42xHGytWmzbmg8SddKsS8BInWvk4KIBJ3rrQyIOyjywBraNzsAbtovnAgbVUuB9mfFKmIEz6U3xfEriAhXMDQgHSjFRTuRPIpPZFOx9rL4I8QO/pWfCcSQQaaPw8MVJOrHf1q1HscMhK6lRJ1p143IV7LcWYXjhGoGulXn2adoGW8HymTppJ3oT2d8DsuD3pgbfGrba4lhcK6qsNznerw2VtnJkV7JG+OzPF7rkZl8JFW0CqD7Oe1q39FUiOtX4Cui090JBH0V8K+y19loDH1fV8Fr0LWsNH1fV9lr7LWNR9X1fBa+isGj6vCa9y1X+1PaRLEBue1LKSStmoe94KiGLWYmtJXvaoA7kagHT7qQ2/aG4uBpnNyrzcvSkIOqZWOCTN39q8evdvPIVz5e7T3LZd0EBhAnmatGK7WBg5donlVWv8bw98BIgAyfh+dWhx+OcNSZN8PKyhdp+0l4+F9BM6Up/yge6dYmefTzpl21NsXCE8XIeXWg2A7ojmaDzdp24sKoS8OuZFIInNoPjRfZjBg3QGEilWFaRrup+6rD2exYW6h8o/EVJ+KrRZRUlQ77ScTsqrJb6R6Hn8qr/AAlSqm6ADH3V52twoF9wNicw/wBoTWVuyRacTAG48xVdbkrJLHo2F+Mx4utJGhgfAVHawqlWXXTYV5jSMoZRsdfjU+GYi4pMeID7KkpuyjiIlw45jblTqxgZykbHrRFzBqb+SdDv8eVWDtTwdLdgZH8QgxIPrTuLabQrkroN7qylrVdSDrr8KrXDsIpzjY6x8a8xfHM1pUJ2YE+cUPg7/jJHT51BOVWysYpch7wfguZ1E6Cc3kKXdvMItu8FEZYHmJ/jUFjjDDMo8JO/XypVi8YbiFjJZSD56aU0ardbgdpnuG8LFCdG29D+VNMPcCqV3In7PzpYbeYoR6U2v4WDm01j+RSzhYUzxbgJVxOn3VJx4ZoZdo1FQ8MBBYET5V9daFzHlyrkmt9ihHhWggNsYpgcASrOvujT8ppdxq8GRTzNH4FXK5Q2m/yFJo2tgSMOC8QdSSNY1619exmUFzuSfnX3AryjMD1oTjNxcwA2mahpTm0xgrCYotE770yx3hAnUHT8qGvYcBBc5Ax6UWnEgVOk9K5sypqkPED4cI5U+tYsGAw0mPSq9guIAuF2j4U8/RzOhnWda5s0NrNdBfaHCjJ4PWlfZ7tGpDo/vDMPyqyG/oQRyrVPGCVvkroDr8ZpuAxR4lNT7B57JNBXF+Km8jFREQR8xSzE28wE9Yojgywzqdjp8GG326UmxmJkxOg0r9HDDGCSRzuTkx7wlxbuDmIB+NMrXCyVdyCBJInoTVd4XispBbWnfaPtAX7tBosTA8jSTTfIbahv2OSFOvOttpdnCgHqv2EVqTstu3wP2TW5OzOGzYZieQn4givwXqgkoZIt9538B2/AVbtxw6WR4962R6ldqo/FrTDEjkMifdJ++twe0fDeGwR+rcH2A1ortfimOJEGADl/7oANfoOiFGcG6E4xtDnthg2C6HUqon0YmflApd2SS4lwSxiRrvIo3tqpy2NYmR8AFP8A+VLOA4lmuRvB+6vW8HFdhxykyXtdi7y5CGJ8TqSPIiPsNbu9guMLqAd/xrR3aviZW2rRP0rr9kj7jV69i/aEh0GxZo+ypcSkoWNB+MXz2jYEriG03g/94fjVctWgZXyJ+IOv41sL2qWiuRyJziB5EDSqLh1G/wC1J/ssNftqV6sZTIqZsL2A8ZytctNyOnmP8Iq7YkQzD1ArUPs0v5cas7PoD5jkfPb4VuXtKMtwRswB+Y/MVzcJKm49wew1zxxouE+R+dJsesrp/INWPtjhPGDSSynI869BCMedhV8M9D9sCnC4j3/T8KrnAMSEDLPmKP4ffBDGqoVbGg+Kr9PdHzpzwpf83nz1oDtRAxNyNOvzP3VP2cu/QtPWuh+1QnuiVFrreuTbBEaeVdZV8e61fxb9f6J38B7o1f8A0qm/5mxf+4/4mzXFXDcNcIzAHKPlXaf9K4f8zYz/AHH/ABVmuMOBccKWyhgjlXv9Vy/6XP8ASy/ZgQ49tZPIEcTxQa3B0Iql2jDGp8fxAkml4ua19KjGjictQ5ssRqDS/GYonesP0k1CEJpqFIC9ZFq+e3WNujQTNzWJFfEVLbWhYCDnU+IQcqgviDXqGnCfPUIFSMaztCgFGXKvhXqVIaDAQo1SWxrUZWslNYB9iTQ4NSnWvmt1hkY2jRnDuIlGkVDbXSo7qVmrNYxxvEzc3oS8Y2qK0IrJjNKopGPGunnXwasDvUpSmA9zxRVv7J4jSKrapApnwrEBQTUsqtUFltt3NNaWPaZmkbTXnCuIzofhVrsOAmog15s7gDTYn4tdypB6VUrGFLk61c7+Ezg60vwPC8kmqYsiigUyuYQZWjzq84u9CA+VJcNwfMS1K+03EHAy9KeVZGkFci6WMdmt9TtQvBLRRyevKqv2Ox7TG9XB0ObNUMkdGw1Ej2fHpzq4cOwnhjypL2dVS+u9H8ZxRRxGx0+dcM25S0o3YVvieHIz686+w9nVJMbV5dxZJcH1rDvSVU9DH216UFJRpiUScZUfGtg8bvhcNa/sp9wrWfGLRzetXXtfiCMNb8lT/wAorlyLxkjrxr+rkL7UksR0qXgWNAtkkczS/BY9pAjQim/+TgUMCOfzoZIUnZymXF8YjFSNDFKrdvKGIG9GWsATlJ20+dF8AwuZ3VjA5UsWktgWB4e5ok1LZxHdXSeRWscZw5p8OytQ3a64cy+h+6hHxpUYU9o+I96G8iaXo0MhImYoJHPjE8/wrJT4U12Ir1YY1FbGQe96SwjlQP8A0Y02P40QreI/2aFttKMJ2JqqC0hiMayuoG0VhhZbOI50Mx1Q+n20XhQc7RzFM+QtFwwPZ7KtpyQQY0p9gcUqO6tpI2PT8a11Y4i4QQx8LSB8atX6DcxDK4GXSDp1qmKdKkjlyLvAr9k5XFs86t/ZT2aXbyB9jypPf4GbYIQEnnVr7HduL9oKirmjfTlVowV+MiUpbbG7/Zf2YNi2A/vVeK1VwT2nZyEynNV/4BxU3NxBroTT5EosbV9Xte1hzyvq9r6sY8r6va+rGPq+ivqGx+JCCaxgg1oH+kTxSXQJupMx0itt9o+1VuzbzsdDXL3td7Rd5f7y2fC0Co52tNMMFckVzhtwB3B1ovCcUA8UbGq/dYi5pzFGWFBtONzrXhZ8CbPQQbxPiRLByPCaRPxEl3gRpp8aHv4liiydA1DYxouDXRhVsGFRVDcyS0ZWZ8U0bj2ZQsjQ0lwSEXCD1p12qufRKZ91hV0q2GjyEuQ52HI/jWeFssBmn3fwqW3cVmVvKKnu3QCyDn+NUboNBd7CM1s3idRA+2K+4fYLsVncAxVy7LcP7/COgjMAY9RVL4dcKMrR1U/Ooqb3QzjyYFiLI+kX9WR8qFxt/wCjVhup++m2LtTdZh9bWPWgP0WUYEbSB8NaaLTJvmDcF4hNwMafPcW5cK7CPnNV6xg8qhvMUdfvlbiMOa/dWbYrjuRYezoVjUGPkasHZfh4JPkKC4RdUXGZtQfvNOWISyzrpOnxPOpzkzoghNeVTcJ5nb4aVjhMBlZ1Ox/ETQGMJ8BnnEjzq5dmbiCc3ikb/wCNHJPTHcnzkVWzYlNNgdPhUl60SVOvSrFxNF5QFM6enP40NeMr4Rtz8641xLsdRQNicL3bK36wr7EYlHVwNDrpQt3GmQH5aUJYH0hjnWju7MB33DW4jUEGjeA4mNG0FSWMSApSNTI9KjwdoQZ1Iqs5qSphiT8IALMRrrR2BwUkyPT41Hwu0AN4GtN+Fazl1J0FcGfI1yGVCvj+GbLkEwSNOlNjw3JaUHnz+8Ui4xxNlbKd5n5cvxojj3FC1tdfdHpSzU5UkGLXaR2uHg3AVovHK9oyDoQTHpVb7J8Y8cnrV84vxJGXlO3zoZk4SUZLY1JqyDstxQ3F13qvduOEBHVupP51YeyzhPD/AD1ortJw0XQJOg1rlwZ1iz0tkUitUaNW4vGBbnqFPrAj8KWKJJjrTXtZhwHA6aT60HYORlI2P3j8xX6eElJWjmapjRyGteEarlP2wfv+yoeJrBQ9CVPxgj8aDWQ7LybUeh/I19hlJDIx15eo1U/z1o0AvPZl5JPUD5jSt4dizOEuf2G+wVoXsJiJWDuPv51vH2cqWsuOUH7q+c+qyNNP85Hp9H8yDtffz2bMbgt9q6fbWjeMOH8R94XCx+J1rf8Ax9FFiyV5XFn4qfyrQvGLrW77oV0LtHSJ5fDUeRr9F0HkUsexPjRr2qwee1YboWHwIWPuoDsxay3djBjfrT3tCWXD29NM/wBhB0+Bil/CsYSyiPjXrTl2I4ZEfaTABrbxrFxWEbblT99Z9ll7p7RBjK8n5URaxBFm6cuzA/J4P3zQeMxKkJBgltflzFRnJyi4hjzOne0xF/CI41K5TpWq+PXcgIBiQVHyMfKrp7Lcdnw+QmYH3VQO0lg96RvlbfymKjwnjR3OifKzLstjitxW6Oh+BH510fxjxW7b/D8a5xwOEhXYb8x/ZII+IFb14BijcwQP6oU/EGKjPxM/wo0FsKu3Fn6MMKp6E/l9v41f8cc1lgela64Pi5aDyMV6ERWBcQ4nFzKR+E8yB8jTTg/EJViNtYqpe0TEAXYmMwI0+ER/OxNMuzt36MR0j8qulsSbplE7VL/nJ8x95ovgfuOvQ0L2yf8AzhD6zRvZ+zOcDerv2ovughEiutq5Iv4c6DWut6+O9aq/u36/0T0OA7fIar/pZf8A8LjP/wCn/wCKsVwjjLWmld2/0tD/AMy4z/8Ap/8AirFcOYC0Ask61+h6rP8ACp/pZfswObpD+0XwCvhbKG8W0fbQ2NjMYqW8oLVEbFfSUcZEgoi1cPKsAaZ8IxSqDI3pqFYnvGonNMOIHMSQNKDK1hkZI1ed5X16h6FGolZprw18KlC6UaCQg19NTXMOajyRWMmercqQPQxrINWNRLcNfNcrCJrzJQCSW0r5xUjNAqA1gUSGYqK3qa+a4awBosNBk0Nces7Ak19ikpTEVtqkS7rUTisRRDQd+kk6V670NYFMZ8Mc6DM0M+zxAIJ61dcdxBcoGlauW6RVw7G4Mvq1cnEY7VgRZ+E2vDNJuK42NBTjid4INOlUPFcQ1J51z4cWpjNFs4TigBvqaD7T2ww21qv8Kx3ik/Crbh7YcZjVJQ0OwC3spw8rDRpNXG64yzVVscWAbLsJo3GcUDAKpqWWMpOwuiydm0ggn4UT280VTUvAgIXqIoXt1flSOkVw41eUDK0PfmdxTTs3eQqwc7TFKQPcPwr4CC4+Neu1aoUI49iFZhlMirb2ktTYST9Vf/KK13hjr8a2l2kt/QW55ov/AJRXBk2mjrxv+qZVcK4HdsDsR+VWS5xiZA6fz8Kr/DbQKeak/nR+BnvNRoRvTZKlzORhV68DbBB1n8aPwWLQ3AOo1PwqsrYbM6zpMj40RhsTBWN9vwrn8ECiy3wssFOk0p7Q4Wcp386nVILSdTX2IeFAOsGpKEouwMpWJ4WQz6aETS+xom2x/GtjqFJ9aqXGMIFLgevzr0eH4lyemQQLF4jxKQNx94qHCYac9YZvCp6H8aKvXBngcxXcBEN+wAizyNMuE2l75QdmEV9icUGsFCBK86g4cfcbeIFBSM1sWfhfZcvcYAaTPrW6+yfZG5lXwgCBWsPZzhb12/kU9D5gTXW3Z/B5LaqdSAK6+G7djgzNt0Un/wCAhoeu9MOzXYS0hJKiTVvv41VEkiBSlu1FrKzZhpNdLyRRJQFd7sZZV88AGZqy8MyDRSK567c+0a7cY900KpjTyrDs37Qbls6mZFefPpOClVbd5aOF1Z0uDWUVqHsD7Qs7kOa2ngeIq4kEGuvFmjkVoRquYVUd6+BuahxWNAUmRoK579qntHbOe7baZHmKbJk0KzJW9joTD8QVjAIqTFYpVBJIEVyHwz2n3beW4GJ11BNTdovanfuNlJgMNhtXLHjFW6KeDkdM3O2dgfXHzrVvtw7fFAotN729ab7L8YlyHJifPatn+1l7DYO3kALeHXeqrLqg3ZNweqitXuM3MRayNyG59K1jxGwwBVjOUz9tOMD2ge1cAiQRSq7eLNcJG8xUcmSLR0Y8elkOOtwUYnfSvkYB2A5j76+CzbU9CKj4iCHWBuK5G7Z0LkQYVgbbruR+FDGyDkPTSi+Ar43B5zQGKBAOmgaqRGS2JYHez1ijeOXAbZWg+HgXGFH4vh5kjyP3UZNIokL8HhxlXTn94rziGCKP10+2jOG4Z0UEqSARuOVMuP4bvMt1OWjD7jUnl3Co7B3snxo7w22bKDuJrztjgQl9ratNvMHU+RE6+Y2quXgEuq07xqKs/GeF/RNeBmQTv9lTlKpDpXGiv4m5DLB3kVlbSbjL8fmKBRQVUnkfvqTF3Bbuq86FaouZDtPsXb+hYdD91QWLeZVO8GpFxGfOBsZonsmoW2zMNFBMenlT8h63EvEnPeAAmCP4Vb+LGMMFPM7fA1X8Fazsjxz+/WrN2kwmZ0WYAWfiYpMj3Q8FzKbhRNk9RH3064U8oB10oW1wtwWTSDMH1oaxdZVIkSv4VskdcRKaLJjSMwTymhkxJBKDzpQ2LMB+dZviNQetcMeHa5hsPtMCDm5GaCxt0DKV22NYm7qVJ0I++sGwULBOtVjBJ2bXsC427DSdjWNjigAYc/trHEtmXXlQmBwnPrpV1Fc2KmPeD49W941PgOO90WMdQPjsarV9MjeutMbeJUgTUpYIvsHTGFvGo75m3r3jlhtf1Sv30vw11CCRy1rzivESQI2Bg/GpQxuMtgqWwgwRZW05U8xOMbTSCPuqAWiHV435eY/hTjiWJBIkRC105UmLWxNgOJZQGJ30Pl0oXH9rWDEAzppSa9ihqnn/AIV7g8Em55VH1rib1NGTaMLWM7xiH3P4/lQ1pcyspPiWfmv57fGi+JooKuo02Px2r5Ei5mj3tfiND+dd0UkqQGyMAG2HnVYPwOh+WlT3iJRuvhP3j8aistlZkjwmY9G/KvrUspQwCNvIjY/H8aZgLR2dQC6I2YT8dj90/Gt9+yS6cjjrP21z92OfMRO4/kit3+zG8RmAr576r8eqDrvR6fRz8cyxFktYP7LA/wDdNad7c5i7kD3Lu++h0P4Vu5beXD3GJgA//lH31pbthdy4i7qMrMdPgJg9Dv8AGvV9Tsm8fkNxy2HXErxbBjqIPyZfzNVfhN4i4uaRqKd4S9OHdQdkdgfIAH7IqtcN4yAYYTXvuG55rLLwzGfRXwRqRcj4GfwpXgsKHAzaZWJ15GIpj2aup4/NX3H7JkfGiOH8FBUZTvr/ACajPxUC9jZnsNxEiOsgem1RdrOHspfqRH4D7fvqD2YE27oB51dO3gnNA1IB+cH7wRXBwctM5I7V40LKV2Ws5keNyAx9SINbT9kmOL2Gtc4dfjH51rrsxw3JmAPI/KZH2VZ/ZrjTbxDr1hh86px2zjIGMt9m0ZIjQ71TMXwwW+8PPMY/2tau+PuFbhH7RHw3FIe0djxjzE/H/Cu3E7QszRHtcWHtHzP4U87J4z6D00pF7ZD408m/OmvZO6BZPr+NdqWxzTe5Ue1mJ+kX7/Oafdm7+rEc6r/b+5qhjnr/AD86tHs7uoDLchNVa2Fk6HXDcOzaxz/mfKuoK5x4lxPKpKiAdq6Or471sJL1t+v9E9Do33XkNW/0r0ng2MHlY/4mzX59vdO01+gP9LZo4LjP9x/xVmvz3Fe91Wf4VP8ASy/ZgT49f1nkCLVysrl+oyKhIr6VRwk5em/Z7gLXdj1qvmt7/wBHvswX8XUTRTVpM0lSbNc4Ds84fuyNyNTWfbLsgbOu9bp7Y9l8lwtIncfnVQ7WYzOsMNYjy9au8SSOJZ5M1FY4czDahbuDYGI1mtwdgezSGXY6CftBg+mlVjja21xabZQwn50rhSTLRzb0IrXZS5kzRHlSq9g2XlXRbcCS5ZLL56CtOcbIVypG1HJDSLDK5OgXBIGAkaDeknGQA2lW/huKBU2431B/CkvangWQZpmRNK1aKRfjFWapLAppwDABwxJ25UNibYUkUhZvsIEavLteCvWrGRHNZ2zWSJNEXrAAoGbIMNYmawe3Vg7JXbfiV4k7E0t4wFzHLtWTNYPw+xmaKlfAEuqDUsYHxoa1dI2orhuMKurjdSD8q2xnY57YdibmHUM3lPlNVzDYQnWKuPbnty+IUKRG0n0qy9lOzyvatnqN/timdN+KSjKSW5qp0ipFNWLtxw8I8Cq8i0jRVStEYNXzsJiOR0qjMlNOEcRykaxU8kdSoZGyeIYFWknatZcbsqH0q98Q44otCDJI1qm4sKda58EXHmaRDwHDFmAFXrErlSI5VXuyVwZ9KtvFboNJnbckgczXvELes1Jwq7BHrU3EbYJMUb2Y4bLiaq5JR3DRsfs9bkA17xXBZ2MbRUiP3aab1NgLmUZjz3+NeMm9doDKzjsFFoEfVNAt7/qKP4ni/fT40rstIVo2MGvTw6q3Aga1aIc+tbM7Y3/orPmEHzUD76oXErMMD1q/Y/h3e2LQnYL91c+b26OrF/ZMr9hBqs7601DrkBnUfhSfieHC31EyCIoRsVBZTMA/YaaePUcrQReuEOROjA0HgJXMehonEYkM1sgev3VLimUZxziaLjWwAnD8SHeqzagj76c2iGz9BqK16rkrP6p+404/ymwIHJhQyYL5BLDaxCsJ2y/gaq3E9bpHIg1Fh8QYYDQ1FfuE5G+f3VTFh0OwUC5fCy9D99fXG/q2jp+VTqCHYfrD7qwyHJ5qf411AaJlfVgRuKk4TicqjT3TX18ao3XQ/GvbK++vXWmZnuX3sJ2q7jELdHPQjqK3c/tZV1YDQgVytbc5VI3U/dVgwuIOYEHQipTyzivFZJ4U2bL4r2rvXFMv4SeVVTiHaO4DkBMGloxphlnzoPF3pAI3G9cMIzcrkyigkjzD4psrjzmojizCmvApDeTUKQTmXpqK6FiiFIdcL4m6vAMZudW/s12/uWMwLFo3Fa0u3NFbpoaIw7eLfRhXRFuK2EljUi+9ofahdJBQkKwgj1qk4rE5nM7trQmIMyv6u1Rs3hDDlvTa2+Zo44x5GViz4GEag1nfb3G/nWsc+vkw+2ssPZHiUnzFK0OyQSHMaTRN/itw2ihPunT4URgcAXQkaFaBxMBhPxo6RKvcGkkK3wr4DxkToRWegJXkdRQV1565lNT0uxyWyxysvMbULfvmFbofsq1twZXsi4nvD3vT86B4Fw9XfKw0NP4Jpk1MU8OZe+DEwG++i+O4ZTmQHlKmoO0XB8hZOa6qevp91VvF4q4VzcxW07l4zTR5wGVY+Rp1jMQ6ENyJoDsVel/EKsPaJQDk6zHp/CjNq6GjysLTtnAFspp1obA8ZAYgrCnlSBRmUj6y/hUV68RlafI/hUXiTG8Iy39q+H2jbV0YTGo/L8jSrg/Gz3ZtEzIpWzwwBOjCfLzoHD2Ct2JrLEu0yl3B2Yjw9dqwuXC4yncVJxiwV1O419Qd6CuXACHnQ6H1/wAKqqoRrcK4ZbOUxvTTiN7Iip/1m/pz+dCcFvgOQNVImgeJ4rOzLGqnw/Db50u9jvZFiwvDsmQAzrNfdpbBe4TqMoWI8hr+dIeF8SfMJnw6VacfxdIGmh+ZNc2TWmFPYrWNxLBQwJIBgny5Uou3YedYb7/41a7DAnJAytr86H4pw9crKsZl29RVYZa2aJuQgXGAEoRodQfI/lX2HxsqVjxD7xQ15iQDzXf051lfQyHGxgH8K6HFAJmx0qGA1Xf051Pi+J6BusA0H3WU76N9/MVhhbAkoTpy9OXyraEYyS4c0cmE/nTjs/gZDKxiNQfupbZtiCv1l2/nzry7iDlzCZG/p/ClmrVIKM8eQ0idVJj8aUM3nWfEkJ8Y0nf1oC0xoxiEsHC7YA9alw9sAkHY0JwrFaZaNv3TG2oNJPY1jRgoUE7g1N2lUMEZehBpQ10kDNRSGRlFcb8XmUUlQmuYGTNTC3kg8jTrCYMCZOtLxhAzNbJ56fHUVfFkTErYk4daUjKxEEafz5VHjLA9ydRz+40LYwxKmJlZPxXf7KkzAqrcwR8jVO3mKffo4ZT+sv39PjQA18QOo3HUfmKd4m6BlIHvaH1G32UEFy3Pd0IDfn9tOmEZ9mx41Yc4n863b7Mn8ZFaU7GrFxlOwJA9OVbe9nV6LlfifVXC8bO/gPboadtndcPfHINr6ZxWheMMWuMp3JB/jW8+0wZlxGsKC5g7dY+J+2tQ8fe0HQkasPtHKvR9TsUsMWu4PHPegrsohdGU75bix55SIqnYPDEEHXbWr72OxCi9EaMVPqDofjS1eJW3L2yoDAlZ69DNfoJRtnnVaM+yCDvNeZHyOho7gWIK3CusKSp6Ssg/dQfZS1mu6HanfaOz3cuujFiemsma5pwfIDWw+4BxQfpQ1/VnXSToY+z4zW28SgdVb9j/AMprQHZezDi42+gPmPKugezviw4Me6w+TaffFeVkfg+IXvnZgdwoQ8JsjvGE89PTlWPErot4uyRpmXKT6N/GmB4cBcDfzpS/2iYXWyx5faJE/fXbxMNWOgJ0bI7SpGRhzAPxGlV3jt7wZuf8KfX/ABYe2RrGh+IkfcaTXLQa2w6zR4WVxQZnPntW1IP7Q+2mXZxIsmf1hX3tdwsBSOqz86I4HgWe3lXpNepHdHLPnZTu3LyB0BFP/ZvZzaeVIO2dshYOniE089ntsAjz0qj5E5Mu3FMExUBRP4fya6Urn/hGJZCCdhXQFfHethf3b9f6J6PRr9t5DVP9Lcf8yYz/APp/+KsV+fFsa1+jX9I/Ch+FYpTrPc/ZiLR/CuAOP8PyMeWte71WS/6XNf8ALL9mBPj3/WL4BUajuGjRhZE0Plr6WcaBVrdPsX7bixbKHcbH8K0tGtH4PEFdqWSsLN88Tx9y+jXC+kmB0rWfEuNs3gOsaTzpZg+09wKVkwfOkxvtObzqurY5lhSkWbDdontLlk86QW8QWuqSdSw39ad8EwAxBA26/ClfaThfdPFBjqrN/disYCDb6/dVd9pHZBEYMYknf1qnezDtGyXQWJOkf4089o/aM3iNdKs5pwOVwcZ7Az9jYhkYk8vOkXbLh7hNTXQPsj7Di7ZDBidB92tIvbV7P2toTGn403g1psDzaZbnL9liDoalYTU9hArkGvcbHKuY77sGCVERWbNR3DeH5gaJroEsCpQa97qCR0rw0AGLCo4qS4a9QaUAgd0VLaevsRXwSsMYk1duy3aVltG301Xy/mKpamrN2R4UbhJA2pZOkK1fM+4rh3YZmMzrSO4hrbQ4KDZzHlpFUPGsoYg7TSxk+YqaeyK+m9R4laNxIE6VBiNqoOiO0/nWd15oZVqezbmgEcdl1ObSrY4IPWd6rfB2ykVeeG4YGK4s7rcdCG/wvM+nxq19meHBSKSdpMWLTaUT2X4mSwMaE1zZdUobGRbuI4YDf1pBxDjH0ZA+qTr1pl2sxmqidxFUq62jiaXhcVq2B9xlib3jB6iKIwOzDoZpMzaIehH2GmVpwGI6ivQaoxhfxhYjyrY1jFfQgTHgEfKtYWSSdqv3Er2VLcbFR9orizRuSLQf9WyqYy4SM06q33V8LktM+8KxO7j41Ap8KmNj9xrpiqOdMPwL6Ec1P8RXvFr/AIlM6EQfjUeWGI/WFBXElNvdP8aatwGdojxCfOpL98G2NdV/Co7lvxKY0P41nYT31jzpjMxsaNv7w/jROGjKw5gzQTyUBjVT9xogOQ39oVmrMY4i5OVvgfuNT4ex4iOoqDCPowjY0zw92crelBukBgeHsyhEHwmmiWFlW66H406W3lU6DUUOtgG0QCJGtc/hmILVwolljfWpLR8II3XSmWBwBaGJpabZDuvKqRmpbDozXEDOD1EVFbeGdeuoqN1lN9VNTi0ZV+WxqmkxH3spPNT91eG6JDdd6ksoQWHI0f2awwuW2TTMDoaMY2B7C20gzMvXUUTwrC6f2T9lTcZ4Y1tkqC4hD7+8KfS0ZboO4vbUMGXaNaGwYAJB2OoFBOhCspOo1Fe3LZKK/Tep02whWETvJVRqpqwdmuzbXHBI0GhpZ2cwri4GXUN1rZ+G4t+j2nQxnYEz0q2OO9sjOXYjX3aq8bVzu10B0050hw3D3ZW0mOdYcaxpufSEkkGnPCscVgjZh8KnOW4y2QgxCtlDHQqdaPwWHVnBJAzUJi78synnMfGrV2EwuG7pjeIlNp308qGPd7gk2kBXEawGVTKsNOgnaq7hcc2UkHxKZ/Om3Ge0AKwF8MwDzjlSsIFbyb+TRyzXYCC23DsTh3vZbmbYRH886AxPBxbLZjowmPXepuGY3LIA25elZ9r8erqpX6o19TvS3cb7QxtMQdm8EQxI2nSju196QjdND6VD2SxJFzXY1Nx4eMpyIJHxpXuzph7UX2rwVwY0cfbWd9EAKDc/yKFw6EoRzUz8qk4naMI4jofjVEhAG9fJXbVD/j86K/S/dfpE0M4Kvrsw/wAaxwdmcyT6fhTUMjYOOxtq9YBEZlG3XyqgvaJDJ02+8VY/Z3gwzMppZx2x3dwnzKn4bVGHiuh5bqxTwHE5W8VNsVbgi4Oeh/Cl5wAa5psdfzoq2whkPLb4bVRrcSy0dm8CMj3CNIMVVLlzVlY89Pwqz43i0YSAOYn0G9VDiDSytG4g/hU4JttsaSpIKs4nMkg6r/JFT3ruqsDvofwNL7F7K5EaNr8969tXDlZY1G3w1p9IlE2Mshbnkwn4868wMeJD8PwqHGYksitzU/YdDUOJYhlYcxB+FMuRqJnu5kIjVdflvQ+NeArgbGD6Gs0uEOQdmE/OhsKpKus6ifs2pkjDAP4lPUfdUdqRcYcjqPjXmFt57YM+6QfwNZcTwpUo06HQ/CgaiG5dlGXmPvFJ8MNabKo70n9YA/gaAxq5WIHWiEKsYQyCKcm/DCek0JhjFonmBP21JcJKK0bH7/8ACosJmz70TwxtaS4240jzp1wnAkx51zZY0jDRFlS1B27JLhgDsB8v4VZb/D/o4H+FEcJwoA1EnlXmLitCZRRso9++VusI0Jn570rwclXTn4gPhqPuqy9sMOe8BG0amq5bsxebX3ob57/bNexw81ONiyjpZArt3eb9Ug/gfvplxXGZxajSMw+cH86BwduFe2d/Evy1H4VAom3I3Uhvlv8Az5VcUc4Nit5dfeA/Kt1ezQ/Sj0rR2EuSbbdDB+Nbr9m98C6s9K/GequLeGXwHZwTqZYO2mBBGKG3gJj0UH8K0L2kSVQjqPuroPtTjYv3IEgov3Qa0j2mCh3txESB8Dp8PwNP6lJ3gj8CL8fHci4Ddh0POPuIoDjOGIxVyNJafSdal4PipEAeJdh586n4vj17wlhJ085BA+6v13aeYCcCuOl4idztVo7YXywI2Ag+sgNVfawpdXU8tR5U44zJueiJ4evhGvyqWSG9hXIa9muLDKoyyQPsP5VvT2eY0G1cTcifs8QrnS0Gt5eWu29bh9kWJm5E+8qn/wDE/dXgdJOnGa7GdHDPei5W4Op3mlPtX0sKRuPzFM7fDCrkE6gn7KRe03EE2gvOGjyr0vbQ8huTLT7PuNd7hssahR8xU2HteJhPL5TSL2BuCjIdxp8xFMluFbhnTUj5a1z8HO7XvjS5GoPbgQFK8wZPpIIqb2c40gTE6fPSmPt44cCmYbkfcdPvqD2REAkNHugj4iduR/x517eDc4c5TvaGA6M/OZ+ZiPUUX7LiC6A9YoDt7bi245Zj9+lF+y4eK36irCS9qbF7a2yoGXaug60F27xQKx0/hW/a+N9bXPhv1/onp9Gcn5DX39IrGC3wvEufq9z9uItD8a4D7TcR7xtBArun+lmf+ZcZ/wD0/wDxVmuBVuV7XVav+lzf/LL9mAnHr+sT94wKsNpipcINNRVgXiKFIIg1D36lTFfStRxFYc61K1Q4jeiLFgmmb2CYoaOOKUrEa1Nb4E2WaXovig0qmmCgvgeIdGDLWHaDFszS1M8C4Gm4kV92otq0EU0ZWbT2jLs7aCIGiZA16U67S8NAQMOYBFJ+yxyoM+q6H5Ux7f8AaS2yhU+Q5U6ezsjNO9jdH9HTtwtq0FY84/n+d62T7XeKJcwzHQyNK4x7Odqe6jyNWntP7Tzct5VJ22qT4nIpKNbE8nDKSs1x2pH0zx+tS+41ZYm4SZO5qBqrZ0xjSo9V6Jt4gjY0KFrJKAzRKrGs0rK2tRvWYD26dazUVBNTWjSgZFeFZBqzvVFdojI+tETXQfYHh1m3g1uGAzLLT57fCue8OutdY8G7OJcwayQMqKP/AAinhHVa945+Ik0tjU/F+0a5Sg6mK1vxFtatPtAwSo5A2qqWLJbakqhsXKzzBrJqfE2ACBPOor9orvWItExSlkeYm1B0oayxmi8UYrLhtvWt2BHvZq0WINXu+mUeHetdYXGlDpVx4TxHPoK4eIg2PF7UJ+0FosZNWvsRZEQQPKor2F7xgoEdTRgi0xUnWNKhKWqOlGjswPtu3iWNp/GqvdJznzBpnxXFFwZOoNA3RqrTv+OhrswrTEUisjwHTYmjxd8SnqI+dBYddWE7615iWBQHmp+6nMF228RFWntSn0FtugWqVYcFwQavHaTXDqD+qK5ckfHRaC8RlYBh99xUdhPCwnYzQt+7IVuYiamVobyYV0UQD7zTkM9B86hKQXE7iaisHwkcwdK8xd7VWjyPx0rC0SZvowZ1U/caz7zxgzoRH40FbXVl66ivLs5QY1U/dTJGC8KPfWfMfGvMTspnY/wr2wYYN+sI+dFYayGzKfUVnsbsIcPY8ZHUURgLBKkTsdKJsIcyAASTFMLeBe3cKxObb1FRnkSQrZNjLZOQmYqw8P4NbFlmLeI8pqTstwS5cbI6+Yph2/4ALKghvUfnUPW8skdUXsT1q6KL+mEplGkE15cs+IHWSNaxRtwee1NMDeypsGNdWPHGI9izDoIcczrXiN9H6H7qmxjAEMOehqLOfEnXWsHmeXrozL0NT8NtAOQpIO9LLakrpuppjw0sGDgSCNfKqRVGe4RxzMVMtqKX4Ur4WY7VnfY52B57VHh8GxQ6TBoOe4FyCu8UvHUfOobdyQ1scqxxeoVhuDrVk4Z2WdvGOYoR3M3Qw7FXkVB3hgDn50q4/jAXLFyZ0A6jlSxrL+K3B3mosfjVuIojKybn0quvxaZLTvY34NwUNbuaT0+NCYif0fKVjKdD6VngeOtbUBdQ2npNRrj3cmySADrPP0rWmjJPtFONVsyHrpWeKw5S4R+sJqNLwKsrEyp3HltRbWSAj+9U1FDtiqyhh0PKYr12m2GO6mp+IXPpRIiRFBIvvr6x+FSkhwlXhwf1hXyR41Y77fGg1aUB18J+VPcXwsPZ70aEDX/HrRjGwN0IOD6Hfaie0VzxI3wNTdncGJM0w4RgRcuZCNvwNNHnRRPxbK4beV5nRhP51hg295DJAmPvFXLtRwVVIgyFMHpS7h2BVrnLUfdWnLSKpWVLF3Q6zGqn+Bo39AjK456H4VLfwmS7ctmP8a+w2KY2yoGx3+ytqtWOZ8M4n3V2RzrYfZzgdnEOe8PvCfj5VSeMcHyC051B0P3ir9wLF2bduWO40IoOtSkZtuLSKTjeGC1euqNQhYA9QOdL+GWQ1xSROYfdT6zg863nB0ho/Cg+xNmHGbZaEnzGh2Iz4phQ1zuh4VyyfjSXjHCitrcEg/d+Yo/tRxYG6XGxOWfTQUjOLliCTlO3x3psftRZbyBMVbPgaecfOsneLk8mA+exr6PCU58vwqNhIGmqn/EVQPM+s/XSesfeKEuCbczqpB/A0ReJkOByANT2rBB20aft5VuQQPFEEo3lH4isyQt3yYT+dS4jDFfAfUH7qhALDWMy0bAE8Ht++m28fHUUyElIjVdflvSlLp0cHUQD6fwp1bYr4p0bf1/jSNmSF/ELXuuBtoaX8ds6g9R91Nj4WIPutqPypbikBlD8PwogRl2fQvKzvTvhuHlHQ8j8iNjSDsxiAlwTtsatHHuIIHLLsV19Y/k0kudD1aKzwi0WuhSZq79obPdBI2I18ulVHgFwd7PnVl7T40lwIlSIFTyq3TCuQU/HwgH7Ws/DasLHHjnjlM0kXDMxyR6fgaZ4HhJIMjxLXFm4TG1bFU2POP4m3knTN9tUSQSG5rPyJ/CjuLI0AgzG/kP4UovWiCGnQmD6/wAarwXD+DjVjSnqQbxkqPGvOJ+6aU27pUyBo33ncfGphhiGA5MJH4ivv0GGKHyj0Ox+Fdq22JknADlfKdjt6fmK3F2IE3UFaY4Gkkg+8pI+IrcPYF/Hb+Ffl/VP/Yv4GdnCe2Lv2ww0X/W0PsmtNe0m2BenmVU+sqJ+2t19vWy3rZPO3+JFah9olgNcRp17sAj0Jj7K8/1IzcsSbOzpBFZ4PfGaVHr8Km7TXAr5gNCqE/EQftqPAWVS5E7mY9aacaw6k5W27rfylunSK/bt0zyBbhboUo3ItHzpv2jXJdtup0e2NOUoSv3ZaWvgR3QgzBWmXHsCTbsnzcfCF/GtLcKDsHic6kxIAq+ez7iIF+2NpSB/3jWv+EORbyxBJj51Zmwps3MO3KTPxg/nXi9IYrxSSK4tnZvPiC5XLbzr8wPxqk9sL+hPSY+NXbGXg1pD1Uj/ALuv3GqV2xtR56D8DVuClqxRfvFM2zYD7FOIkXiJ3n862jx7BDvJHJwfUET+NaX7Hv3V9D1aK3PxRT4X2BVf/AY+6K48Vw4hxGjvAoHt24ZOEZv1YOnyqg+ye0xB1Mkan4VtntzZN3D3E6g1rv2DQGysNpGvkYr3sG+xx8RskwP2ncKCWD5n7j+NKvZoCGSdKvftwQZCAOdUHsZc+ktgfra10uNbEG/FstfbEN3jbwdviAa6erX44JbIBInQVsCvjnW1GvW3/c+ien0ZK9XkNVf0tv8A+Fxn/wDT/wDFWK4BwzQa/QP+lTbng+LB59x/xVmuF7PDgJ8q9nquf/Sp/pZfswBx39ovgJhbVx0gUHw62M2/WpbmDZvdmjuH9mnKltdK+i2lzZxgOB4L3t3KKumO7HC0qnyqvdkL/d3hm9K2n2uXNaUjpUM+SSpIrGKcLNfpi1GZW000qpcQw4mRTXi3D2ZtK84fwk7VsclHeydbEfAcHmMVh2kOUZatXAeAsvi5ikXavASSafHkUp7AbQjs8ZPd5KWCsYg1IxrrARutY21MxT7hPAXubV7jezrodtaTWuRmI8RZioFWmXE8OwOoqKxw122FPZkD5azwuFLGBTrgvZp3YAiBTji3CjZjKKlLMuSBdFSeyV0NRhaY4rDM2sUI1ojeqQlZgRrdSWxWV2sRTGPkWTFP8D2Zdx4RNJcOmtdN/wBHvs0Llh7jCYBGo+2ilcqEyT0qzmi7gyjQdINbzw/aQHDoLbRIAInnG1UD2uYYLiWAH8zSKximWCJHOipUyP8AaRTYX2ksu1yNST9tNuAcKNsHvFg8ppbw/tAFcOYJBmrJjO0/6QwhY0gmlk1RVWthf2n4KDbV5GomB/O9VK6sCBVh47bYaScvTlVe4m8EUsd0NFguIWpMPdEVDiHry2J2GtZjhaYUnWrT2UtkGQKR4Cy2xq99lbZkADeuTPPYdJDjgOFILMdwJqsdosXmbNGqmKu+I4bew7ZrqFVbafOqNxW39Iw5HauXh09TbM2R4a0CfJhUL2dCsbH76+S54PNT/EUbh0l110YR867W6EsW3D7rR6/cawuWiCRGhFPcTwYhWHxFLcU3hVp20P3UFNPkET8GEXINbF7U6WrZGxUD51RsGg72rp2puA2FHQCp5PbItB+IylsmrL8RWKk5Qf1TUt2Myt10Pxqe0gGYdRNWIkcHMDyYRUZtHxKT5iprTeEae6fxoq8wLAx7wihe4AFToGnbf8aLFqWyj6331AqAZljz+dH8Mech6fhRswG2EIBWdRt+FHX8KyqjnY7/AB/jTxcAufMx0YUq4njGKG3uEOnpvQUkxbsDwx8RE+Y9atvY+9ndSxkqY18qVdjuzz4m4oQctat/a3sJdwQzsdGiCORqWbEpRA2bT7NMubMIMiIrW3tJwrtcfQ8zQvs+7QwpzMQQTBn76seJ4tn3Ek8/56VGPE6I+Doj4OnZrN8G2QNrIOor63aOb1FXbDYcNmBid460HwrgpumUIBUkAeldsUpLYbVXMpa291MyNRWbNoCdxzqxY/gji6SRrTDsf2YN/vBEwNKKhvQzmqEHZ3hJuOcgmRRzcKvWldcsDrFbD9iti3aNwXYVgconTbarT7SnsCxOZZO3nVdKcbI+Eeo5xOoDc1OtWfsjj7asQw0caT1oTHskMoGpqv2LTMsTqDXPydnRs0W7s7gLTXLgO06edbIwjg2MohSulUTsDw6LyG5orGCeVbR7TcHyeJBNuJJFUjHbUjnk+wqPaXDWrdqZGePmTWpHSLhBGjffW6sbh7Ny0WJ22/n7a1h2owEAXFMwd6M7asONijDA+6qkxX3FUYkNlgjl5VbeznGUGVcnjbnpFBYzFxiArAaamOdBchrpkHAOy73XkCBGtBWgbVx7bDVZito43tKot5bAGeNxy/OteXOFXHcXCGYz4vjzozSS2FjJt7lf4peLiQNQaDxd0ghuR0NdHdhPZdauJncRm1itL9vuDJbxOIsLJCOQvyB++pTVNFVyK6t6JX9YaUTwjiWgtNsGEnqBQ/FrQFoGCGWKS38aFKn50y2GkrRtrtdgUFpHtDQAAnqaonFbpS6rKYzDWKP4Hx9rgFs+5QeNcC4VInKNKEnqkPji1Dch74zlZiVOutRXL0AwYK7fz51BxnE5lDgRB28tqFe4SymN9DQcDUZ5M/0hJ/aq2dl+zneaqdDy++h+y/Ai9zuzGVtfnV8wfZ9bDFRcggTvz6eelUxwvd8iOXJXI11xnh9xHNs5iBtz05Urus7QJMdK6HxXC7f6Ob5hnA56DyrQaXPGzHSWJjlvVfBqKo2PI2MLjvbsxBgxU3DcNktPdO52HrpFNOLcdR7S2lAzNlE9AKecc7LscKgQcwx9BXJJdi7ToUktzVK2DJQjfUfhRnZvhfenK3hKnf0qx9ouE+FbgIBQAHb5eZpLbxQDjlmAM/ZVa0kdVol4z2fOaUOYKQpI5z+VW/hXsxZ07wEAkaeo6+Ro/spxC2o7opPn9tBYrt20XAsqoJAE7DarLSialJs1gbWR2Q7fz9xqe5dzLHNdvh+dDcTug5WjmR8DtWKtD6DcA1I6wzA4Lv8ALGrAj5VZO1fs7fD2xeOwAzfEgD76w9kFsfpWUiBm+/Wt5e3nDD/J92OSqfky1n7Vsne9HLORVuRybX86Y8KaQyEbbfhSji9phkYdYPxpjwzEFbgJ5gVOXIdE2LOa3IGq6/LelOMY+Fo5x86e4NNXX1+2lOPf6MidoPyNCMnyM+8X8aSCD1H2isMO86VnxUyimeZ+6h7R0mrGTJ+D2yzgCthca4fFlSNCpBJ9eVU7stZkyKveH4h31m5bA8egk8spn5aVzZb1KjSK3expRkb1FZ4jizd5ofeAOnyo3EYBWsDMYZXAj5gzUdjhslMokkEfbSSoS63FWGvSXTfcfOveEhSni5Eb+R51c+E8Nt27vjHvAH7PzqtYy8rXXVVyrqvqetbHk3pLkF20Fdontg2jbEwRPlI2n4CknabEE3VbLErEehqx8evW1sKEguIO2wG/zn7Kq3G75ItnoSCfX/CqRbbsy5EPCH+nbTcg/Otl9kXhk6gxWuFSLit1AHxFbH7PaOn9oH514XqhjeHyM6uG9sXjt8jZrRM6ofsNaY7WXi11tdiV/wC6APwre/bm6D3How+6tP8Aa/h3juaaFy4Pkdx8Nq8j1JO8S8p3ccVbA4YG+pncD7NKuXHrIN1E/wCzj/xN+dIuH4cAox5fcasvGMQha3m0zKR0MCNa/ZSdM8pFQsrCsgPu/gasfFX+gtnoWEfBaQ4vA5cxBkH5704xOFL2rQB+uZHll/hVuxGsz7P8ZkZSvPfzq2cRclASY1geWlVzheFCcufOrPjnV7PmIP4Vz5saaY0ZGzuzFgvhkaZKlfkwIP2xQnbIxakjUCPkKx9kOLLWmTeAY+GoqftU5a0wjr9teV0bO4uPc2jpyLkzXhumUYcsh+Y/MVvDh+PF2xb11Ux8xr91aLzRbAO4B+wz+Nbd9nkNh2P1gub4oZ+4UvGNwzxkDFuqCeNJ4So3gj7N60t2PxXcXbs8nMecmfxrcXHcTrPUfcfyrVHavAFbs7Zl19QYP2RXsYXuRyxuNBvbTiZvYdnI2g/+ICqP7P703EJ/WH30f2ixLCzlG06/DWkXYe94l9fxrsTs5JrxaOtLF8ZR6D7quFa04ZiSUBO2UfdWy6+Pdbbv1t/3PonodFL23kNZf0o//wCHxf8AuP8AibNcRlfF6iu3v6UA/wCaMX6Wf+Is1w8p9w/D8K9fqu/wuf6WX7MBuN9v5C19lcKNJFWq1bBzKsRFL+zuHOTUab01WyNCp1Igiv2fETuZwSZq7iWEPfQN5raWMw7DDLO9UXiSEXpiTV+/TGfDgMIq+f2qL4H4rEtng6umYbneiezHZqGOaveC3IMDfpTmwzZga87JOSdEpSC+J4MIJA02Nai7aMMxittcSx/hINas7Z8HaM3LeurgJU9yLNeIkn407wnCJ23rPhPCw09RVi4QgVlB9DXrTkVQ64FayokDU6V0Z7FfZhbvBr95ZAELI3Y8/hWl+xthTd12B0+Ndj8XxqYPAzsFtj4kj8TXFtzYXtbZxP8A0l+C2rWKKWgNN461Uewl0ZSpE+dM/aDizeuu7GSzE/bQHYa34iKtv4KyEHRcsK6qAY2oTGYMPcJ3HKp7ODMN8Kz4ch0J61wNjgjcNUAaVU+33CVUStXLiLlSYqu9o/GAOsV08M3dgNdYTAseVYGwQYIrbPZfhqrIYculVDtVhgHMV3QyJuhmxTwbDDMs7SK6d7B8Va3h27tfBl9PnWg/Z5hla+gb3dZ+Amt7cV4l3Vgi0AVK/CrR52Qz8qNHdobJv40KZ8TAfM8q2R2k9nKrZBjWOXIVQuyGMH6dbuXNhcBPQV1bY4nhr0AlSPhpRhW9kpJxSo4p4nwJlfYmrP2fwgFuec61uL2idm7OYG1DGTtrVNwXZi4c4KwAJ1qMk7Kxy2txR25S33a5YPhG1a1x2GzMKunaTwjKdxpVXAObSmT2KwFuJw/KKI4Xag61auxvCBdvoriAWAPpuaJ7ddn1W6AmnWNqhkypPSXUXVkNt7Zjbl863T/R97OriMXbBAKr4yPJNR8zFaQvcKCga610N/RHsuLt1ua2f/yArizRuq7xkN/6YXEEAS0oGY+Jo6DQfbXNWJvghGO/P7q2V7fMa7Y+5nPIKPIRI/GtWXbZKsOhq2Le2RRj9ZhG40+FZ4G9CjTVTpUdy77p+f3GvbZgsJ31qzVoYtGLxuo6MKrd/VXEc5+dfC6coM+6fuqe2ozTPvCpxiogSEvAUOfX0q78dtkIBG6iqlwxvpD61fO1zfRWzHJZ+6kyPxkXgvEZRGU5COhrIuZU/wA61lcAzMOoobTJ6GrkGG4Y6sOutesxKDqp+40HcvAMp6jX41NgsYniB9aDiBjfhnDy7zOkVA1ooXHQ0ywd5MgIMMI/woLimJQMTB1FRjO3RrG3CMeptyQSdBQOLswx6MKU8D4kPEsaTVkDZwJERzoSk4ugcjan9Gngxkv5wPSrd/S0MWrC8i+vwEfeaR+xBjbZFB0JFSf0ksQzus6hVMfOr5H4qQiVpmicPbyMyzvrVq7OYxsgjUjSq7iGGdWjyppwO2xDxXPki62H02W5CPC0STofjS++TYuyTuQ0D7aks4p7doZ1mdiOVJb+IzOZ1MaSaThVLHakI9y2LxNWurd+oRDTTfs/x4Ye5cKCVfb1rWGDa4Q6Daa3Z7NeziXMGS4lx89K9LHJyZDIqKl7RuGsLXfTlLa6da19f4i15EVzAUgFq6H4nwy2+FJcTlUx8K5zxF4KLqgczFbIqdhxboO43gUR08UgjehuC4ZO+ZSfDoZpU+dkUwTBFOsDAbcaj4ioNl6Nu47G4ZbdtRBnmNY86sfEOOWreFZBrKmPloK0X2JbxsrfraVvvGcFtpgnuRmOQkH4V0Qm5JnNONM57s412dreYhTsOVGX+DstgnUgHSk3GbkMrDSab8E7TMoyOuZDtUoLvK/AIsbIVXEgg6Gvi5a5bZue5p5ZRWkMCF1MxoJ5VX8bf+oDsdD5Vqoydliv4tRdVbU5ufT+NXTgH6Qq5ygymBEcp5GtY4Gzc7xWHLpvW6uy3tGtdyLbJLjQ9J60yq/G2Eku4212GxyFJnYajpWl8JwxbmJe8y5g7sfmxq79k8b4LrxplY/Yar/Yjj9q9dVFEDr8aWTXhEO34iKjx3sqMRiriBcq5RH51ovtlwprVxl3AYgfAxXZ4CfpdzLEhAK5o9t3Bjbvsp1PvSPMz9m1U2+UEJO6EfZ23BQ9a94+Pp/VRWHAbgKDqCKg7TT3yn9kVGtztXIX3lORhPWh2fwrrsaPsYec4+P2UEMN9HtqKPvCMs/B3YXEYPGg1rbHAcErIbjAu07n5CfXpWpOGqkJ3hKjWKvXY3tGwXJBy6EHr0+VGMkjlyo2D2t7DPfw2ZSVyrIE6EgTXO+JUlQBvXYPBOPMcMc6aZYHnpXKHExluXBGztp8TXQ2uYMRP2Q4IzMMoJI+6ty9nuNyhsFfEDlMjoOfxqL+j5wvwvcI5c697W3bVk5xcC3LjuRGrGPIbD1qUFvqHyybVFC7cdmXWBBI0Y/PnVdx2DU5NIcGI2863X2QxltkLX21gwG3PT1rX/bLhN27cN1UyqDoOUAafGmcO4lGfYVrjfEjbvKBtkBJ9fyiqtdx0tcHXN9tNeKcPZvGTPI0gOCWT4qm+e50wWwNexHhjmIoR8W0qele2rY1qHEEadaekUsuHs7xTfpAaelbz7W3jewtxSZBQz6CD+Faa9nXBGJDgac6332I4MMQrIdBEUXDaiDmlI0LxTs2WtA25aCJ/P0pdjezdwgEKTlHijcVvbEcN/RWe34egPrptWs7nbAWLrrGdZYCfkKRxS5gjkZR8JcyXDM8uVQYvD5g49az7Q8czsWAA/nlVfTjZg61NR7Tpi9g5rM24jYj8qzxmChVjnpSJOKNTfCOWjWqIBcPZ/gNCTyoTh+IKM4BiS0/GYpj2ZtsUaNIBPyE/hVAfEuSTJrnq5seXtUWZGY2yCdd/jTzgPEMhRp2P2VQLdt25Ga8fFukggzTaVZNq0bZ9peKtnuXQ+ILBO06/hVAx+LHeFgdwPnzquXsa7+8SY0E0K6NT1uZKkWG1xFRmBMgz8qgv8SUrl9PsoDhFkMwB50245wdF90zp8qVzUXRrCeFP3kADUGa2BwcEFQ2hEfwrW/ZTHi1cUnYmDW1cfjluOjrHuqpjbw6D4kRPnXh9N/2Zfh34xbu0ytFlj5/hVI9o92QvKM6/KG/E1fe0ynubR8/wrXntPQi1I37z70/hX5z1LzbbXw/+T0+MXimvMFjXmOU1cOJDN3GbbxCTsJy1ReE2WZqv+JANpATBDHX4DT7K/d5HSPHQv7XYcIwCEwVn+fvqXh19ot9A0fMfwpXj8MwYyZkT/CnnAUzWjpqMp+TAfcarVQTMWI3gdD0p1wrCju26QPvFIEt6nzFWGzbIw7HyH31OfIaPMtHshxWW8y8jH5GrNxuyYuLz8QA9K1h2A4iVvqOulbbxyxcJP1lDfMfnXhcKvB8TOF89zru4JmnsNhiSw3hiPgVH8av3sixxzm11H3yDFV3hy5bl1dzJI+JMfYam7JYvusRbO0yp+Ov3g1fpSNwUl2MnifjF+7UYEqV8pH4Vrr2gqSLb+YB/wBpfzWtrdq8L3gLDTmPiAa1r2mtzhxO4P8A5W0++uzBK0mDIuZr/jolP55iq92T0ufGrJjHGUzVU4EfpZ6tXpR5HJJbHRNi43drrpArddaN4dfBtIJ5VvKvjnWy/wC7fr/RPQ6M915DW39Js/8ANOK/3H/E2a4dst9jV2//AEof/wCIxX+4/wCJs1xAFgnzr2eq/wDwuf6WX7MAcb/aeQ29wtPoB6UHatkL6Gh+ynES1oA6Eaeopjjr2UeRH21+umnqaZ58luVvDENiVnatoccwiiwIFatwuCYuLgGk71tnE25w+vSunPLxUdOJeIzX3DsFDyDvTriN6B9lA4a58wan4jcBU1wSds5qBrlgtz/maA7X/wBVHTSmljEjKD0GtJO0WJlSKvh9ugMonAQxcqOdH/5NZWB6msOzQi4SKtmOuCFkazXpZsjjIpHsH3YSye8E/WK/eK6V/pKPGCb/AGa517PMQ9uP1l+8V0N/SQtlsIR6Vz3cW2bPyZx1x0TrQfZZiHmKb8RtRoasCdnVSwLgOpGtdSmnjonGLZhiMXDeoqfDX/AfWkN69mXTcVBc4oRoa43hvkYa8SuczVcxzHMvqKnucVJUCh7tyWWunBDSFLYsL3wAD1FUXjzy5q52cCWIjkar3afBEGmwyjroEhf2culLikbzWy+NcQa3YjQg6+hrVdhoIjyrbuN4YP0NHaZIJM/ZFdrEyMonBOFOZcjQ6z8as2Awt3N4cwB00nerr2IwKPZtgxrFbBtcPt2gVgEmCPKo4v6xthzvQkgLsH2TkI7GW00NO+1nCILBREif58qd8NwOVFfbnFUb2i+0W2pge8ARXQ2onI1ZoPttw8reINAY7gJUg7aA0Xx/ihu3Mxpj2oxBYKOYC1Fyo7sUaiWj2Q8AFxi7D3QxnziBVb9qFwW2bqNK2x7J1FvB52gFyflNai9vPEbZJKbk1xwh4STky2SWlKJrXD4x2uAydxXYX9Fh/pLo62P/AMlrjXsxcJuD1Fdd/wBGi2e/aOdlvsir5YpLYVMon9ICz/nrnzX7q1glmGYRuPurZH9IUsuLccjH3VrHEYthrUsS2FiL8UPCRGxNS7sDHL8KRY3ibAkdaM4Ffd2HlV3sh0iz4XD+FhGmleYtdEjlXt1mOgPrSbH41gcoNSRmM1tgPVx7UXCcMg6KPlWtcDdYvqa2J2jX/NEg65RUMu0kXh7RlJxTeMfzyrO3YlW2qv4lm3mgf05uprrW6OcdYjDmACazsYPXU8qRLiianS/50yQtFp4VoJnapsfdDESRHOqravmstam8auzFt4bglzjXSrPfxqqpQD0Na84XjChBq58OxyXdDoRzrk4iPuhWbP8AYzjsroN/EPvqf+kTjPphJIBX8TQPYDDhXTKZ8Q++sv6Qtgm4v9k/fV5U4RYIGrb94ECDqDTzhGJ8Dwaqdy3FO+zT+B/OhLkWRZMB2tzWDaZZYe61ILBJYUttDpTTBvl1NJkmxdKCbGKKM2U+dW7sz7Q7tu26wNf50qpcNC5yzbEbUqv3/EY0E7U2OboRwTNn4zt6Xtqinf3hVb4zw5JBJ1eqpisV4lKwsRRmJxbOddxsa6dVk9GnkXnCdlybeVI1Ez+VUvGYJbd9VckjnVt7L9qiGVCpyjehvaReRnU218X3fnTSSa2ETd0x52Q7FI7d5mhdDFXTth23tCyMMm58JPKOdakxHaa6LfdwB+0NNKql26xaZJ1qcsrW0V8JvB3uzZva3sslzu+72Gref+FecK7OG6MiLop36xTj2cYC46h9co96K232X4ZZJGQx1FdUVZJtmleLcIvJbuJkB0OsagCtVLwouRlWTXZ2P4AtxmEaEQa0F274YmBvMEOkTHmanljW5TE96Nc/pRsgySHiINDdnceQ2uuY1Fxy7312TzOlOsDwjuGUuJD7etRu0WkqNy9kcUTZuAH6h/8AKa13wfHiwq3QRodudXrsJZ+iudMp/wDKa0Xxe5qw+XSlyLxzRjqii4r2xvZrl9DBJG9Ie2N25d+kd8zOCY51Dw0/QP6Urw2JgddKRNoroSAeGKQYoLtNj2DxOwFPrY8UxFVTttc+knyFWTtjrkH8B4vDEtr8KL4De7+/lGik/wAiqxhLswOe1bN9l/Z6XBiSSKatyWR0gnH9k379bR1WBBjT0rcHs99nxteJoIHKOXSplthl7tgEugSpG486ttnENh8ObtxvdE+sVSMYrc43JsVe2HiYt4YFVKgHWNI0rnngOGF66fNp+Zq9e032rLibRtBInnVO9mh+mUeY++kyTtNovhjT3Nw3MWuEwVzkSsD1Og+01obi3ESt1SWz5QPh5Vtb2+Xytq2nJjr00H51pFLetc+KdotkxpMuV/tvnZBlCgRWxe0vtAtvh1tWh4tMzRoKQey72di/qwrbHG/Z5h7eGcZQDGldUNT3ON1exzYbgKsgk6yKecJ9nZbDteJiBJ9atXZzsksPtMT5UmwOMuqj2nbwCYH3Gi9iibvY1Fj8CUzfGKT3GrZHHOGJczZTy3+Fa4uJrFLE6U9jdHs54qGs5VEHQknYR+dbc9m/E+7BbyJJrmPsTi2UwNia3v2bunJ10/Cq3sck40yLtH2iW7fIIPiMZjpMHcCqjf7APc711WVBOU8jGs+U1cH7NLdzO7BSBnEcugFQYPtbct2e7tQ36xPIbD1JpPhFVp7Gh+O8NCls3hInQ7+lUa6Na2T7RcBczZn3YTI5ydftrXd+1FBHZHkeWxNWLs/bqtKKuXZ23p8qwUXzg1rJh7jdEf8A8pH41qm3cMg1uLFYOMFcnmoA+LAH7JqjcP4GHGlcPhVGTbKTWyArfGZKgCIEetScbxCvvpFfY3gpQzGnOluOOZoGlMnGb1IlyGFmxaKb+LSPxpbewYzRMisLGGMxVw4NgEyy1LPJoBYq4JwGCC2xo7i3DFQ76aU14nxHKmTLvoD08x50qxcaSZneubW5PUGiq3bfi8p0rYfZK54BVTxtmTAG1Wfsl7vxrk6WerAW4fmbT4zxUNh7ajeQapvbt5TJHPP8hH41fcfg1/QwwGoZD+H41r/thgjmBOxt/wD5Ga/M+puUU5OPe0epxntV8BQLFsk7/KnXFbc2rZ/7T/8ACsOG4HKTzp9cKd2qH9edvLb5V+3WTV2HkUU/iGLg+99X5VYOzt1u6Ma+6f8AxCaQcW4ZDNA8PI7047JXItOOin5yI+2u1+0AuZdrbqTrvlFOLNstYdRJkRVUw9zX4VtL2T2gwIImpqN0Zyo1otw2rtrSCG5/dW+kctbR95WPlr+NUL2n8BVWW55gVaux3FFfDqsyRH3Qa8Xi8bhxsZ96o6cErg0Ve/YyX2P6w0PzpdxBxbe23LvBVo7S2QHU1SOP+K1PMa/EQfuBrp41OWBiQ9sb0xrZraEbFI+W331rTHYQ91eB1IzEVcuy2Lz4JXmcuX5HT74qq375OccjM/Gah0fk1Y0WyI1WVlG61UuH6MT0ardghHeCOv31VbC+N/X7a92L2OKXI2PgOItlWD5V1fXHnC3hAa7Dr431r/i36/0T0Oj+3yGrP6WB/wCZcZ/uP+Ks1wVh7xJAmu9f6WP/APC4z/cf8VZrgvhyeIfCvd6r/wDCp/pZfswE472/kNrdnbIVFM66H1ptjTmP40Dwmz4BTfBWABX63J7azhZl2axGjW421+3rWxsUB+jfCtbdm0+mbzFbTwtoHDsDyFNkWx143qhuajvXd43r7h6l9DR2C4YblxwPqnX0obHW+5f1qWlHG0GYbA6RQnaLgxKSPSieHY2T60Zdx/LlIkfGhCTjKwUUPsTwo98QRGh0ph2rIVlHnV4xfCgLodREidPMVQu2a/Sj1rvnPW7LuOmi39k7Pjtk/rL94ro/+kJb/wA2+IrnrswZNoA/WX7xXQP9IBD+jfEUj9oyeXkzk7tJhWmi+F2HaydTAoriFlgDOv4VcPZ9hVfCP1E0+PJ4lBxbs1Jb0kTX15Qan4xYi4486HiulU0LSZ5ZwwrDG24dazBrC8kuoplzA0Wvg9xV5/Ol3bS0pEihr2hjzoXjMla544ayajFSte8K3FjO1AxVm3aC5SFVWI20ET8d61Jg8LJ+NbX7LcAKZSecTXTxMtKtFcUFLmPsdgP0eygUmQJHrTrsxx8C3N0yw1pF7TMZCqo5VQv00yJJI6VLhp0rF4iGp0dD4btaLtogaQN/hWnbvA2xN1+i7/z1onsXxom4UGgKNofIU67E8US013Psxq3hU5LUQ8C62NW8bwPdvlph2mlchjdR91Y9tuIo98lNRNNOL2O8t2iN9B9sUMs0qZfFFtUy4Ym+trC20YwMi/MgGtJe0PDrMqZG281sz2r4kQqjqPurUnF1kVPh3sHKvGMuwPCQza8tq6i/o5tlxP8Aurg+wflWh/Z7wttyN6317BjGKHmjj7Ktm9qIncqKX/SMss+KMLyFahx9hsu1dB+3TEd3iNtxWou0OKBQ6CvNw55Pku0usSS5mo8VblqtnZ7BZFkjWKD4NwwtcmNJq2XcLLQNhXZPJsGEO0T3CQCaA4bgS7GrJxDCbRtWWFQ29VG9R1utgOKvcRNwtkMkVdMbaP6Ks6+GR+VK+OY9mUCBTO/dY4VBHL8ahOcm1ZaEVpdGs8Xd3HKoOH8PLtAqfiVshjNGdn2IYEV38o2jmit9xdj+ElDtWC4TSavOIwxfek1nDANHLpSxyPtBKKsU4HCzT/hvBDInWmP6EOVNuB4ExOsVHNllWxTFi1MP7L+ztsSSFgRSLtF2YbDXch3Fbk9lVwqSB1FKvaXhQ18TuRXg4+ksq4vwUuR2+soyha5iv2TSWSf1h99Wb2/2T3iean76W9gMDlvIOWYffV19s2H+kSeh++vf4if9WmjgxYP6xwZz5xSyAum/Os+zY94Ubx6yzMYGgozs9hQASR1qcJpROh8NTEBtySB1NMuHcNY7gxyqK3/WHTnV57O4drugXWlnkHw8PGatspF1GUwAaWOvi1+2uqOzXYCwLBuXAMwEma5/9pNlFunJtt8qbFOznywUeRXVUE1uLsJ7Ple0Lzev+Naz7M4DPr0rdljiZtYIBWAJEfhXRhyJza7jjyruET3LCXlAUMJg84rzt92eQMLlsEAjlt/CmHCezgRDfzBjGYzQnFO2hvL3YUAgbiDXVrTW5DQ0yj2+FPeIUCI3NMML7PSLqoW0erL2atRb0YF2OnWvuznGiuLbvBmgALHL0pPF2YzbNo9i+DjDWsk5vLei8Hh7ZYm0SHO/Souy+IS4xaddiOlWi29pNRAmulNNEtJBwJ7onvI8j5Vzz/SKxate0Gwgmr97bO2TWsotPBO8Vzx2k4w91pdix6moZZ34pfFB3Yne3qCOVXDhdw3UUu2YroPKqx3onQTFMOEX4cZeZ1rldtnQ67TenYkRYuH9g/8AlNc88WHjM10R2cXLhn/sN/5TXPOLUkk1TI/H8gsNkMuGsO4fzFIm0gCnXDlmy9Jb2HOlT7Sj5BiL7tU3tnrc+Aq8onhFUHtR75+FXhzD2DLsXwXOZ6VsHszje5uyDEfhVY7AY5VTXep8TL6jzrjnObyNPkLVotHaXtIbjBgzTzM/yaaX/aTcOHNp/EIjn9prWqMazxJMU8U75k9CML97MSYq1dgE+lVvMVUbVXf2fmTFXltBjx5m0/a9gVuW7Uid/urX/Cex9ohmLgZdSZ0Ecvwq0e2birdxYCmNwSPStLd+0wGME9a58GXZqg54ts6E7A4fEZFNtgq668/5irj27wTrhsxufV1J9K5ssdpcRaUBLjBek1cj7UBds91e1gb9dK6cWa+w5fBMG4XxTvHW2rkAjxRpOugqDtpgjZd7ebQhW6nxDaqdw3GFHDjrtR3FMc91muNOw+wQKnOTuzpUVQmYyWjbaqnx3hrI08jzq3YW0WMATNXvjvYjvcC9wkKUGYTzIG1FZkuZkr5GtOyqCV9a31wCwO6E6SN/hXPfZWQw9a6C4UZw/wDs10yl4pKatgfafgwCF7dwkBZaDofKtbXe0CgBBIy6k8yemnSrHw7tE1tSgEg9TVJ7TYUKZG7az61BZDLF3gvEuIvdEbkA6netecQSGPxq7900ErVLx6HMZ61SEkyoNatairx2dTRfUVT8HZ1FXXgY931p5cgmy+1dsLgx55fv2+NUHsxjIfXarb25xZNi2gOprWnEcO1s615jx600UyPkbN7TpNokAHnpVGwXCZ1pnwHjrPbyczzPKhMbadW0bQ/ZXNihLHcWSZ9xC0igRuDrXl52yyvu1JfwMW2JOsU/4PhA2EfaYGvxFWrazJWVziF9mTbprUtmxKggHSZ+yPl+NV3j/EyrFBsDrT3hPadVtwd6bwclHZczBdy2qgsen8xUvZe7INUrjXGe8YRoByFWzsZclT6VydIYmsDbLY34xuI4r/MyJ/Vj5iknaW6psho1WP8AxaH4bUw4agOGbTWKV9owDhmH7APyYafbX5HoGo5pR99nqcSrgn7xQU4lLEAaDpRvGkmyrjcP96n8YpTwvh5BPnVsewFw+pG4/Gv3XvI8hFCXjzZsu9WLhmKi2xy9J9CwB/Cq3fwHjmrN2ctSrr+y32DMPurvrxBVzHlsqdulW3sVxBkEAxJ1NUTh7/hT3hjGPOlfIEtzYHtGuFrCeo1qP2Sic6dJ/OqXie0zOURtp2/OrX7JsWFxDDkda83pDnGfcyuDbYsfaRefT+fwqjcQkLl6zPx0rYnaizCuB5x94rXWNQ5vUH86svHhQZbMvvsXu5sO1vfQx94qHj2HyuwHSfvP4VWfYpi2TEXLYMCfsq5cbtstwhueZSesHT5ivI6OlplKHczpe8UzUCW4LxsSY+JmqrnCXGB3Ov8AjVyxlyLjgbT9grXfay59N6x99fpIHFLmXrhQ8InXnXYlcYdnbpKCdNa7Pr471r/i36/0Tu6P915DVn9LD/8AhsZ/uP8AirNcH8N94eorvP8ApVJPB8WP9R/xNmuGcJhII9a93qu/wqf6WX7MBOO/tF8Bt/glubY9Kkvr4fSlXAr3hAmrBgkBgHnpX6vL4stzhaF/Y+9N+K2rhOGPlYjaK1NhiLN+eVbn7LdpEa0w5xVsm8UdOF7FU7C4Ud/eH7P41WO0uHm8w6VZOwV4nEXzyyx9tIu1OHIuluRNSbqiM1siuXfCSBR/DMKTvQfEsCZkU54adPhSyaomh52fxnjytqI0ql+0fDxcBHWrZ2IcPcAPnVa9pjHvlXzq8U7R0NXFMaez/wDrbc/rL94roz+kNcjDD1Fc89kbZS5b/tL94roP+kVfAww9RV8m8CGbkzmjHXfCTNWH2QcTGW4h5g1RuKYqJirF7FWBv5Ts4ihDHWOxsXMQ9sUAut60kc1cva1wzJd061SAK6sW8QNUzO3XvDRN4ehqKs+Gv9KvpVIoAz4hY1kdaN/ycWXWvWcEEc6bcKSFg1xZcjTDRSMJhIuAeY++ugMFw3wIfKtGYiwe+06/jXQHAkfuQW6U3FStI6OHNRe0TEE3I86rLrApx20uZrp+NJIqmFeKiM3bLD7P2+nH9lvuNCdrsSRcIFedjr2W8p84+elSdvLQ7z50JVqphVpWVjh48Y9a2X2fwsqnl/GqNhrYlT5itxeznDrKTqNZ+2txEqiimDma07d3vHB60NwHsybpBg77Vce2vBw+JhROv41c8BhrWBsm5cjNHy8h1NPiajG2TyO5FW4tYTCWtYzfzoPOrh7AcVmxKHmVc/8AhrRXbDtIcTdk6LOi9P41u/8Ao5W/84t6fVb/AMppsjbg2xYqmLv6Sdz/ADhQdK032ltwtbh/pPWf84X0rTXFj4OdcXCLxPKx58w/sci5CedEYq3lUnrUHYayCrdNKF7S4zXINpp9Lcjpuoh4Eivbt85QCPL4VJwfDzzqLiVqKWvGo52xfxFfDM0/4PemwsjYVXMUnhqw8CYdxr0NbKqo6MO6ZQO0al38I2ph2XwEMMwqx2eHL71WThPBluIzgbCm8LtpF8H2lXxpEwKTYjhxmQabYvQkedQtvVIohImRwFAiT+VNMBxKBEfCl1jECanV4NQyJjQyuPI2b7K70k/2qRe1fiGW+PT8ad+yx9D/AGqqPthMX5jlX5jFHV0hv756byNYbH/s44lnuJ/aH3irf/SE4hlZPMH8K197LgcymI8a/fVo/pQqc1k+Tf8A41+uyY1KCieRHI9TZqHH8XZttBRvZzHsWynURSa3bqfs3PefA0fBJIsssmOOIXgpkRM1sn2EcQuPdKBQRzPStS8TOprb/wDRit/TsZjw/PWufLBJDQyNOjojB8JU2iGjXrXKPtu4MLeICL7pO/rW5O3Pbe5ZuFSpNsEajpNa/wDbPxvD3lsm2ZcsPWpRnT2NJWVW/wAEOHto0+8R9tPPaNwFrNm0+Yw0GJ02naiO2AX9GttuRl9N9al7fcfTFWLKpplEn1iKrBr2zE8HbpFYsdpLgTLPgpNgOI5XYj62+lE/oeVSKVrdUTNUc72QJYHHmbJw/aK1+jooUC5I1np9xNCYbiFqXdtGjTXX51rg4o5aZ2sWQgnWfmadTcIkpQTDW7VXUYiy5ANS2u3GIkZnn1pFhmBJ2FRW8FJOtaEnITQh/wBuePLcVYJZufQelUa6Zo3FpHOhgnKrX3jpESuYimHZ6c49RUL4AjcUfwjBEEHlNBTi+QslsdAcJT/Nn/1bf+U1ou3wG7cUlVMA1vHsVdzWHG/hI+yq9wzjpwyXEKA5gcum0ipcRPTIfDG0UfsVatqGFyAvOdvspX2oxNtn+iHhB36/wozB4I5Gkbyaht8HhZ66VzvKr3Y8oiW4/KqVxyxLGrvx3DFGAPMTVds2M1yPOvQxyVWLRjwrCQAOZpqjsoKRBNNDwtgQwEhR/jUa4gOxJ30rknmUroZxoj4Vw6RqKHxOCho5GrJaACyDS/GNJnkK5IcRJyJtCviWEiI2HOnfs3Um6AOZpHi7pM9Ke+y54vr616SbeNtgjsy6e2/BFLVrrmP3aVqRUn4VvT274gC3bnUyP/KRWk1SeVcmJ1ZXNswRySACdKmsYIda+ZOVGW8PAmupSJn1jD6T0pnZ4kBZdSBmIgfOpOHlcnKaRXtTHnRlFSQy2D8NjQhDAAxV1tcez2GVpytEgeR2rX9yxl35jSmise4aOny1qMoICdMQ2rOW6dIlpHodq3V2ZabMeVaaUaqZmttdkr3gA8q7sbuBGftkUc2BnjlJioO2HC4UQcxPPpTbiOAMtHX8aBvO6zIka/DzrilKmWiis3UyrB3jb1rX/Eh4jWz+M4LMc0zIH3VrridqGI86rw7TZmCYNdatfBknL61WbS61bOzSeJfUV1S5MUuParhwtJauakkgHyEVT+0N0XXEbRFbT9pmGBwtuOqzWq0whnTlXlXu2WyRonwXCSo0Op/k1NiMC+4lo50fwiyRqdaOwGNjQ7HlXPPM72I0V+7ZaDm58qdcKxJGDuEch9xoXj+OB0IgcvOiOH//ALO6P2T99dWK3HdDwRrbFNmYk8zNRdzRNxRXkV6C5CEBsDpV07C+6fSqhduVa+wT6EeRrg6TV4GUxczc3ZFwcO455W+40jxiL3LFj/0bAevL7ae+zTCZkf0b7jSDtio/R1A95mA+A1PzgCvwXQ7S4yS989bJviRScJi9yNYqTi+JJsE6zmX8azRQqmvMYc2Gc+af+av32NKzzskdKK1g8cxbWrT2evEFjG4b/wAvSqzglM6in+BxYV1FehL2pzjzh9pWEr0FNuF2THQ/41XuGHxGPhVj4LdJkc4IFSlyMiv4UxeWRVt7I8QC4oEc9KruG98SPKmHDo70HaDNcvGQ1YmHG6kbp40MwPVgCK1pxNsunOPxIrZtq4DbVt5EA+W/21r3tFhIuD1j8RUOEnqgmdGRUwDsPcCYq206toa2526tCM3UA1orjN427lphpDH8NPlW8uK4sNh0YmSVj7JrzE1j4trvKQ3iaLxFzxt6mtcdo7hNyT5j7av+OIN09CWj4GqJ2jsnvo5AmPnX6TGcci4dnh9D56V2rXFXAh4ADppXatfHutf8W/X+id/R/b5DWf8AShH/ADRi/wDcf8TZriXDJqK7b/pQD/mjF/7j/ibNcWYDcV7vVd/hU/0sv2YE+O/tF8BcuzWFJKgc9KvCcD8OYct6sfs+7NWoUkjWCPStsXuy1iNI1H21+g455JZfFFxQjptnM2OwM3VnnW1+ynZ5cpPVarPtJwaWrqZSNDV37IcRQofENq791jQuLtKd2YsBbuI+FVzi2LzMQeRq3cOQd5e1GppZhOAqSSWEyajODasRii5hvCKAx9zu62x2U7O2HU5mEinWF9m+EuqSWBInnS44NsXSzTPssuzfHMT99Ee2/harcVx1onD2beExpUMMtEe2bEpdtqysDtz89qvnjPXHSWhThuDdlfFdtf2k+8Vuf+lFphf9oVqHs33dvuXLCJUnXzFbL/pNcZtth1CsDJUjXcbzXXBPTRzcR2nMF1SRTbsJi+7vodhIFMuG4NGGpFC8VREZSI0Ndbh4tAi6LH7ZbBkN51rXLWxu2XF0uhRPIVU3sJ1FDDB6Q5H4wkArzhjReHoaYvh15EUuKxdB5VbQxLG2JtkNNPeF4qR5gVFw61auuFLBRykxr0ouxwu2l5VZ4QmC06D18q4suNsZFZtYn6fXrXR3Cr2fDCP1fwrQ3tD4XbtXFKEHXkZkda2B2K7X20s5WaPDSZ8bcVRfA0rRrPtgYutPnSpVJExp1pp2ksm9ezLqkySKuv6BaGEH62s/xovJ4NJUPiwa03fIovZU/TIP21++m/tGteMDnJpDwMHvQRyYGtof/Al3FQy7nnWyN6rQsYpx3KFjOzVy3bVztoa2r7LUlAehP2zVZ7Y8CxWHtZLplRt6VbPZNiQLD9QfwFSyOWnxisdGrxSXjYTDlrzRmgx5VpHt72qfEkn6o2H4+tMfalxu5dulZ0kwKB7PdknZDGpPKnWWMUnIbFwWTM3pRTODatXTH9HFz+kp/Zaf+6a0th+yV2xeQ3UIQsJPlNdB+yWyi4q3kPX/AMpqrzxmqRKfDygrZWP6UmLC31np+Nad4zjVNnbWuqPaP7KTj7mYtEaCtGe2n2XXcDakiU2mlw45QW/eRnKJR+wmIhG8jSe/fzXJ86k7JA5Hpa48c+ddEMdthlLZF4sYxVjLUOKxANIkVjRmHsHrS+t6dgc0fYgwDR3CcR9FE0JjLJJ6VEMIwgDmaE8feNGdDZ8UAsVcOxfGl7tljWK1/wAZxCrAIqbgPFDbGYCQdOlT8BFxuynhHY77RYJQMwIkmgeFWQ5GomNqWYjEsxJMwaHs3ipB1oxxSSJNqw7iFnKxBr7B3tRQOLvsx2qNVbeIqng9S3EbNs9heLpbXUxrNVb2kceS7d8OsVXMDbLEAsVBIB1ontFwHumkHNPPevMx9FQjxGtvcvLO3j0mw/ZlcBZI/WFWT+k4mtqejf8A41WPYpZlxPUVaf6UwI7mOeb7lr1ZQpJHGnzZoLEY5VG+vSh+znH17zxaUHxXh5Jr7hPZsu321TQlsyqZa7rgknlV39j/AGiWziAYJUiDHLzrXb2nUZY0FLsP2j7ltN6jk4fUgqdM6D9pPbBbpyWhPWRrWpeLXVDKTpDDT40hwXaa6TKmCdSedAdqscx97c1OHDVzGeSzYvHe1lsqLa6+c0oucXgALWseA3SXA862Elg9Kq+GVBWaiS5xRjzoG5iJqbEWTQqLrtTLFQss2oyTE1I2N6VImGJG1D2lynWs8VoTUGgeHNrQJxZoq5xGFy8jUljBZhIpceBxNdA1m6pEmpuCuGuj1qHEYPevezCfSrU+Li44pV3DY2nJD3tPisr5R0FfcJ4hsOc0P2s/r/gKlwGEMqeVQ4CF4oy94bO/HaN6dgrWWyzdAT9lL/a01vuLbWwAxiesRRXZq6Rhbn9hv/LWsu4uFSSZHQ0/Ex1SFw7RHXs/43b175dAOXOq3x3jIZjlESSQOmu1D8Ltkh+WhikgwrAzSLhbY8pkfF2ZnGbeKQd5luyeutWHGWGjNzFVO7dlp867oQpUTs3PwwhrLZdu7O/XrWsc2VjWwexKMbDf2TVMHDWLGvM4PGnlyL3zoyy8SLPcBdJ56U84J2ebEhghiP8AGlK8McCKL4Ot21JQxO/MV2y4Te0cqmisYwlSVnYkfI1YPZ85F1T50v4ngSBJqfs05FxCOoqs46YNMK3do2N7eb5ZLWnT7q1jhbZrZ3tHU3ETyqirgG8q4sOOU47FM7V7gPEMOOW+9BtdaIp3bwTV9d4cYnSumGCcVuT8JFCe4TAiayVNqbWcESBtWGJwpUU7xyo3hEE8cvI1tVGr8z0HT51hwnD/AETr5EfZRl3hoNtepP4V9w/B5ZE7/jUcONyj5RsskmScIwuHezBOV1BM89tqs/YseATWvbHBiDua2H2QPhjpXTjxuCdkZSUmqBuIeAM7CRJ++qp2g7SDKVUbiKuPHMUMrKeprX/GeF5QTUIYtTsu/FQkt44xtyqm8SuSx9a2YvChl+Fa142kO3rXRDEoMS7MMJb1FXDhejJ6iqrwltRVvsqc600vasxtbtjdDYQE7KB94rV1q7Hu+Zmtq3MNnwxB2C6/OaomN4cFFcXD4daZTicmlI87P4gMDO8VWcVxmLskaAxVmwOACGROtC3+FKWJieZp4dHpO2c3hUIu1XGVulQuw8o+NPeF25wtz+yaixvCkCyBqBTfsdZBsPPQ088Oiolsc73NW38MQetG8Fwuuoq92uGr+rWWOwagaCK644jneZI1nxLDEMdOdWD2etqfjVk4jgFFsmKrPYR/EfU1w9JY6wSLYJ6mbo9mmPy5hy1/jSrtxgz3dsjYMft2+6p+w1kkmDprT/tZhEa0FU6gDnzE6fGvwvROOHrqT7dj2JtrEagt4MwZJJ6U04fZzI1smJGnkdwfgaJfC5TtBr0WiDNfQlhilzR48s9vkVrCXSrlWGoMfKnOKKnxx7gzfd+dOLvC0IF1txpGknoPnVfsgo+pENy6T+FTllj3jpDThSLoRpIp1wG1Fw0LawiQCCNqN4ThSGka1N5otczaGDcXwpR/R9/nUotTI55Wj15VJ2gxZgacxQq3jnU0mScXBqwpUzanYviHeYYJzBE/DSkXbdShkdQDUPs+xBzOkQdf4Ud2ivTMjSP5+2vK6PahFw7mdWTdJlI4rhS9sHmh1+FbT7KYPvcFAMkR8hoR8q1ycZIeBvp89Kt3sO46FtPbYxvualxsKzRmgYX2FCxPD8twKfqsfvqm9prRN+AOdb27V8FXR4knate9ouAeJX6tt5Rv869vFmTObJGgDgmHJUn0rsuuRuAWjmIOgXX+esV1zXyPrVkm+H/X+idvR/aa2/pND/mnFf7j/ibNcbYK2K7M/pKrPCsV/uP+Is1xmJr3uq2SXRk7/wBWX7MSfH+3XwFjwXae8gAViI28qb3/AGmYpgBn28q3T7G/ZFhMTg7d5vEXVSddj9YfPSpvax7I8Nh8O1y2ApUE1++fg5y3icbcoo5u4vx65dMuZrzD8durs5+dY38KDMVdPZl2TS+9tX2YgGr5Xjxx5Gwpy5FPsccuySGMneOdZDit4/Wb4V052L9k2GGJZXUMAJAjTeK2ph/ZrgxtZT/uioqal7WKC4tHCicSvcmf4E1gvFL66h3HozD7jXeydgMJ/wBSn/dFY4nsBhSD9Em36oo79sULUj8+cbj3ZpJJPU71C2ObYkx61tD2pdlrdvHtbQeHePWk/a3s6iFI5xSvi4qlQ0IOUbKYMc0RJjpU9ziDwFYtA2BJgegNbMwvZG1NmR7zKD8SJrYXt67A4e3aBtqBBjTpVY54vehZxcTmj9NPU1A+PJ3mrzg+yykV9xnsuq2yRuK6dS5k9RSlxU868a961lwfBy4B2Jir1b7NpA0oRyJhk0UHvDWF67Wxf/htOlV1ODzeKgeEVnkSApIr1u41Sm4x51dMR2eA5UGuBUcqMWpGc1EqxvNzqa3eJECnPEcGCPCNaM7KcHU+8OtSy5VApjqfI97DY3u2yHXN9/SmXanGE6AEDpUFrhuS4Lm8EGPKrJxq0lyCvP7K5cvEQdWdMMUtOzKf2bYAk8zW4vZz2yNlYJ51qVuHlG8q2T7P+zwuw7HwqRp1j8KfHOLVk5tqkh97UjiMXY7wJCdY1IH4Um9muDm00fH5Ve+3vbe1bwpsqJaCBFa89lGOhWVtOdcufKmjYdpmqfaL4b5I5GrF7MuOEMG3ynbl51h7QuCF7jFepobsjwd05V5nFSuB9E9TmXEqjNrdM3zx/HJew+Z7cAjfTSq/7F8OP0lSDpJj5Gl/a3jkYRUXfLB/Gs/YpiwroWMGat0dtG5H5XppxWVxj3s3NwrjhXFi1yOtMPb3whb2AvgiSEJHqBNUS1ix+mqwP5VsX2oY5f0K7ruh+6vWx5U4tHhZY+KcDcDsxbf+0fspbgcNmarRZ4c3dtodWb76g4bwRwwYCljnUVzMqaRD+gkUXhsN5U9t8NJERrR3DeHnmvOtDi1W4GkVYLLR560ZxSzkK9KdXeC/SSBvUvHsAxA02pJZ1J2PFpGs+0Ms8xTtXTuh4NalxWEYz4dfSrfw3AD9HgiW9K3hkOpR7yhNjFECKjvuOlPn4KWExtQmKwbExlrsWWPeczmu8D4VdzHajMfdAGvKjuH8IZRtWWK4aWBGXWss0e8DyRKlexcnQaU6ucUJQCnydnx3IEeMb0JgeDk6FRU8XGRlYcjiu0tXscxUOPUVe/6SbDLaJ13+4VQuxVju2g9av3thupetpBBIH4Ctkzw2diRapnPWMcNtvRXCsRkI0p1wvsy0tAmpDwlpHh2PSmeeDXMKyRFGIxMk+dU/iHBSzEzFbUHC9ZyjWocVwWNYGtD11C6sGuPM13wPDZDqZqfiHDe+uqs6E1ZbvAGJmpOD8Bud6GjRSKGTiY1swxyw7xDxXsh+jupnerHbt7elOO2mCN1ly8qjHCWEDpTY+KhW7Ey5Y3zE2NTQVlbw4GtOMdwRsoNfYbhB5074rGu0isiFqLSXj58VWh+FsOdC43swzazpSy4vH3jxyxTFPYiwl3EIjbbGr5274CthwF90iaQdg+zIS8LjtoCDV89pOLt32QW/qjUmuZcZFZOexaWWDhzNT46zM0RwHh0XE9aaf5EObeisJgcjgk7VTieIxzxySfYRw5kpK2Qdr+HjvJPSvOGaQKdcYUXiI0obCcKytBIqHBZ4QwqMuZXPni5tpmyeylonDXNfqt91a14jiiFy1duA8dCI9s6yCBHpVOxNsM/lTviMbkZZoqPMH7O6zp1+6or+EIpvwuyEPrtXl5wxPLLQXGRUveM8sNPMrWPWEf0rXSDWa3DxThasmhgnQz50gtdjUABzSas+NhRNZ4os/s6P0Jnoar2JWGnzq38My2rcDUnSkWJwgMzpXJwnEQhknJ9pTNxMXFJMFFfA07t8HhM2sHnUeC4YGnUD1rv9f4jm1oqfaZ/DS7gV2HX1qyY/g4eNdJ5VLg+z1uRB2Nc+bjcbRTHxCiNuPXywHSBSgJpT+5gweY0EdKGtYQEEjWNKnwvG48cKZs/EKTtCYpWOIHhNN+5GQt5wfjUHD0ViQdq7PZDEQ8IKOHHw/GvsWmlOxw1FOUHzqbFYdQASNjHx3j5a0nsjj7DeFQvunwKI5j7qAxzRBq0cRQNroIC6fCPnQ1zAL3bsRsAQfjUMHGQgmvfstkz62qE1wfbVl7PrpNJe8UKARry+P5UfwzF8hsNKrLpCDEWVIrvarFkOxB50Jir5e3PPnVx45gVkyvQH76M7NdnFcgMpCtopjSow41Xsh3nt0UrL4PhWsuK8PZrjQOddK8e7GXFhRbJ8wND0inXD/ZSGsyVAcyfSIqvrpy2SGjkldJHLPCuDMGmD8qt9rBkMhjTaukeFeyhQgzRJ1Pl/Gmt32U2VAO4APwPlQeTI1yLRnLuNX8Kt/QPpyI+yqRxPDExpXR3Cuw6rbIJEH5RWXaL2fW2W0EgRJ23kAH7qOGc8cXsDO5ZFyOdbmEOmnKorWCI1Ird/F+y+GUKGbxAkepqvYwYVQ41bJzAmToB8J50Zce4vkjkcWjVfEMKSpAE6UV2B4Rc7tlKkEggaVZcdxJEZSE8Pnz61cuJ9tbIRO6tQ41foBpA8zuflXPLj1N2x8WWk0zXi9nLgHuGlvGeB3I901sbF9v8AXxoEIGg69PnSO52rdiZya67bCr+yUQSlFrma/wCOcNfuiApmKrHZDgdxW1B0rbmM44DqQNYAHmB+f3ilGJxeVS4GgMNp12NcvFcZ4aLjRoZ9HIn7H4ruy2YHnXrwCSScxPy8qXcN4wS48MDz51jZ4kxZ/CSRJHn/AIV+fx9GqE9cXudnso9NUNcRj0KgZNetC5gxgLQ3DsbmOuhaeWwjl8qJ4XcbVuk/Gu/VkWzkRfGruAcVhlBIIaQYihcRg1OymnmHc3LyFgAHZQ3x0+dMO2OEWzir9pdbaMuXn4TbVvvY0mmXPUN6+25IreCOURlmjbGOZdlP4VFgcWQmZlkxIHr+VZ8O4mTMAGdNfOl8HJ9rB7IPuPOKcQZgBkHWscHfue8EHhrLEKzA9eUVFh8T4SJObYiqV3sR8fINwfEr6kssA1H3164YZ4mglvuAYMdK9w6kZS07xPInp+NGEIxdoHr2bJ8fwZrZKh5ESfU9ag4XgShDA86lxXECBIHPn5VB+mHKJEEkt0AFPdivipF2u8dIy5mny6VHxbGSAQARPwqqYPGKWBfxa6gdPwoxcVHh+owPw/nrS62nQPXUmZ46yzK0MBPTzrrSuM7vuZgxkN8IjX7Yrsyvl/WTPV4D9f6J63RGRy1X737yme2zCh+H31Ox7r7L1s/hXNrcCs5InXrXSvtmuxgL58rf/qoK5cxKGAQdCYPrXsdXLfsfOv8AUf7MTl6Xm45lXd/E2X7Ou2bYO33QMrMr5fwo72g+0Q4mz3TACdJncVrfCJCydY0FR3cAzWy4BOVo+Y0r99418zz3xE2qs9wXC7WXz++nvZ2/3J8O41HwNV/hwJB0gjSvLuMdD5xTSlKWzYkc0o8mbT4L7QrqXTcI1ywQeevL0q0P7bXI0tgEef4VoK1jnOrHT8aKwd/xAnY1J6lybKLiZ95vex7aHicgMbwaAf23vr9GI9a1N/k5rmfujsuc+kgEesmgcHiYMMNNqyc+2TC+KmMe0PE++vm8wgsaD4kwcjNuNqD4g7D0EFT5cqju4yTmI9fzpifh5crLFgr5ka+5DL8DpTTth2xuYgANEc9edVZ7rKQxEKw3OkjkRWP6SFYSJB10+340LfYDw8+VljsWlFkPImSCOYI/MUrxN4EHbzFB4jGrMAEBtj16VDi7LZCwH1sp8to++aZSl3i65MxThKb5d9RTvhxUgAkAzGu4qTheEe4VtgTlWCRzAnWhuIcNVTEy0yfhWuXebVJH2LUgwNaysW1kEQGjxdCR+dQi9JhTBAO/lQt5CpOuY8iNqGqXeHwkho3Ol1vCiTIoZcUxUjaPtqVcUcgIEkbnoelNc12i62yV8IqwVAJ6H7qM4Nwxnkqug1McuQ+2h+BTmGce8dPPpTbCcXa1dIByKwKtO0TIn4gQaVyk+bCptdoux2HEwfSsrFxVMmIoPjzMTmUyCT/Gk2K4gzQgHlW0tm8NNdo6vkO0nQcqOw3E2tiFbTYilD2LgTNGleYPDu6lhuNDWaaN4SV8yxMgbxLqTMg0uwl9lYxpUq4mAo2gQTuJoS47SfP7aQPhZLkw/O2aG5mmr4lAsLo1Va8xG5+PSa+vvADSSCJoOBSPE5I8mxmMTJKtqTt0oa1cZDIBA6iscOAx10MSBtPpQi415NsiBOhPnTxXYJLLOTtsbWeLOdZMzvzptd7TXikXHLKPqseVVdMA6MP1XAKtyIqTtFjfpco1jnG9bRvsDwsu8b464jGVAC9KFfC6BgIU0oxVxhEbeXTrRNm5cIRS5y6wOVBwYuthbsV1AkGp/wBIOTQTz9K8s3SzBSRABH5TSrFXGDGOQOnlSpG1MJfFNmHTrTh8auRpOsfPSkOHZsuo0bY9D/HaveHqX0MAGRJ2ET8qyMpsww10nUgD8aZ8JxsPqFg/KgsTahDAnX3uVfKVFuDMk6EcvUb/ACo8wKTCeIOQTAEH5Co8OZAGk1HewL92CrA6fVMkRyI3kedBWrDAKRvy9eYrNmsb47DlAvU/KmWH4UMsk5TuPPzpRjsbotphJmQw0OU7g/h01qz4qznsu+YDulGWdM42OXqwMAjznkaDdBSK6mIgkMdDsamwODDZvEBAn1/jQOGwJZc5Oh28iKd9jrlpC3fjNbdWUMN0Ye646idCOhkbUNQFuxH+lFWg6zzqfjBYRE7TBozE8JTdSSQJc7gKTofj99edqMWtwoXJUJbCMYjUDT1kfbWTTCQcJxTSCo3E+vUUNxTFNn8Og6VL2etZQxLajUDqp2jXcc/WolcNJgxOViNY/wAftoat6Fbojxt1mAiNN4ojCXDIDR/CgFdbZzHXUiDvHWmWDuhpECSJUk6DnB6UbMnZlxrDlIX9bag8JcZdQvhGjGib2MDXlObvoX3QDBge6NJ22Mcq+wl1WyrquYMzKRymAR1EwPiKaxj7H3SoVlGh2G585ipsVaLhTBB58tKGNwquWNASZjUz0NGY/tAC6eEr3aoHkEHNEmB0IoSTAtxfZtnMVLHTrsJovilsoCpjTdhtrROHvLda7cgourZSACQNoH2xQffNcQqpXL05joSfhGlKpd4ECX7ZSBvImfWpMMWCxvOoAphiYDqhie7tknzYbeukR5VEmJWdD49gmuq6yQdjDaRvWcwOyLC2jlJ0BUE/Ll61BdaRm58xtUV3FHvvAuYZkUgmFJKgsCeUE77VYsVwLNhu+tgF1bxoDJCTGYdVU7sNNRRTGSbFGGtMRMaDQ+VF3+GzbDFgdduY8zSq4zI0CfFGhkRpuRuY+2n/AGaxaPZdbqnNZLspU5We2wCugMGTbOW6q8wLijelUjUKcBwx2DlQWFsSxHIdfSor13XfSN5mPXzqzdl7VxA1yyG8Cw66kMjaMraaqeRI5qdDNAcGNoOS6EWW1uKIzKJkMk6EgajkwprvcOkEwVgswiBBAPnUT4UC8yyDlJ1Gxg8vKn93grW7tywSGuoMyBR/WqRmRk65lIOUazI5UjwOAusovZGC22+kKiSuYwrMN8syPXQ0N+Rt+RNetnvEBBAaCs9DQWOshiWQ+EMVI5mNj6GrFx3CvctLeKki2wSUHuqRrmjaXAnN18qi4XgALN64o1ypA6EuFfT0I+dOscg6bFuBtd5bYx47WjDXxWyYDeqHQnoR0oW1h1EHZZEn79OcfhVm4Ge6IuukBhlyx7wPhMg6QdtdKR8Ut5XZd7feZVeNPEZSZ2OU/ORrSSi1ubQ+ZgcA6vp4h4WB3BESPsNG9tMbbJV7aBZVQ6A7MohvSTB1r5OJKgTwQQGS4h2LA6MDyGokeQI5irnxzsouMspil+jZCLd8xIZRpbxBUanwwrx0nkZ0IOd0NGF3RRuzHaBkuKAoYDdW1Vl2KkHcMNKadr+ApbbwT3N5Bcsk75WOtsnrbaVY7kZetP8Asn7Ou8w9/LLXQv0bgkKLizNv9V1cahgdCBtVx7L9ku/4fYt3dLiXL2QcwuYqwB8jB+Aq0MMnHb4SkcUmjS3BeLqjD6MMF948gByrzFJNt2Ays92V8lk6fIgfCnA7IXbZuloCW27tzyIObx/2fDM+YAkmrh2N7MNdi5lTuwAUzAmdQsED3SZmRtHOprHOXIRY5PYofFODMLasScpHiPQ8vnSXEuYyrIA3jat2drvZ9dJ77D+NGAFyw0iCNPI76z5UZ2F7HIUdHRRcQgEx70EMCZ5HqOWlPDhZ3VDPh5XRpfsnY7xzbYwLg0P1RpMn0NWHj/Z3u1RghUqB3i7jNydT9ZHE69avlnsX3OKuEKO6YuygCTlaPCvQgtl+XXS88G7Np3KgyRqNd0192OUHcbc6tDhZSTT2HhgfJnNp4S7obgUlZgNyUk6T0FNOzHBxLLeDZbgyh/qzOhjkQQCrfPQmtp4Tg6rjrtlQBb/Rw95BqGuXGK21AOgJVHuGP2at+F4AoOwhdpjbTf4UcfCjR4fc5z4z2WuS7MCe7ZQ2XoR4XAH1SI1G0jzqyP2Va/YwwAiC63BEaHKyseuxArYXBsSl3GFUZXtLbLBrRDo6k2+7BKzIt5riaEiNOVXDGC0qsyQ3cqWdUgkeHOAROhI1AMUcOGLt37wYcOrNTcf9llsILocqltZfN0B3A3mNANyY5miMB2EtCyUClL7mzFt4L2zcaVLgaSbauSATEEHarriMYl/FrZOqWba4hxye4cvcqTsRbDC6R+sU6VHjbw/yjnEsbGFTvAJ+vccBgPrOiMxjeGI3NO4wW676H8FH9xJgvZ9ZXUqGA68/hR3DeD2sxtqv9WFYiNg+aBPXwnTpFR//ABIlw5EcMTmKlGB7wIfF3ce8ROoG3rSPs52rtd5c8cd5dhJ8OdUAtoLcwXiCxjbOJ1MV0LJjTSVFKiuRdf0QDePLyr61hxqBt1++q1i8fkF5nu5wvfXgEIJVF0VHA5SQq9fhNUde3l4Z7hjJdVVtQNFya3FnlczSSDEyOlLLi4R5hlkjE2hxnjKWgSRMbxy6n5Ut4p2ptZRBBBEwDrBMT6zWjOL+0Fme9m1QquRR+sVYAn4qdNpiaTcG4g9xXZ2IkSmup3GQAcyfET+U1CXHfkkpcSlyNsX/AGj2shRQWbOVBJgAA7z6aevpVax3tPfOy6gBVCnfaSSJ01JETyArV+K4pAygEK5EEiJA947aAmQOu/SpOIX9SygstsLnIiASoInYmBrpMSOtQlxE2c8uIb5D7iXGGZgzMz5gTvqCTUXBccVtYiZINuSN5EjTy11nyofgFwFC7TrJSF1BJIEjoefSoMYGQ3FVjByAr+tngqPtGnkelc+rcjqfNizFuWmdSFBHQc9fTpRPBsdC66z9tfYa5LKrDJMAsdFUExLdBvqYE869w3BLjle7ZcguFc42VtCCTuRqNQIBnoaLQm4RYcP/AFkeXl8a8HEFUhQFIViQcupG0k9DGx6VhewN5gr920Fyp8OhcGMummaQQFFLsXcXKbYDC6RKaSCeaMNCDrEjUc6CGsbcQYQDl0ZiZjQdQPPUaVhjCCjKBo8A+oIP4RRn/wAShrNnCFDIfvZiGBZCuU9YLEH+zrQmJup4lOigRnGozAxIG5Ck6+ho3ZmYcQ4bB195Qp05AiRPn5edL7eNAzKJzEEE/gPOieL4jKBJ8QUK2U/1gA8Dr1BBifLypdwm0Sj3My5kIi2Z7xs0y6CIOXSRMwZgxQVtWAY8GBKkEEsFjUdTy84mmKYlUUNplaVJAMbeBo66sOkgGo8FbNyyLgYz3jMcvhzZRlQDYwH1I+fOTOE3FuBkyyLiHw6yjDNqAOa6tHlGxipSk7r3wiQ4oaMpkZtTEbHQUbx7HZmJ3zhRIJ90ACT5kaUpvXVtXmRCWt6AkjTOijOJ26j4DpXli0AyEEsjBvLRhOXzYQTI5a86paTpgvegjj6wyhDMgwOmx19Jqfs+uRmzAEqGBB2mDr8D91KOJW8zBpK/VSPXT7iT8Klu3yklwcswT1nb7qfHvsYY38ZcsuZBy5oBj3pEr8xr86iwhVWzkAyfvnYdBWHFL5vIh958zZLQ94hQEVj0UKsszQBJ12FecLz3EYZlzi08wCsZdv7QUqWLQN45gU0kMTY9AzDIYB110g8xry86LwRZh3QKkXIILQBmUEgg+mx86T3cMMoJ8IAEayH6sTyHPoaM4fcz+EeEpJQzK5lMrqOo5jYelSlszH17hYL6kosQVbdXHI+poG/wa4RLzElVMHKSoBy+RgzG/OjcXcDNLZoPheYHjJEEzsc0gehPKrL/APEQ/wAmugBL/pFpUYAH6S0S7meTXLJWYEkyKbGnW4yimIuBIncvsHFxEA2Jk6kekfKaW4K0zMyxMZiAOYBOaPIQa84sGFo3jo1xs0DQCJURyJXXMepI2pfisQSsAFTkyoxkEBVLc4yggsdZYzsBBp5K2I+4s3bPhaW8VcS0ZsKwNskzmRkW4pJ5zm08gK64rjrH4hgjMFhLYt22LLKiFRMw/WEACFB39a7Fr5b1lKng/X+ie90P7vyfvKh7ZMKXwF9QCTFswP2bqMfkATXNPAMTaDFbgOUz8GG3wO3yrp/2n3iuEukEqR3eo/1qT8xpr1rmri3Z64t50ZCt4SVttoXO5Ucs8QyifF9WdAfW6uf8Pn+kf7MTk6Z/tl8H72H9ncbaF1Q8dw5yM3NQ0DN5FDDegI51P2gwjYW9ctSLiEjKw2K7j7NaQ2OC95hu8N5ULXAi2yIZpBlv7IIyz5NMRFDY/EultFYMWAIGbUFZgAeh21r96eW+R9jcXlc5Toem1fY6wTEHU7a/z8qMxuH7uxoA4OVp2ZCdCrA+fMfjSvhmjZtzuBzI55esdKdraxBpgOAlLXfMSVn4AxMHoY1/wrPDNbNwK2iuCAdspI8DT0kQQetCY7EFtRKrdidfAw1B020M+YMisMMMwJUybe46gn8/vqep2NdFg4TjFtKVRW7xgykjUEeXPlt8aXYnDHSAZkaeon7qF4fiZCsNCGknkN/yNM+I3GYgJJNwjKdoZdV13BOo+IrST7TNg9+wptE5vFnyheYED+PyrNsMrKNfIgURxDCtlTwD6UEgyMwYEhlI6gg/COtL+HE5jE5h72nIbsfTmeQrb0BjvG41Hwq2HMtZkWz9YoTIUnc5DIH7JA5UisYAZSxksOU+7v8AOQR6V6XAMXJGbZgNuh8xtR1nAuLZJPuuQx5g7gDyP51tVIzdjvstwG3fwl12YBsOQD1ykEg9eoHmpFGcXtW2w9tLKZnfJmI2NzRDlPMMYI6THKqhgy4DEQqXvDJMZoO3lrz23r3AcTcJ3CvJDM6pGqSdTPLxTpPmKVtj2izYY5FILC1cRQApEFoJkT+summ5E9Kr64LM4ZmOp1M7zQfEeLs5Yuwc5gSW3JB39SNDRPZvh7ut27/0dsqrTzknIyjnl2bnlbyoOVC2Z4nh6q7LDDL1BmanwyplKRDNBU8mBHLowO4oXjnHPplUNIyggzMAQArHQmPd+FYY8KbaHTKwYowMHMrQV6yCdV8pHKjvQCxcI7FsVNw5QFDBlLCREQ0HqCGHIqT00GuYEHwqBLTpzMDcfDX50Ld4itzDZSHa6ggtI90fVPMlTJB18LDYg0B2aa6R3urFYIEjMByYHmZH8zWjGQzSHfEcFFtfCRcWHEcwDKsOhBEfKosURdzOYDEQygaa65h0BPLlUd/tP3uTSLigAMDGUzpPLKRuDSm5xG5ads6wwJkHSROvlBGxGm1ZJsFDLG8PUWrZR5bMyugkZdTBnaCIII8wdqD4hw0gF4GZTLRsRyPkevz50IOJlGgSR78ETImQQ3Qg6+XpR+Fe4txQTAvhZIhhlklgqnQsACI/GK0rMxrhcCb9hWzZSxJyRrE7n1HiHVdRQdp0tl7StpzncGOXlUP+Vu6buzdLWkLpbLKfCuY6gqC2VSYykGJ0gUtxVkoucQyTIcGQx8mEjUaj09a1mCDd001GaPWiOJplgDpM+fnSjChriBUiSZblEkQ3oNVb9XQ7VYuD4trF2Xtl7YBS6jasBIk+TKYI5HUfWrPbmYxwvBWey9zMPDEjScpGh+YYeo86dHh6PatNAyqVW6V1yzqrkb5XX5MGHSQMSvdXrndgG0VCXApJQW7iq6OJ+qQVcD6pDCoeBcV/R75W4s2SO7ugHUWyYJHIlSAwB5jzoOxq3HnaY25N0DMG0BUAZWB8Wg09fgedL+JXbd+8M0AMyqAoknc+EabAE/AigeIuyl0Q57JbMrZTBy7uARJDJqREwoPKvLOGOa04yC0XhX18FyBBkGQJKmd8rSDSXQGCdocSbOIy72wOUnefEByNTopFxboTOh2MaNzKz6fGisdh7b5yzGdFM6924JjM3NH2D6anWOSTg/FXBeyDFoauCOcSG11AWdxuD0oxlatGQztcQUtkKhVLH1UHlOxFLr18W3ZlHeW1aCdQBPnyOhgxrFWfBcKW7h3ayuZ1RS9tZdi0gBl2ZrbEA9bZLiYg1WezgIa5bdQO8WNdAriGWZ00YRIP6wI0p1JVYN7C7OPsESVcudJmI6H9qOlDXb7d4qmZMyQJaNTI6+h3FWW32dZh3BCrfHiTP4WbrakHK+niR+YlZOlV3i+Gu2znzILlnxZHkNdAMMigg+IjQbeRpPgCEcCdbjovhAOYROUXAupCZtrsai2TOkiRtJCoUIeR3hkHSRtqPU6+hHKpeI2Lb4dbmZHS+AyKislxWQsQ0rIDqBqSFJ1gypkJcCcq3HWVzAMCSBnKyrAqdC66yNJXUaGVdUZqjLiGJFtmUDwMIyk7NuSp2n9k7jagcfHgGsRIcDMGG7RHNNSU97L4gCJi/wCN7KW2sm9duC0BbBQEA95dMEo23g2ho0LETpBpfZ3COFxeHMo8Zu7I0DWiXU22kmCMwV18QKkfW1O6V2bSFYXhxCtlOi5XDqQdD9Ya6iJ+Uc6e9iLP6RYvozoGAa5aQnx95aWbgA/VuW5H9q2vnSfsVjCZBhrbYZrh20uJdVCSANCUcSNiYMCheF4vusUTbl0VytydO7VhJLiPcZZZXGhggHMCKMd+YUkgi2lvwMqs5CRdJkjxSFcfqx+qfdII1Bqbg9yVa2XkDPcRSNCCxQ5fMQGPx6UJ2iPdhGw7nO7N4J17kKc9xhsLYYAC6+VTLQGg0qwxuBk8Y70McgzKqAGDmBjK6OSU1hSJI01C79oEZjGkpcTIcgGcvqWWNG25a6/OpOFtNi6SwC2nXKpBzdCDpBRhGs9elR8exZWHCd3nU5g+oSQVcTIzESQNdRrqDR3AkVLVi5cR+6vKEuwJI0ZBdG+Zc6yNJkMh8ykDmY/5ay3ItPmt3rfduuhZRGdVboyuqw31l20kUlv4p2BDjfL8C20ecAxB1rDBCfpBlAVhazgZUzxNsOD7ucgOjSMpJRgJU0yxa3HIZFyyBcIIlkB/rITcupEaDwgzrWZnuH8EYBh3rd0jKV8QBJBEqynfRgoOxgtE0PcgZgoMeEscwHxgmTAOvLn1pWOI5TKmXW4BbEeNkOonkSTmGYLuNdanw9m94LrMmxYqw8JUGFW7mABYkkHKoOmmsEBxbexkr2Jb1gXLmWRDKII5OoJUmDtcUFZPMLT9sIrK1oOodghtNMB2jx2iPq5CR4439RQNrieUOLSC7buNBtg/TLc2t5GGrCTCsQQFBBOhAWjFC9eCXDbh2XxWz3Ytuy5SyMQsge6wUkuJlTAIbkgqkMuCYJbWJQFs1wOqvAkIwghiVmFb3SDrvE014X2bu+C9dIJACBVEAKOZIiTmAkQBUXCUuITZn3GUXUQBB4GLI7KAZuAwTczQwO2U1st1DxAIVjqeasYI0EgDfnqJjUUuvfceOFz3K9h8CjIDEBtTOwbnHQHcfwpN2vwhe53uVWCraB2AfuwQCwmSCNCRyq9YbhsShHPTyP5VDxHhAANt5GxlRJ1EwAdGkbeenOqRbGljpGpuM4+LrlbcIYBALFRIBKswgHcFQuvLUNRHZvHhLtsMqhZXxE+AoSJZRO22+s7xUV6x/WIWyJBJnwqJIhU3CO4HhOoUjptuLsb2TwOJwztatwl1e7vjMWv4W4gg5S05lPvMoAzHxBTJVbRwa+TBHG58jUfGeJqMQc9sZpdGjwyoYgmNdW0KMNj60uZ7YLWywdxeZlZBstyCO8M5UAYlSJDTsGGlbA9qfZtrNvDm3YS+n9ZdxQBK35TuQjsoZkUoM7SQMxBB8JmPsf2awyWHv4hkW0oPdZGAYJcgGEjO10PICMhD6xBy1vANOjLG70mur9tla4MhjMGlAWKnKoPhA1tkqWzgkZdeWtp7PcNuOwCjKt3Nbt3Xci2gz+Lu2HhPjOUgkjK2lOcH7Pb6XvDeAw9tbdxMTMKtowCbe7FoWe7OzAb6Sf2gxeGxdyxhCt21aVu7sWxaGdiTLs9skFSWi4xCSiwdjTetae//APQwxvtE3E+yN60pxDklrRNnEJlYlCNbboRGYXEBTTQORuDTD2f9kvo7WKwl3vmF3L3V4BfGZJtyWGYsszA2MwYIrY+FwF1LXd3JuMbTWkvq0piLaDNaa66iEvKRkzGcyyecD3sth1dcVYUdzcY5WygDJiGtEnunyoCUtnIWKqZjU6Vf1rFF44FZXrPFrmHufo2Hs+6Ve/cyx3g1ISGGdbAEW+9yw0lgRrOseJcRttfvLkyW2NwADQosH3mmFKMMxIkKJABDCN18C7N3ku3WOHVZK/o03lzKVGUHOMzKpUQyAlXJOgOpVdtvZjbu3xcVLil2HelO7CKG98BQyMx2Hi0gnRoillgbV/J3Gnjb5EXazhTDFcPuKuZe5s2y6FWGdAzQw1MZYKkb/CgMd2bzYVu5ZgbVwXLhUALiynvKpJ1W3dAJEhOfKa2unBFtIBYyApaCZDOQgbEqASMzQGcgkDXrUvCuGZki4qIz2jbNpGLWwpBEI0AgAEjSAZ20rqWBcu8t4HtNe9lOHiyl+8Ldwh0LXbTQ6lnuSQoVYdfFJMMRrB515xXscEw9xbAK3bwDCwzqTZ7w6Sxhu7kHdSw2gxWz2weRlCrsAkj9X0nUeo061HcwYNwNBG+b6qsCsHvIJDmNFnUctqfwS5DLEkjVPEuyGZEN9nGX6NlgLnuqJDTposuSBo0DmKWWOFKxuWQFa3aC23PO69yXIH+qXKwaJDkchFbZ7W3rdlDdYZgFAVdNXmLVsDmWLZROupMgTWvr3C/0e5hHLBmvG5bxDAg5r14m6D0Ci4BbXyAFcuaCj2fCLKCRUcL2DZnSGFxwVDh9Fye6M0xmMa6EFogcp2f2Ktd0pslmUE93k3VDyKFwGUBvqHMvMHXWvdrL95BNpdVbNcUjW6u2Qc9NxyJgVjgsbeugYiw+dPCLmHeAlwK2YwwGa1cUkiZOmjabCKjB7IChGL2Lh2KxFu5aR7coBduQq6IBbaHMREGZgieU6VY8AVhCSRGaNP1p1Pz+daj9j/aQLat23lRdxGKyvIKi4zBlsEcncA5SdCVIE1s+5dLHJvKmcrAOsGJJnKsGN9eo1rowZIyWxSEk0YvwRASInMZMe70Ak6MBO3woBgtlXb+sW0ZuC2GL2iyyfDJLKFIaF8SjYGikxd0qothGKSLq5u7ZpMq1piptlTr4Tl1kZtKSYHipbGYi0C1o4izaKi8pBW6neW3XRhOe3lKujEGDBkRS5JxSVbDOkWfDcWtC1bdXDWnyqjqZDs+igHbxHSTEc9aF4t2gspbuuzHLhlzXGUHwtBPdDabo0BXkWAMEwNL8Q43etK/D2yKxZrd10DElLWV/0pUgL3pt5fErCbhBZSRUzs+NvHCd1bTumt5WXwlbdpWLoW1N1b10W7qswbw3Z1OtRlxTjt28vKSeatjd/wCkBgbogg20aZGixmnSRqdIBiRUXFONIgbMTbAtm453I7sS2nUqAfgehqmPi0wmHGFNyVsKLl586hrS3LmgtiIZbLsIDgSug1g1rX2i9tXxFhsGVRLpOUOLmbvVBHeWwSqlTfXKbe4b6S3IYAGs+JSVdo0sqity0dk+1JC4rEYhVtXmb9JDXG1CNbDYdVC6mLQtplmM5adWihO3XtZLYVxbT6a8mRTbfwWnvEIi5j/WXVLFmFuUT3S8g1r3A4u1iMK4u3Ge+Tby2bYyPHhVrzkiHKovgtrJBzHLqCAu0PHO/dMn9XZzXGYQO8uwbdt+Z8CBhlI3UmNa5YZqRzeHpGy+E2DgcQiSMpw1nD2e6zd27WUZmt3SstLArczqcpVxpOgkxXtStquKy2u7u3WC+IgouW0LZZxoZXQCB4tjrWru1HGLy3O/ukAC2tvDPZ8CtbBNsosaBpaJMXFHhIUZYrFjGsZVRBLZtFLkAgRaU5svItBViSI30qVyly2E8NW0TdnY32hYa1askOTcCYi3dLA3GdyUAYINXX6MImwga5RJqm4ntVq5wrX7SBWfE3HcG4EvuALVsgmbkBEUgErLkaqCaBg8Cyt4C/eFFYWi0s/eOZLBQBlEhjbOaSSSOVNXw3dW8jo9stDW4yBjcBM3JClbiqwg2kYFdBIiDsi2ruFlldUXXFdqbpQYcJaWyltLtqDk7sL4HIcwy5XyqVXKxkqZzUjwfFjaZke5mULb1AYt3YM5DANxFRjnKIyqRr4oNJOEx3atculke69u4xUn9HuASjMD4jbdRLgDxKIjMixLxTB3C91CrWioRNmlZUBeUhHBGX9YMDPKudW3uS1se4jjKrZJXMFZ9LviBuJn8RujnmJVlJ2BUaRFC2+NtlcLmNpjcusGPvvkZQba7z7s8xvzNRYEq2FhdR3mKQyIygYe1ctBhJjKUOx94etK+H3TBzHJbjKGChXJYQSu5ygcpkjSddDOF7hbb5j/AIa+Gunvir2rYNkYgHK4tuMys6iQcjNMLBIZgAIK0Ebk5cpKq5yxmGZQSpUvA2IRjl5xGsGgbbi3dvI3unJ4tWBcgBGAYkkuCG0JiJEQK9scU17tCSmdbpOxLIYQECMxyFxB0WNINLKLS1IVsc8cZTbQkd4GVmGWGAKtlnTVVbMkhhMmdIMpuF8Od86rufpCkeG6ujMqMdTkfQqYzLB2Uis+D2nt3Htju1uBZWSzJdUOjBif1WAIDaFDMga0w4ddiGQlpNwEKykAWtQAQIzkCRMZgJMSJMk0tgmHDMSxBIcBYAe2wgqw0kAgAbnMJ219A8LjU73OsDx6ifdyjKxWdzpvMxPWsuLoXQvZe0wuEQjPDsUAIKMQqSrE5VLhoJHiEUHxFM6eOdEzXdFlCIGZk8FzMxGUwTOVoDAg0mnUvhA1Y0tX0S4GKrNzMr+OQ8E+MT/V5lYEwCpJDbipreMOGJQOtwFmGQhhnM6hgBmEj6ySIJPnVc4E4ZWtsFklshAISEWCLRMkZoZoMT5nSnl8KGFxmKZGkPZPjZd1ALaI4OXxLOpMggmjC9WkystmM7TJ3Ye07gs1u4rOB3dprK3BcLztdjK6wCLjAtoCapPF74BNwObshbhdkKG2WMsrHd2LGSRJPwNNOFqrWbofMpuXbasHIm3nNxbbkiACrm3OgnXQBooLjOIuqEW65+iJS24Ei0VE7BRmssDm8MurEkSZVhe+4ZNsHxKXc15WgXMouWWUg50ZkdmTU+9GYGebAammeH7RfpTRdYohdXAQK5OICZRcdgo8LSZtqZZiTrFIsYArKtxyCbR7qPHmVnnw5Zz22aSdV95gCCKAe6SQEu5SBPcz3bBlMFJhbZMgRcJJZehEV0Qi2ZMt3HcR40tC1pKzc00lTmQQCsMSrrOsTBg6YdtMUndWe4a33JUG62ue3ibBK3FZ1klGDZ1aCArsIaKS8OxDOot3My3BpbZw3iEw9p9n2JNptSXzJ9cAA4/hZs4juriL7hLqjMM9oZXXLOj94sXU9coiSKzjQbrc2FwHHC/kspNnFAs9tCFRLogSLZACOLmXdQAGHiC5pCt+LFMXcxCo9tl7vOh0yYgW3N3KCOTqCVIE6qRqKaduMGp4fhLiAFlu3RaK3DmQfRMrBwJD5V91gIzanY0kxnH7l1xiLgDO1tbV4EKqXjaHhbOJy3mtkDPqCyQdF1jk94ZrYm7T37a337s5bDnMyEBwCRna2VJAbVsyOSs22WNQaV8V1W3cRlR1VyA0ES6lAozDUwdA0kaAE6V52k7thauIDcH9XdmFPg1sm5yS5bBK5icrAMB9WvcGzQbbtIYlVUKkBrmWVzOua4QFBABXXUAgzQhTVsm3uQ8TEIrKBkvIrod/Jxr7pRwUKnUaciKw4iubKmp8KLtJzqhz5RvPjZSRPLnR/ZDjF3CXAERJtTKspdLltxNxchGpbKRBKlZWTKalcX7WYfEXAbWHOHe2zd53NwXLcZW/qAF3LalNVM8jXQ5LTaGilV2LuzlqRdKZke2FJckTdL3BbCGfchGLZeQUdah4Vims3Fd7YYJcKspJ8WePe1ylbmqgiAGcHWasGIsyttZE3M1wvsDbtI6WmZeRDsVI11TeYqqcQzqLdwmSwuWrlpPpA3csLalgD4CyEAyBqkjlQdvdGkq5Fi4TiUtXQe7FzDHvCbThc9u2pOrfqsqkGAYPi5jQexwgHEjuzCd4z21BkXFKpkyMBkJugEgSpJ8MSxAEwOHNxnVWJJRyF0OcIhcLEe8WVl0nK2ZpGoorsnx5bdhrd51suFN208hQGUhjZcCXAvKAV0OS6Br9I1aMG42GKvYx4ixdi1kS1xdVYCGYTbMgjcCfiDzNVvh9q4SMhIzOMoMQLiDK111IIUhGICxoGUHY0VxLtFauAFSz3Fdr7BFKooOriTyFwhiFlYJOgBUT8MsXWRSuZni5eGWfGZZrrDJLu6ASbaiQgPnTxc1V9vI3JkOMtqe8aUFu0JSySQHDEKXRSTGYkMlqTEzrsFWNtNbH9YfEHIthhIUAADxEsV197mFaNBNOWS0MMWtqGu3LhtzuyQuY3VykDWQV0Ygsw5zVdSyBcLsqysqjMZGb+rtztIy5nIYfW1jKKoo9oWi1YmwbjoAfCI7sclgKMwUkDxHUnQRpyArsyuOeB2m7y62YMpzC0uxU5odCYYjxZFU6iCNN67Gr5L1kyt4P1/ons9Cvefk/eVv2mWkbCXBdYrbJtB2UAkL3qZoB94xplGp2AJIFaN7VcZtFYtn9J/Rilk3GBVr2FaApk657JIC3P1WWfdrbvt6Vf8m4nMJWLcjWf663BEQcwMEEbEA8q567IYggXRlRne2QBeXS4sQGJmUurEFgYcMCRvXrdXjro+b/AOR/sxI9MP8ArUve/iYdprUzLEgSwYEEFoHeZh9V2GS4R+tLa5qXBbl4W8rQs5FXWEIEmSeZ1J5bfBrg8Vh8rA98t1xbzOqi5alVDWwyAhszBmQkagHWQdM8H2fu5iltig7uLarBzjKzuxuQQrMxdZAmQFJE1+/i0eN7wLxl8tm2LhYXGP0doA+7+uzaTmI0G1KrdxrrKSAD4QFXbSASDuDGuvORV14z2UtW/wBDCKO9fDo924HNxbrMGM59SGPhAGkT01pF2YxFvD4mbim8Mt0BLa+MOyMobLPKQxjTcjURVG1Wwe2iXFWFtkW2JFq8C6qDOW9sxSR4c5yvlMAy46Uv7L4JmdkyPDZhJXKNFJ5w0yOXWhuFYhXuozMzqMqyxPhLnIBscwObWY8OvKmqLkci2bhVAzhMxN22V/rLWurgEEr1AMHWKmtuYK7SLE4/Ol8DKj5rEBfCv10YgTHiLLIHPltX3Zy25uC20q4BKEb50GYDSIJ5HQjfyoDhlg5lulQA6aKSACTcWC28HwmCRrymneN4l3eKzuCrIQSDBkgQC0aGQYEHxAig7fIK3MLd+/fuXO8lVt5nu3nGQWWiQSYALs0Du4kydt6m7YW0VLBU927L9J45VmMgsDEqHGuU9T6U+uYkYt7NnKf0S/lQ3In6R57u6z6f1VxRbCN9QEayDVd7ScNZ8Q9q4Ia2It2wZ7w2wLd0WmOhuLAbu2iYO25MVtZnaJsL9KiWb0PbsWQqlCucrMAjncykweqzrIpfxviKhDBuMxZI8UghNZM6HKJHUzBqXs7ddL6W0tNcaGVSpytkBzucjCQPFB3IKZdCKn4pdt3GMQBs15RCq3O0w0YEDQuQGAg6rrQSM32huK4haFjJezDJaU2Supa4XzgFNyLwLJp7jAcjNV21iHDXHC5HL5yB9UZpCzzjY9dagucFcuiOZClYLEwE3gEc2Ggggb6macYx7jBmVO7uEqy5EzI7g7lW0BePEBMNJjo7pIHMTdpOIWxdUJkIcK9zeEV9lOv9YTMcgoBI1qy8Nuq9lrQfLIOUhtmAlQ45gw3jGxIB0IITcK4CyG4xWHsuzXVIOdSY8agDKVUZToXBQggLqRfewHGcPatuzYN7l5RcDYmw2a2FuSMzWyRkKrIICSI5E1OTi9ho77FV4Z2Wd7WIxJytew7YVRa8JRw4YlmM65iOR1166J04PcuI4JKsD3osAZQeTm3JJJACyAdQJ3XW/YfAXGt4lcH3bLeAFxXYFT3T50e04Phzyy5XXQtlOWAaz7IcH8CXcSvhHhsJM3HuoYuAFSO8srEEkiWMAmtr2BW+3cU/s3w9/CylgMyq2v8AVuR4TdAJyqdgx0IJnmKyOLYF3CnLGS/ZiCOl20Y68tR18m9lms3WvT4m/rFyEAgashIAOWJgXAGUkatU2CwT3rofDr3qKWz2NO/WVDQokB0VWDLAk+6RAmspARWb2FIUdywJU6ggq09GVoIPVTHUSNaa2sNdde6NgXnu5RbhgLyFTl+jYt/VwYdWEDQ6b0ZxThT96gtoz+ML3ZVwxDAwwadUXeTlKMGVhTXiHHUw5Fu29t8R/V3CCHNoEeNEgQCxEM0mIIGs0XOhkUDjOGvW0nTIQ5tMCGEIWDhW6o4YFTtB02me9irb2EtsAt8KviOi3AVUlui3F31yhiZmRFPcB2XGJtP+j3ibNi2b5R9MtxhkulREkhFRWJJGreImlGDsZijQJtpaZSqAlIAhoJ8YZgCwYZQTuCdU12xd+QLxrD+DMGGdVRXAIkqWMZujDLBMzAWpbWKthGTu3FrwE5HJZZU97ofCSbmR9TC52ggHSy+0XEC9aXF4V0tWLjhcYgBC2MSpLEt4SyW75ykXNFIgmDVR4Iz2CoyhWuKXZ3cHvQYWDbDFO6ElQf1TM1TSkHdOhv2NwiXLwtG4LeUK5uL4gE1DSpILFGABymYzGGBirR2fwd62L2JsZGS01wq9wH9HvW9cwKHKStwDwqPFIBEaUv8AZxwG1i78gBLNkeO2RE38+bW7JzW8oLkhtFGXTNJE7bdojimR1zpbtXMttRoFDKSjlB+vlJY+HRSmgAqs8dQ1S7eQ+yVkPGsQ97DnFWwLRZUt3LKglAJYWismfECVCtHQExWC422sd6s22RbmYDxKlwgNdC+8DbuSxX9UNSzh/F0Z7TXSjhWkI58F5pYm3cQZWCqCMt4aK5RiGgw54RxXD3WW3jLMK9o3bDsWW4qlyPDl8Lj65zgg7xBNcvYLzF/G8ZFzK94SrKFuI8ppsrQBlGvvx4ZGbQZhnhcRdzG3lNvNo1p1BVrqywKRKyVOcBT40uXAsgCgu0thbYvoAWdbiiyygt4xBB0JCi7bIAIzA6QVJC0+4ZxRP0W5Zu2Hvd2c1gF1t3rUNr3NxVJFtCQ6qQ0E6AaikjXNmV9uwq4RijcU2ggF20r94JJW5b0ZDO5R0JUN7wYLucsucbxFWs4ZgFL4f6PvWGbPaQq1pLqjR2tCbZmM6FSImlGFxLd9ZdGRXNnx3CuRb1i7rLhgVS/buCCmXKXGZZVhDnjNkIvegh1yi1i7VrRYY+C8qlSiXB/ZClwQTDRTaVFm5Kwnhj3O/a/hVXOga+LQlO9w2cq621jK9sTqo8VvQ7jV9x61hinfJZU27rO7Mul9bzKT3bZnymLnvW3E5QTbYiAKv2AwVxlRhiVw1yzdzYbvk98eI3JKQE1iRBDKSDoZpxx7hly/iHXCpaL/AETYq0l1e4LltGsXHWNTr3bDMhkSRs0Ip7IdLYIs8Wt3bEXIDhAlpsxV7bjMIt/suNMhjxQdDVOY3MG5W+wu2iFe2yqGBBMLdtMxEMTOe02jEHVWh6iwN42TdtOmdxIZWeCrgwow6PretNp3iMYMBrbIVk+4ngwuLYu94BauXP8ApGlrDxItXFY5itvxXA50uBl1ljM1FxlTEbBMBj1Nx7Z0S4xuIsyFvELqQPcW8QBlklGiTq1W3ht4sGw728oaAfEwYXrVzOotrl8IBLBlMnxOugYVXu0eDV0+hL91ZLd4oUd8GP8A0jEyHtP7xKggzqAFBWwXeLXR3BNxclhj3hAJfvrtkfo925HiZSuZAw2uKwmWBOnBpmTDOB9pLWJR8JigFs3rr2LV1pPcXWACFXiBbdt1fKAxG2tBdpcVf7+1auoi3cMQjsqlXhgAWLElWAIDEAAkDPB1qLt925w2Lw+W5hW/SCpi7bIshmBGt4OPGjgBwcpuAqBA0Ym9p7bYvh1rHoc2KwX+b4pgrAXbcDJdOYKWCrCsx3lyNq6o8PHLGoveu0s46ltzX/j6hZwDjViziAbrBbF2xiLPdoM11XfwtbNpAX71XCGSPGMpBoFrOIxGIVFUpeewtvLfGtnDqcz3b0e4hIUrabO5OiwNK2V7SLtvDPbupbtHEYqxh0t2yozM+RQCW0KpaMXXuhlZSqLJz6CYC4t3BC2bmbGYlGtHEFQpuZGGazcddLZJLWrbtspVJmDWeFQlpE8G+RrHDcftWwFwx7x2Y52uj6V2QlQzQRFq4kMgEhPEh1g1cez5FlLi28pBYBtT4ZKsVdYOoIYLyKsQetJcD2PvvndLbMbedWVULXFbLDrcgDMCAVBeHJiQNaBv4tCVy3Ml1CUc2jct3LVmJOcAGQTCiyxfMSY1BpJYHF3QiVDbiXZm1Lm2rJbR8igg3EJfIUcLqSBnyeFQSACCSpo7h/YO13XeXr4tnOj94GYpa27sIjZcpfNnYkaEKPqmUZ7Qt4biS3dF7SRot1m8VpjBGjo4kAZgVPJdH/Y7hpxPf4YQRctXTZzkZ7V4BHfD+LKWz5FZGGuQH9uIQhPVXmBGO5P2t7IGzbuBLF65aYtc/SLdxLtt2cQR3dtHCo08zpyIqicItM6W5Y95bMidS6DcI3vB0AA3OaIM5cyGYHGXUU2UuG3mXunUXDZkZmDo1kNlzkErB1Ea6iQ3s4SwLJz4Y3DaZQ1y3cu22DkB1S3ctm4hcKykIyQuu1V0uTrlQ9JvxRjc4E7YGzfZkvW3zL3tpDmssxINq+hBlW0ljlKsQd4Y1vsz2WF/vM+It4dLIXW5be5bk6AMwEIDEgMSH1Kk6mti+zfHWAO/w1+5ZRvBiLeLRGsXA5gpcuW/DavKQdbi25MhgwaTfOBdhF76/et3Li99YabIyZFJ2VCoyPZYksqywBJgiTPXixK/Fr4C0cF7mvvaD2FTAX1xFkZrLKqovidbRYE3EDTKB1h1LQSJAOgrW9nhmW5bbLmFxWIAJPezMIRpIzKFIZTDAERJA3t2tuJavW8MWFuxjMPbS4Flb1u4wyW8ShJkBGARtoBnXKap2J7AXsJdtWwt7FJabMgUIqkyAwLPcNxWIWDoQYnURTZcOuTa8qBPFT2LD2Q4Fbu2D3Km3fswty17zHJIK+PxHLJAUwQAAIgrT/g9sOCVGVh7yxEjfMscuZXluNJir2ez1y1iLl0OLNy4e8e0txi4W4ZItuyhbmpOqmV1HLW+cLtagKNAPeIgxvDHnB2P3VCeJN8i+N9iPsXwmQuXWR9vOoOL4I93kfu5tHMWaW+iAliuTx5k5CCCZBFWGxeJMKNNZePCPQSJB5gQeYpXheDv3k90qR/0mfOzDUGVBUZWGmu2lWx4kuRRxK72Y4baxS3C1qLgyd5C+JW1yXkRhBzqfGkeNdtVOYrhuDuYS8hJYEgjubWTu8SAPeQuMxYLr3RcOkeE3F0Fo4Rw1072e7LOVlgpRAqT4fCxZXUHMCdOgimdm3azsjGRcIKq4LpmjdCywGPNQY5iCTXVjxbK+YVirftFPFe0VvDeBEZiNTatpKpaOveMAuygyQJZjIAJml3EOyWC4glu8iqroS1t7fhhtAdICkHLsyg6EaEGnPa3hZGQqLRC5c4uBlZkUATadWEOP2gaNwdgWQMoc5pJJILAQImY0GsdSK6Guxj6b2YFY7NW+6Nm5mZFZczkyzvuxIAAUDbbz00qv8D7IvaKuIaGm3Kk5CJVWViWZTk01OUjSAJButrGBxkJkxo+UqhPIE7MD0Umsr5ZNC2YwJJ0URyAG32z1pqXMLxpgmE4TbtRcRMmZSTbUhEa5M+5oMx8t+dTwWgsIIJKErsSIg9CDzBmKjwd/OCrFXKkONIGU7x5Db/EVJZYtmy5kQdJaehRSunXfpSumMKbPAkDuzKz9+4drbEsFdNBctWyQE/WLbg86bPDNKiZB1OhU7HNyjy3kGOtJ8bxIW10gnWXZmieUQVJJ/V9elfdmQ9wlS5iS5bQNtAVInIvpJ89ayilyNYzKLbBLS+RZOgGXll3iWnQNyorA8VTKWHhH7RUfJZJgbAaeVQ3QLVuBkBZt293TrmmSY5nz5VHwXjSNrIUbMrFYAPutpJTNrCtEj0p00jBPEbim2WuaCJ0JHpG+9AcPxJCKSZa43hWAT5abCF3PL10pV274vh7XcG/eCJdZkRjJGdVJEsAQQANJ5kRS+12gQYVsWH91HKiC2VBORGicjOYL5o1YL9WpSmlsCwLtnxG3cvXO+uG1g+HgNce3oXxlweBUgEl7SsIUAk3HAjSkfDrmLxeFus+QW7Ya7ZDKoxPeWmzW1xSrCo5AJUWwOUk7U37FYK61lB3Fq8EIxFx7l0pOKvfSFyMrAtbDACTpPIgVbO1du4lg3m7vvFjNBuBe75qCEY5jMBmUgDpvXPKGuLZNq9xLwPEhwbiFcrW1fwnNlD65WBnK0zp6GBVJwN023u3rZYWkZWvKRpma53bXAAIUr9dNTlhudQYvjK4WxmDNhrzup7h1zm9ZOY2l7tWOdVkp3lnxQqyREUFxbt1cXD3FvYVrC43L3dzvAM5RodczDJbIGVVDgBhoWGlcUMjnHxk9kJrVbivspiLZwzqVD635UQGZS2ZQCfrAgMh3UjTeDZPZj2hW4rd/cLXrdtMj3AGUWJJaV07yXIFwaswKRJArW/A7DJbl86T3mQqY8SHxc55rBjKete4LFtauo1tvGpDoejRBttyy3Bp6x1rknlcWpLynNraaNznjV4OWS0tlYVPEzKc/vi2tlhlnKHZCwIgyV1Aqke0vj117gcqQtgLbzO4V2uXhnUA21dzcXKpCKp1Oq6mK12j4kzlHU3C7XBes3GuZ8txCcttlyjKSQ9opIAB0BDzU/Z/DC04xOHeyGvZjmvKzNYa8xWF8WZ2T+rBGQggakRFocRHLHRId5bVFh4BxC7iHN25by3riLZ7y/bYL3dnPOVFALMWMsC1sgKu+gqrdnOJXcQwe3eS1eUW7dm9qiM9p3W2wDAFkfwq4cTlLzoKh7QcSIZLtrNbfDmNM2V1eAQCzFUA2ylYLEak71nsxhUuvdw2Y23e6Th2AEEkd6topIyszABMrCHAWSDSyhqSS7HZFst93u8RbvNluWMZbZhiEFx3WSxW4SpnPb21XVVKkysxSTgSXdWGVQNblweMW1GuTNmCrpOZQXKkAHWnljjV5MR3rFHZFe6rgA94mTJeW7alTOrEaDK0hhlgo37bpbv9zisKqqbtsJcykI9m9aXK3hGtsXLeVg6wuhk66vGlbA1qtlOwaLl8av3fuB1DAqr5oKvEANsEIb60Rzy4Rjlh0/rSwZZubZVAW0CyQUOVSZSMsgDpX2PxxurN1mlUIBM5DppNtdFfmXUZSQMwEk0JirL5jli0qlYV2CAKVXKxIBV1ueGPehoiJJKqKkmRdjbCWpRUZ81sgDL4bai4UKkPprcQqQLqZgYIKqRmB3D2Sxi1W/bR7KPbnISrd3lPjgEFXUlTqYY2ipiRNct2mMszwwUZxbGYhwSwDAKVyDRsxEq2YkzTHs7h1X+scsmaMgyi8C48ZVbgkwNSDms3UPvA7NHbcdNcz7idqL926uVQ1x2z6CVMaQpzICQSAB4fCIyqakwXGMid3fti6jRcDIQO8Yt/WofdS6FliwC5jo2cGju0PZW4ii/ae1ew5bW9ByoykFVvocz2bgnUuY1PjKnUvFcVBm6qrhMZDZlK23F1SCGyK+ZELhswfKcxAInR6M5DNOTK9eIwpN9SSjEWkfIoS8DIuLfDMSHNtlYKojMXMLqaZYTtO/f2sptsncd0LTkjv7AYs1q451LAswTMfo8gykkCnfZ3iOGWyti+GNm/GRxB2ChWdWMqymfpEEh84YMDAqGO4Q+EvXLbS6EO9h9Iccxp4fGojQRmEfWqSla1A5IuPaDgwsMWU57N6LuHJJDsfHbdbg1AvW+9KXP1iisR4jVcvYKIggAaeLcEcttZ8vl1sdrElraJobWZHG+ZGKajXcMIMjQ5RsVrHG2VCy0gawwEnb7+tNrTdlNuwrHECF7m6UDBAbbDxBRI8P8AWE5mWSAdSMoII0rPBoneFSrKt2LgNwBS31hdTLGYKwLykqVLA66BBx1LjkIXAAloOYTsQqqQFjWR4hy8q2t2U43axOHt4TGxaa2kYbF2wobD6gKj67A5VM6ON8pgh5wWmrE0pujX/EEZzcthWBBeBPiWFzMyGIOZdo01G5g0Bjsa1t1uWSouQrOuXwZUHhDfWHhAGcakyRzNXvtL2VvWbq27ndm93bPbZAzW8Qi5lHdgEMLiT/VmYzgbBZp2AxuS2gUkJEEaT4TqjQ8mNYLSBqCNBJxq1TF0tPcj/wArWrodijksZu21Pd908wim2mVGtGdLggsSQxBKigLrMl1NDbKMudkYNctqxGQK58BYAEm2zEMSi6mmuP4YcQhusypiFWVQIuUW1M5LqAZjpqTqIB8OoFK712FJVAIU9/bJYqFmVeVPiQOQUuTKwqtOVSwjKN6QDY2BbuXSxRxZBcXrci3dzNmQqDOV3a4CVBIGo8AGv3C8SXIuEZrgUXEQgKLsDKrqoOXvViXtjRiM67sKr2AuNdW5ZST3l22iyZYgAu7TA2yqB4dFarxwjsWMRhxew939HxNpmtvh7jFrTXlIKLn8Jt96kEOYhlGqkTSShvsOrukLcJcTLftqMsWhcDu4+luI63CXI9xg4NvfLAGoM1Fj+J3ld7BfS1duFQSFC5iRJ8LCChggFWIOpiKecGtILyrjbbW0uZ8NiMwg2mxCeBjGglx3iuAbV2CwIYuCi9rSXLN97bZiylES4Ssf1ad4FEEtZIk5G906qRsTjjrXIzi6JrVk5TbU50ZCVEZrtpmXxFEYQxjwuts+NArABgGCTFrbzNYtw4hZuWxKnwg6qw1ZdfErcyCpO0WM40wKrlhG/qrbiVySQzmNSSQzSupbY+EUdjcAjWSi5EIbMrI6XtRpFwB+9to0gnOuxGppknjdPl7wq2FfB0GW6ksUs3c4dJIW3cAIYqYOWVgTlKu3matHBuKN3veFluPYtd1aNxs4tubpfvb0AsttUyxMqpfw6SKQ2OGFb8FMiXLGW5FxmQsGCyriJR20FuSsEj0P4Hj0zIGm0BcAOwIW2V2IiJUZSWLSrEHLuRLJTA2zYWFuWxhFw63UF8Yu7+jH3SWbDq8wJULmIUa5A2UAxrSi3gbd2xeQr+i46Sl9CB3N1gQO8Ntcxsv4lDmCrTO8VW+ymOK4qybqi2Ue2J1FpLPeZrhTkoZWaAxyZSSpgAVlxbiTPettcK22tSochs10JINrvMuoZYAV5bK25ETO6RRSVbmfYq8i5vEHdrcPbBVlJzHwgAkyEz6tPeKZGVlC15xPhzNkIPeYcyLZVhEmNHGzONAHDdDl1aEt5Xss9u0qBWabYc28zZIAXPq6M2jLLIoOqkExVx4ZiFF8pqbd0sl0OvdhyUGW7kJGW8jNkZreZLkF1M1HLBxeuPaT09xW+Icatguua490juybQBMKMvdtnhShEKy6tMk6ih+AWAQVS41pyWJS1JLLEstpnQMt0a6KYIMAgrDPuKYlLx94Mlo3LlzweBjlhmeEZf0hQCz+EswAYMMxFJuErbZwbh7jD5W+nFsgtkMLkBEW8x9xdSILyMyg3xe12vyjpbB+Exd+4otoUtWtLaszhnIgoLdtjIQOECuzxsSRMQsw/aQuEzWoCq1h1QBc4PiuMHBUCSe9QeJs5aGZQInvYA4lWayhWCZLwLl4SCHQkRab69yBJALSTmr7tBwfLcRjbay36QhKF89q9bC64m25ABGdmDDMYzAeQrFppugqTaYv4tjzau2GaO6Qh7V1CQCTBWcozIm3hXcSDOoEvEeGW1K4i2UQEM5UBGFu5b2AUtma3dfK6lgTlLIYyGYLDtdwrBBlW2z5AzE57eb+q92AA50bkXQEECVE7P421bHd3Hz4bEW2F1QrF8OCxVLhDaE2Xh1ZGJEFD7xFUxu0BIf9puNt3Ny6DIxgRHACgWMlxbiogUKO6KlgjQGYHWdKYdkbRFpB4Ve3cfuy7d2q3gc1vu8RIFm+rkFRci1dByMdYNE4Xg2FrGWGA7yyAxI1nIRkcHmjKZUxsVM60/wXacYe1JU3EvR3glSoR8utxCDmMgxoB+1JFSd667mZ22WP2j2Rcw/6ZatrZvW7rWuI2oCd3fygreRNIS/uVEDvCN82usuJlybNtgRmC3GzGSVIkSZ6bgkHbyq2ca7QNfFuw0W0ZRnbMzG5ZTLktliQz2hcCsqPLIEIDECq1wK+z4nMLa3fCLKp+sWUWwyiVOce8GBGUgEwJrpfPkPPvXlL/wAJ4sLVpXbKhcBiAQDbs5tWVWYE+EKgmV7xhMZa7CrhntFw5ltOxh2CWi7g7WwwtrbAI1QNlbMIYk5zodO5q+SdZUUo8O135PonsdCqlLyfvKr7WuKixgr1xlV1XuwyOJV1a6iFDAJGYMVDD3SQdImuXuxuJL20Vw7C499M+mZBBgeiqNJ0kRua6Q9vlotw3EAAMfodDt/X2jyggjcEEEGIrmnAXxaBu23BXDA5x9ICLrTkOko/eXCwA0ICSZr0+rtX0fNf8j/Zic/S9PMvg/exl2a4OWxCS65cqRlkFwkeONpOkk68o51NwTinj7y33iw7PK5chKmGzgEtbYwpkoA+TeWNVfhfaW73gaxbcsNpEiSpBjTmJME6HaisTxu62S8i4Zb6jLddCUJ38N5B4GLAeIqCxmIWBX0B4JLkeVVFiHadkusMqG1IW9hyctwmdHs5QVzqDIdGMqYYRsB2wu2FW5dQkG4xILDKXKamVEN4oEwRBbN0FDdtLaMRiAoKizaJtrowdk8BuSTK5vCTlBgEEgwaV8e7sLa8a3QhzXQjSC+mW0piJgMzRpGh2pEuQjfeZ8FtHKrXIDXHz5naFLkQLb3DPdypGVmBlp6SLRduouIDPcAuhwWViFFt1Grguo+kJggqwJBOWRsr7NYtIYJb7w3WZZv5BbAOsETlZt5Jy6dalwl9BpcRsQRbNvugxi2gAgufEzZD9VDnQxOulVabGGvHO0lq9lLIVIAt3fd7oowlCxUsES4Scl0QEu5C2hJFWs4myJRbsgXWy3XV0L2/CPpHlgwAHh0UAyNRFCXMVaIbV8PYuMGurrde4wG0lbMWVIHhEliZ1jSbD4tTbUw62szIzQFuRplcZZVcg1VGIzSy+IMYDWhbGfeWhmv4e7aNog2W8N17Y762ym45MojSFE5g5IjSCIIont5xfD4m5avl7lq8yDv7KEqwxFsG2l8MoPijIRoQ4kdaq/aG21h7TWwQO5tzdtABXuZSWZgCLYLEqIkNECDE0a2PueEXbZJZAwuLbmS22oZXYoI+vMH3SIpIbKwXaphuFVAiJcGIV2u2y19X0USBnQGW7zNEy4VRBKmBRXH8ZbLO1xvrZFxS2w6vGoTE20kFuRWQwMtaZZy0tt8QULreVUCmUZHGc8ofM4ZgSB3eYOFnTnUPZziTK3eL3qpcgd01sNYuW/2kGpQkHxgFlPiGk0FG90EIwfE1uXRaR7cZAqMsqUIX6meS9uBBRxmkTrOuXB8aoOXEN3uVsjOGUNluHTK2iwDHgOUaaMlA9q7qBS1l0VWuW2NoFLhVtg1u6AHCQdbbjpBiACr2EtG6wAzWnzHI0GGLS3dnKSCGkDNOhMmDR09huW4T2j47buXCbeJvLdtuq27qwTBACygUNcGdrgYeMBS++mayJcDot1WWxjUcG6bWb9HvhiF7zKdbc7XcO+XLOZRGta543wNbZ70PkVIGRyBMj3bbKQLke9lAUjQTqKxw+KW4y3/6pz4Q2a6GvMNIUIJgTBCyToCu9F465BRfOEcGbFX8tq4uGOZ7jZoNprbI3eyAcptTbygEbMxyoV0k452jTFsrLbL2LFi1Z7hGydzc8Wqx4mQFcweNRGYDI1V7EX7eW02ivc8Tqcyq7AlLtxc6lbN0OpLI30d0GGCMASZxDh5w9sX1dMt1i0ZvDdFuMy5nMBo3sPczKRmts3hpI91GukNLOFfEYe46kXblpHXOohymWXsYm2WMuEPeW7yaOBEyFpb2ewht2VxDG2DZIuAlZcLZRSruQVIzCAGmSB6VnieGEXu8w7N3N62oYZHtuBrFq5mADwonvN4MaS1edqVHchdSl24DcygZjaXWFDaaQp8WhCkaTXVw2FSbb7Eaqdlg9mXaC69y6MQl9sRiyLou22Uuiuo7u2ltwVRQoE66zuCtU7i/AXW5ea2Lds2Sqi3euIGJaWcqjtOUyAQTEkgMTqMsXi8Vayg3G7mS5ayrNcNu0yw6zD25zBnSQTlbLOpq+Xu74rg3nuv8o2UJRyqlcXbGiupiZ2MCCG0IhiBGK335D6NSvuNeX+L3Ltom2bhcPlWyp8AOVu9fMGHeDKokyLmmucw5nwFqL1k3bLkG3Ae07+FgAHcjMghWBVlV1MbqW3X8Lw161cs2gTktXEZlFsuWbMMzPcIyjPJzJbLAKTmYkxXnHcYgTuy5XxQbYm47gt4rt18wB1zZbK5VEAHNuFlBWJzNkdgOJWLfeZipe4MmIRYVLqA6OgIEvbBkmNQWkCZqkdquyz275N0i4j5jn0OawsZCIabDeIASpQGQRAoa/b7higQEXE+ixGbIrox3jOw3MFMqFSMp2zBr2UxLXrlvK7BTo7MdWFsyUt5ZlQsKTIRTIUsSTWx4W5pIOzLFxYWsFw3uZAbEAh1ZgHKv47oB0BZLeRD4lnWNfDWvuEcQCWlQAG45X6QaF0We7N1WHhdFnmVKeMxzae0vivfYoW9O7tEWxGue6wDNoWAa2jEBojbUnlWeG3Sv0oYQwYSRkGYMM0XPFlzAe8F15gKTXXxTblp7gSlewfwHHLmdPd7zMmXT9HCFSWzBF7y4TqwXvEQErJOxLwnGkuqe5W+MswjzeRUywPCAe7yxmItgxJGqxGfc2bilLdu8RbTOEui1Zuvc0zor21uB7Z1yvCEkCJmQOjOpKfo62UZSk9+5bQloLqQHJkqQwKhSdorlnGNWa9hPw7g4YmLlkgnxZLgRCAZCZNLkuQBBUAFuoinNriBKG2AczR3rMDNtAIKgNBFx3ACg+6Fk7Ups8P7+4+RbNtLbOYgqQqga+IG0WIBhZABkkeIVbfZ/w7vHvJdVLaWh4rd29csEOy+8zKksqqJOukxGWKbwWqu0Gm+Qk7Q49mtsxNwlcjWnaGW4LJ1ts8ZhcTUMpYgwNNibBwHgj23t3TeCWMWqKuUAN3VyNGtFG71FuRMGAFkMpmAcNwY30dMLbtNaVwA/ehVd0kxY/SXkKZ8V1lJ1AJGaDu32DYy5aT9Dv4e5ZYl7lprii7hyd2R7ilgHYeLMrBG1jKRlY4cOuVMrixNujSrYYyUSEveIdzM2bmWUfugx8DidbZJDA+EyctbZ9k+Awdu5g2t4hnvXZS7aK5QrosQVgZVUkKgaSSQRuYtHEuG2Lrnv+EMrgsO9td2RzOdCrW2IY7aBixHOq1xHsFa7w3l77D3Uy3HdszKFQg94yMM+Y6TkZp1aCZnojw3gns7+HmUx43F77moe0vaHFd4/euM9q43dpfgZVYkELYy+NiGXV2EKDCtqaX4nhCKqHEtiO8u6oMqG2oIzgtJVchQElcwOUGuhO0HZ23i7ovG0lvFBTDkd5hsXZIyEqw94G0xGbS9YkSGUKw1/7W8C1i4ot21bBNbQG3AuJhrqFlMIGDILnvE22ViGaCYCkSxdsRZ4mt2UzhPFQuNS5ktYe4i281lGULdtOgJKufo3kHOqM+YgBFLQBWwuG9hM7rftWUxeFu+O3aZ2DW7kkXMNnVgy2z76Z8yqYDCJNUTifZ5LCWUxTRbkiyqqbl60rZma3m8Ju2FPuqddRKKZJvvsUa33WJw+TEW0uqLttrjjK15FLDI3dgWb2RQ4UhsyqZGms3wzvcGOCk6C+2PZDCXGezbw74bEWQLnd24uG6IkKFNxTcWYJ7snUGJginfsa7OdzevYWXuYfFYZ3tu851YMoexeWcq3LRuEgQJBJ6gO+OcOwWJbD27mMDYlEDWrttwtxgN1u3LYKhWaSJCNOaJ1FF9hTfTGBL6uGFu4yll0NsFVzNdSbb3JyruDlg5VkgdEMbhNNbo6Y41GXI1V7c8RnxN4lCUs27NotIAW4qB2taNqHBBNl8neBIB51W/ZvwXvLhwllrly3de1dRxaC2UK5u+ZkLtBSVRLecEsVJELNXf2s+y3EPjb98MHF8MFZ5yKjAKtskaeAycp+qNOlSdmezd/BYK4U7j9LvEW2YsLSKmqyB9ZlQn3QCTcHNKXwDeRt8iDhc3zFvCOL3L1y5atYtUx1l2SziVKJbxq22KixdzAhrggBHhlcQragMax2mx5xF9xil7nEZgrOLSWV7wQFNxCwLFSYDlpKxqBAq7YD2OC5DXCoKqFRLYJQAR7z5WL+ISvgGWBOaARd+1Xs/XF2u6vNF5FU2sRGY6KFi4IVnUgfW1GpFWUXKNFXByXL6yg8H7N8Pa41m1fzPENh7jhUd8pOZMVZDSyBmgjMyglSQBRfZrs2TZe1hhdY4bEXLyO+VkcuqZ7aXrYANy3cUXEZCZykEgtlou57M8TYtFLVq3cVc2ZBdyvdPK43hhs0eG3OUAKCDFbE9lvfi2A+HGGA1nOdQTt3MeA8yfCNjGtKsd7SQMWNN8qKknY5cQ36VeC2HtkDE3SDF22oBzrosXWT6NnHIqRJ8I1X7XO1LYy4BbCpg7bDurNsBWdkGUPeXR86AQFYKlpIOZia6d7QcMe9ntu/wBBctPbyqstmYe+7SDp9VUAE6kzFavwPYa5grgKODmDKCtu2gCka5hJJExGY6ECBoSTkwuvF8pSeNrZdvNlbwfs6vtY70s4fxd+jNkzIw7zvJlBcR9EIMEa9CK2V7KsUe8uorIFNkMq2gxtwPCt5GAFoh9RFvcqfOnvC8QbmZLuRrTIFhxLMToyOBNtkI15HlB3ppwvBBb+ZHAWMrWly5VMDKcqjwmOupB6VTHhjF7FIY9PI1t26Y3rdthhbrYhLNs5nQG2oGYi5nLyIaW8W40MTNS8N4/e/wDmbYK3FWAbVyWOmUm8TljUlSuaNAN5q78Stu05lhFICi1dh3icwZWCrl2i2GkwZ00K21ZGdWGYd0k5QDbBMwgKFQy5RrlU5DB0pci3tMzhvYPb4ZbR2CzP1kZzcCt55iYPUzNNlwwMAbcxz/wpJgH8ULrJknmT59acYPiI2GpPPkPXTSoUaNDVAoUnaOR8PyJ39KwwkExJkgwCZBBHLyndeo5bUHaxqk7hmGkERlPOFMfOZonh+HzTcMeHRSfCB8t+ldUIlUfJcuKAWSB9dgJ8MbkbsOWo0H2OcC6QBoY8XMga6ETy+NVm7cJJLHLJ8AM5jG3hQyFG8QR1nWs+H4WboCk5YzHKcxHkTqo118tOdVS3CWm/bDaEAgiPL57ikXFcMQTmbKsQpzZZ02bUsRyka/DWiHd4AVgG1BzGYA0nlmI6iobWDUqzvfa4oVhsAqzuQAJkepp7swJh8CFUMnvZQLiRoZ0kJrlIPQefWi2srcUFnOa3IMe8V5Z10gg6yNNOetAHijZQ9pM0AhncwgHLXRmjcxoOu9R8Gw7MRcZlZXhS6eEFROoBgssx4jOb0ElUwBjOVBZQSyCFBPiIkQCY1JHqPlSXj/aJkv2rRUZr9osts3FU5rbQ622yxcJDKSuYGBoN6sWMsXSPo4BO7vy/sL57idqpvbPso95MveBLlthdsXXViy3lH1hqe6cE23UbqTzApJRdbCyvsHAxY1W4pRCoIYocqtABGdZEEyDmywI86fcJKDxqoACRIMyBry0ielUfsH2pN5Al5B3WXLnznvbWIQlb2HurofARmS5PjtlSQZNXAsELAlAjAFYyhDMkt5sQNtZgHWpQn238IYsA7Q8Qme88NvMBpLMZPuzHxPQAzWiew/bC7ZxHFsRZti5ZOMi+PeuIijKl0ASTbU5lJhsoyyIBNbQ7L9treKuEKrqwuZbdplKOVAl3fxb5h7ogBebaxoz2dcIa62IxCkWy2IxL3bl0kYcI1zwo0D3ic7ZgRlAG+aKjlyWtmSzT22Nk9sSuMFvDtFm0LxxD23GR8gUKEtkCCzMxM2iSNZ6Vrftbwm7h2u2hda7h9Cb+ql0VlLWr6gibixKsQc6ofgN2m461q/a8LNbR/pLZKPlBUhsmQENbKFXVrcMI1EiguN4G41+5aZDblFv3CWLZ7NtJVy2zo0hUbU+KNNhxuTkne/v9xyTne7LH2G9qWIs3HxF24Ww5JUYe4wyLb0K3LkAstxly5DBDAFRplp12l9u93E2WtWraWg4IJeC5nkiEqoJEkFjm/YrVPbTGC7dQsBkRMiJInLZUL3jmAchy+FSfCZ2552MfYs95au2GuXIDWHttkt28wGuVkdbykBSpUGdVbLqaWGaT2sCzySqy49msXcFxrrG6R4VbE3IF+0YyqbeYmFDFQUgpAAOXNV17T9qQ+He1da0z4aw4uIiznAmSEeRbVgLbGc3hKlSR4q1Rw3ir/R27htm1iAQrWSwey9xiO7Y+62bJLWE0TQiBoTbvBLrhWbPaxdlyilhFu/bAGRDc0CkQyqXm04hWy6EmGqDtP4QRdIrNjjwUJbGZwUtkqDmCkrLKre/bZWPueJDzFWK9jQbLE3HZpVSGgEge7Kj9SCA0lRy1JhDgnQ3btq4jYd1JDWAP+kUwlxQ5hVAJNxFM7NbzAkAvjbOuJcsyq6DxNK5JzAZhqP6wEMRuGY6Rty5Y1IRyoaYIszd3OUsQ6kxAuxquuwvKA3lcUdagwPEoXNCwxuNaBZ1CODBkoVIt3dFbfxKDpJNKr99tW8QaSymCMwBB081Oo6U5xlkXAi5UXMVVXzEZS7ZriFfd94nKTEAxXPpSYLDO0XCS091cuZ3RDkZMttVVVZ7lu4AEUE+Je9KQcxBYrFAdi+DL+knDq5JxWGYYa42hTF2zntK5GxYShgkeNSCwg03PF1dblm4TcVC4EKZuWwW8FxFyszJvE6oCRJBBrvabi1p2tXbDXBesupJiVV1jVHKgFJEqrAMNQR06+HyOTrsDHnY27QHQX2GR38boQM1vED6O+AvNL5lmUArmdWGgNK7bgAqJKESAT4hGuQ8tIgdRFZcZ4o1+5nYKCTOVdBLEkkDoTJA5TA0oXGXIQOBIVwGOkgEwQROaRvttr1otb0wsakIEL6lLQLE2j43LZQu6llFv3jo3OPIe4yp3RRsq3Q5gAKqLoouqDAQsZY5cgZlJKgxEPA8WVJS4QFKsquoWWVS0MyGdeUMNQI5TU+EvqwvkwgKZEDQFCw2RfLqZ3ZiRUsk1FbiSpcitcU4W65XKsjZM9tGAYswcpchhHNcwO8FRG5p72ZvJdc2sSrW0vWcqX1L/AEDuqFXuqd7QcMrkEGGMkgaecYxha0oDw9lxbOY92PH4gQWIAy5dC0CYG7CieP8AaMYy0iQRfVSHYrbZbpQRbNsllC33EqVXMrZZGpirKTkBR3sJ4D2gXA3MqXbtq7aLJeRk73vCpYNYZJi5YnVbhJOUyGXasO1XGbeILXLGDKplUd2zBltux+kFlYV8jmCLcwpUsuWSKpuIsJbWVLNcJVmdifo53t3FZZLjaJnTYAURg8UsXDczFswzOqzKltltmAqaFvCJIEzyNXS2Q+p1Q3xtolL1hMrGwzXEzQzJbIm8mpBzoMtyJ1Gec2oojg3FWu2Rae4WsoCMKSv0j3lcZYiSMoZgU/UiZCLFP4ziXiczOpOW25XRyDDBGKqzIv6rfIA1auzqjukuW1MHwXyGMs6/9IQdEbXLmXSAAQQaRw0RMolowEZBEgxtyAHIDyO20aCOdSXOGPdEW0FxgYyA5bnXZvCVOxYnSosLdjQmQTIJG/n5Hr515jeOi0rFbb98wNsOHHchH0JZMpZmj9pQDrI2qUUVUEVqzffvBaukIl1ZttetN9Fm0Fy3cHhYWz4SQYIAXUosYh0CQ3iCq4ukk+/JzA6c7okHcqRIBmirHaC5fw4weIuoURwbeIuAkWt8wuZRnysJHeBTMwwMhlr1i/3hUwzWgYDb5iugZ1nPk6ErAmDzFPk8aNIjJdwbZx9wzeuL3jlRbtB3IFsFhAWIys/iy5SpB1ERVyugYq05VC18ALcUkW3uagxcgr9MCDkuD6O9qDkZjVb7P9o4Mdzh3S6w7y0QWzAeJZgfR3Fk5biEEEEEUww3DwhZiWRVaFYg51tvEG7lEZVbwE6LIVtAwKrKbVUFb8xNcxJBW4pDKkoR4hdtCfEj+HOh30zCeUkGMuGA3F8LZXTO9s5fetkEXrUGTDoM6+8JDDWaPxl21fvgtcCOFYG9bKsjlYy591dGEhtTIyncTWHaDhzYdShVFzTcsuHOWeapuYbTwwAJkRJoZYPZmcaKiuALDvW7zKpuXC1sqHDl0RWDN+rEgAa6iRvV29nvEe8uvavv/wDurYtd6QVVnVYw7su9m5bfLt9G8+FgRDJcHiWa4SAI7so6EDUDXUbEnTlqQD0NGYLAnLnGUZblu8MqnMQm5XLOXqUA8QEHUCqyjUUmwbpgvtDxOJNrCd/bUoEbMSxzFrdw27tpzOa0jOMwVYLBwR7s0Vj8a2Ov27t9RbslYt2gSzXO7XLmYnVicuXMYByxuc1R4q3axuIu3L1z9Ht3BmsGVP0zsFVrohvC1zMCu4DDUc6xhuITC3QSlnOFDEgEByuUqihlnK40ZDEkDlVfc+Lz7SknZ5xW3auYpROVbazccvlkZvCFzlwhWYATONSYMEVbMDwwMrhbqDKpL3LTgotoahVfKA0EktcF3OZywm1e9gOC2b9pryhZcsuRtXtwIttmKuojYMRqAd4ildq0LZ+nsuQMyMyW/pu40Fx3K5hK5j4sxBHIAgBfDL2vcSbI+J4pkw2ZWQhmQhRMnujmDEMxdSwYkDQyNQIAM1iDcAQEJdXPmUlmtm1IOYkT4x06pJMiF1vjXd4mPonslGsBmRDavWzAL+EDxllV1cnMGCzoSDBjiqZjbud0UAeASRp7umpQk+6d5A02pci3UTNdhsTgKK6XVbuzbawj5Li5WuZXVmWxMd1d0LJ9W4C4JUtmVPwtVtXMl4kWsrOp8JKAH6I2yzE3I1TKyjUMANCKk4X2s/Rb2Gxl201xWtkNkfugwywRly5SGlXYHQ+LTlWuu0nHHuXHNtRaS45cLbLQgkkIrE5lUEmAI/CqQ4e0V0rTuXK5esXU7x7bg3DkuWwYZ9Jz211CzvmBynUajwHHjfF7qWwj5EsOqxZW4R3eRDbS4CAz95oCyWiqMAA3KK52Y7Smy4cs9x5zEkgwdR4cwJ1HpBE16e0SRCmcxYt32Ys0/rBmNsn9pAPSlx8PkUq5oRWhp244vbRiuFLLadEzZ0VM4B8IuWlJVXRlIzwjOuUsviLOk4njTed2toWbK1yI8NsLqSseJzvqZgHbQQBhFW6wXMlpebMYkAgQgidBpzMeQpSrtbcMrMCp8LI0MvLwsNxy6EV0xwpOlzDsy64LjrpYV1YN3i5ATIKqCSVVYAaMzqzZphwelK+HYgE5maSoZBblhkU9AdCp1kA76kVVcRjI0A0+qRtqdRHI+WlWXhvHLPc3Ld3Do7GDavq2S7aYHWSARdtusqVaCDlIPhqsMKV32jKJbOxPErNhSuJstdsshk2XKXbZJMkQwS4rCJVxoQCCIMssP2PtuFxOHcYrCsLrAMyWb9giGu2b9osAzZQXDW7gmHYCDWvMFxvL4M7FGMgzBkbZlBgkeYIO9K0xrWmKCMrsGWYMMPXw67eJSIoetnG6NGK5MsD3Rh8SCZa3Hc3AZB7l1AidTNsEZH1BCqdRvhwS5a+lS84yiybSgKzM0PKm3kBGcaHxEAjnVcuXGkg6KwIXSAcu6gjSR08xtNZcDt21ksT7pygEA5/q5pB8PWCDT+AS3ZtNBfBMazfRKAGCtmvMCcloIZAU6AQSRzzkRRVrDPatWLysyPcdiCpIKqsAHTWdzPTTnQtrhecFpHeZZjU5vI+YGs9azN7OEXxDIIBGsAxmgSJOnUTTKF8g7DjinHmFt7bhGzKLedCRKh0uCUzMqkFAMy8jB2rv+vztw3Ci6kucqzrpJPmOnzr9Eq+S9akFGPDJf8n0D2Oh/deT95TfbVeVcBfLjMB3emo1763lMjUQ0GRtFc14HAIUVLUKO+U3LbEZmCmNIJ7yIO0OYIUSa6M9vV4rw7EEbjuen/X2tp0muVrPB7rultrcrlDlQfqHx5S4jxa6xqCTzrv6tsTn0fOv9R/sxObphf1q+D97LC/HMOmIC2A3haXch0RTytIjk3NDpLRoIM1Bx3A29CqXXvli5YapdQkklyzArcSAAyRykQQaRyyAZ1d7pYW9JW4ARlTKbgdbjLqCRcXKADtJEmJ4iRBVs1pWyOlwgsVIIYFkBt3FYaEIxBMaQNP3ssThI8rmi3cIwtk2WxeLunDXScr2rZLXbqpHduFKsiXXgpEm26ySqgmEvEeB20fPiVfDW7i99YwygvcZToHdVAKiBOiokmJQGlGGcRme4e8GWFBLXAIABEyobmcsBOQGlW7sH7Sf0O24FnNnJ726wCveU7Bi6NcuMQdMzRB5CjGFO0CkypLi2RiwXuFbbvBmITQLlU/WjxZyTLFyNJFWPhbrbFoq91yzuHGW33UssSSpU22WBCZGmZzamkPaftL39yXVcLb3W1bQsVnZmnL4m5sAoA+qeb7hmKs4eLlskW2UAm4p95gCFDRlnKZJZPACDMwKSermjJNgV/gVsYk3MQD3LNK5BFtNNBcCicx8IBGfzBmlTYRDdVrV5xdfNPdqWVbYMLcLgWmFsgeJblvMIB1kTZu1nAWxKJfsKLll18cJmZGQ6yB4pAOw94gb6Ug4XxS7h9bQt5nJJvE3DoJ+ke6AgQLu1ghidipMUydoEUY3LqOzKEkWQz3rq+E3LQjJb8LsrAkyCysRptlK1eR27XuSrC1jLZAUretd1dtnLoDesfQXcugKtbV4O4mqj2cwi3m7oAXc2dsRcbOlwXbjeHMJaxcW4VDIqLKLIka0wxfDMO1ssL6GwiwTbZ0NlpJOS3lGYk+6XOZmJMdDCCctKHWwBwzhQa2LwKsUIyLH0duDKrlYMGGuxzAA6yTVsb2s3pNq9ZsEqACGth4mB4XtxGh0GTMDoTVFxvalmaRNmyBFvUKc3WCMrliIaRtPnWVjHXHgrkDSCbqsHLEEEI2k245F8oBHvAGtnhGPIVNhfbTjlt0VUUDNdtsxVAqkB9Mp3fX4aczsR2Mw9zvjZm4rsTdtMAFMxNy3baSDKQQqsHGU7EQUXErTm6mfLmuYgSuXLJBBDwCfDJPMgnYmKs+L7PAsl23czOo1jvDcstrDWXaAVzeHLcllB3IFJDE5qkC9itccwdy2YuM95mJGW5cZmeCJzK7d/Yux9ZQsH9ZZFZ4KythCTiLasxV+7S4ZtlfczFUuIxiQykMMp6iRsHh13Eq/e3bqBwkuyqoYNAmHAGVAJDLqrSzQCdKTxPGpfL3zhspuWnt/QWu87w3AAt4LKpZK5f60Dx6gA6sOiWKUKUh0gOReNosrEqt4o0Sj3MzXAFmcwmAvLUGIIpp2Z4Ebxm5ftWIstc7xlm0rKV+gV2OTvIIJVADII1FVrhFm9IiR3a5lDsinTRSBoWZI0XUhTz0q7rZu2yDdvNetFZt22gJqpc3SM0t3S6pmAAdkj6s80k1KhW0uYf2cv5nzFmbOgLZ8yubjhyTDSQCgWIJG8RFG9pkxHdxh5EpDG3dC3IE+FbZEsDoDBJ9KQdlL7XcUskkWrR0PJmJHLc+InXWZqz4vtQtpDcthrVwOyHE2GIkJpkurqBcnTPlBC6DvNq6op48N97GSsy7GcAOJtlzikwlvCiLhcAszFVbKikwBmUoSczQfCJNC9nPo7lu6QEuLDHuyCjFv6xWURlLCR3kepqqfpI7olkN5Huv3ircNseIBhcVy6nOIJXOHBk5hrIkTgrtZNwXXy5QVW4ircQ7QSoGYDcGcpWD1qawvKqQ8qT2HvbnD94Vuo5CXC0EA+C6hOdbmXkYDagEeLxQKpnbFD3huBme1cuG5aY+O2jHW4tsDUuHP9WSoAClgZFbH9lfCHNl7N623dXDKNdYZ7pAD3GyjXLBOv7UEzNOe3fYZ0vI2GwbX8Jds2+9s2cyJ3qEoLrtbYOWW2SyjZixkxtPFgeqjPE+aKX7D+yC4u49nEXHtYe5JTNcA77FEgCRpnOXMGClQxCqc0ACz9n+xF7BXbtq6JYNltHfOrEZShJ1DeBYOsiDTjsp2Pw6cOS/fv3cI4c2c7WluMj9+y2SECFlaMsASFJJBmDV24SqY6+UvYgXIsxZuW17kuyw2dUJJzLq5E+cQK9ThoJJ2uRd4dl3/APk5o7bXMXZvtbu2+5uG2q920O727jErJGYMRDNEqE5AmKh4T2PN0R3qi7kV1V9dGYhjlgrAGuUQzNuy10z297HXMW2hsnFWU7twxH+cWxBV9D4AcxlNNSNQIrTnGfZjj8O6t3T5EOb6OWUQqqMzD32gFSSAFCiJmoLF/WXWxCeJxfvFu4z7E7jNZfB3ku4ZVDKHbu7gurBySFIl9gGyquxgwx0/xiziLR7toVgXQsXYX0KRoyjKUkZUBLMWC5iWGp3x2K7UXsMQHVlDgFrbgqGHXXYjkw251D7asNZviziVyjEB1tkHe9aBkFiIhrexbaDvsBfiuGgo6kgyxxq4+Y01iLgw+Hm7NxXJXLmBe4zghiAW7yNYLQQvgnlX3Ce0zlGW8n6VhraoMmInvbQaFVExCE3LJYg6TcQkf1cAw47Ndr8PmheEYd1ZszqL98MSseJS7XA7Ek+6DIGsihOGcUs3mVblj9HTvCy28PYK23gGDdv5heuGMyhQFMebVxrGlye5la5NDvHdjbOLtLiMCgu3EBX9Fv6Xre4KoFZbd5NSA6xMgGDAB3Bu0mJwdtLZe1YdS6m1cRbKIQ2uZxmZiZzGQzaqBvNOeEiyFTE28Nbwti04/wA57y7buXix0t2EvO2VXIEuwLNl8K6ZxYsFbsYrEO1y59MFm2XCusZQAXQAMTIyh1I2AOrVaeO60vcuov3Owd2b7UjiFm09/DsrHvBZuqSrHIctwWrilWfQ+7CsRmIDFTDXslw+3YtPZOd8OokXGxFx1+kAGW+S2ZfEShSDAB01itdcT7YYqzZfBDBk92e+Qi2UW1Zkt3hAneCdWtEZiDzFT9ne0+Mt2rPe9wi385t96huNcV2kKLGHX6zEkKzGQZPWhKTsopK9zZnZrs0is7xdtuYJw4uN3BRBEWiCe8GXUarMwQBIp9iuH5UcIoCkZ1yhQJA8QyAZTpurDWN5ggL2a3byIVxOUKxzW4smytoxBt+JiQRykaa6mn4wK2QzqWdHUZh77FxoLs7kldGbWQq9K6McVRalRrfieAa+e7ayHYqbyXSqsoZWAYBiCyucw8Mkkcok0T2F4lhsMrWr1sW8t1rsxK94yhS8AGGgZdOR03o+12ot2rzYZ7N9mYIwNtcwcOJEAMDIGsiOY12r3ivCBeA7kp3lsnVsy3BDEkOqD3tcuYgbcpqimnsyfg6epCyx7GsK03MNdu2rbnOUtlZzwYbvCpujLmPgnmRzq79kuDizYVT4nVTmbPcua6ZspulmAYqGKzEjypP7P8bdRjaxAClswtsMwB1kBgxIzbwVMGPMVZzdi0xMFlVgxiNuWmxMggc6ml2lYwS3RFiMB4nuBiwuKM1onMjGIDBGnI3IlYDcxImqL7Uuw9vEQAbhuoqArbvtae3mMqy2/ceSDqdd99qvHAsaO6Vn/Wyekcz089aKxFpSZzZgNdYI+DbiP5NM0jSimao7D2MRbuXUuYm1cyFQwKXXuI2pJuOEyZjOqqQJEwJir9a4tbmO9t3CQCApVljnESynqCY9KacSZTKt4gy5ZWdFP1SQ2h5zSrC8LAbKLKLb0CsuUN4YM5ozSTvJM0umjRVDvCWyqgK2ZSdn1iTsGGumwBBoLiDtICqpsKCGCBmbPrpAIyhT13ojGuD4FZVL+7sQSOX+GvOo7lm4APFluDrOUgnXY8t9x5imrYYgOPzEd3MggERKmJ2idT6xTu9gw8FhB84J+G8Vrn2w8Y/RsPkS436TecJaIYrqTq2VYEKsmDpymTVs7HYYjDWyzkuVHiaTJneCZ+2K0WroFhOLxVtfCphgdMwkT6Hr1Fe8PdS2c2wlxoBYAAsBtJ3I6TXl7GwR3qCTpJiJHnsM3IzQQw6Ek2T3d0HxI4gtrJALA6ftLIoswBx3EXUZvCogtlZhIKnfWCAY0M6Uj4ZjfAy6DwnKQS2o6ZjpPkAKYdtO0XcXAz+K2yjwzz90/wA7Ur7m1eZDYaJBlG0C6aH8NyK58klyJSZ5w1M0+Ip1BOrHy+/U03bhzLrBOm68/WD8/toTC4J7XvglRuw3XzYdP2hTvs3cR7jhGV8oBlWIdCYiTPiDazoQPsoQjuaKsKUx4ycoZR9UAs8RABljqOk7+tEX8a4VQFyzuxhmHokxPr8qlv2g8kwHWRKqCwUcgIO++nKlNpC6sAbYutItsVyw0bskhmy/JquV5DHA245D9piPETOk6T002Fe4S+mYoS0nxSGYR5DaPTXnWtOJPis4Ny62Hvkd3DicLejYWXUSjNzRiryTq0UF2s7U3LYNm7YazdVfAykPYcgg5keJBEmVOonfeljkt0JrRsDimMRVt94wIjMFyy5ljMsdAu251gzXy9oYVQRmEjKqowGXXTM3hY8oBpZbdbyYeSjE2lLOkMQSTmWJy6H9YGDNBce4peByMe7gkKxJLANoWDZQMojkdCdPISmq2DKVIHxPHnvYu1g7aB7NsXLl4zuq6JbYgQQjwGGzmAZgzeLeIYfVB0LH6uX1LBR8JrT1zj1vCYu93eW74LKW8hMGMzMCyyWdmMtEyx30phwX2s27spe76zfQMTbZQUdTMjIYPhXY+IafCjuluLCa7WXDtB7QLdp7aXTlNyDbmQrBgAwDsUt8+TsdoBNF8b48bVhmuOtpHi3ZL/1he5oqlizAEDxZtABBqht2wW5Ya2WF+zqGt4i3oy8lm4iNEfWUGOVa84p2js2bZtW0Z7erm1bz3VVWOqrnYlLQjUL4jFZ6qs0slDvtlat2sQMQneNmW3YxS2RpchwguhT4nZU0LgDQ6TJJs3tW47a/QzZuXVGRrZsXlUMkjTu2QxLBCRA1BjpVT7IcfuZc13DtkCHu84uvbAynLPdAuyvK5WExz5Vr+/i2bBYuzcukrZt28VYYyBcLX7Qe2/eAPmTNCjRtDJIAFcqywm9vKRjNNFh9ovCrdmyl8ODDL3ttsyX0tZcty8yrDD6X6NVGhkEFhNA+yjh+FxE2b17EjElLrqMPeK24thsttgoOrquZYJmYIGgNSxvEkxKqmRbGXvicWBca5iAVJSwyzlCk+HNqBoYHiJN7D8ZbB2yVsW7puPAZ1YkALmcIQcudNCQQ2hG0Umlc0idq13BnD8AyG2VfDqs5nv3YVgykSHRPE7KfEj2VDMup2NOL2Le2tzAd5bv25tph8RPeA2mZLpw6XgBCAwQGBjKQACao+G4hdfvHYveswBeUW7RlGaWdRvaYLBGWQrqsxOmfD8cqFShYEanoRylZIBBE/E1DKnVEnJLkF4llSZzC+rFFKFs7sjnwhSAAs5znBIhgSCRlM/CuPZ8Q7l0t4tYZGuvltTOVrLjJCDWWMIC2s24BpZxi5AVnYBzNwtcViCCZiVKlf1gdQZ2pffdXOclmAkBrZV4UiJIIJJHLxKaWGG0TLz2m7RXg0tbsOw3UwjToS6lw+hGoO8QQWmnWB9t79ylvErZv2rhhyNL1jWAxZQq3NiTlAYDWTsdV8FxlrvLfeXHe0FKkHRhvkiZAUGfBtruN6LdQyC0sXSbxKKFyM1sWyA4VTIYGVyljObQUyxOOxRTaNi9u+P2UYK1u26sk2mcPdLpEZc06chAMAEcqquJvWb5t3Mi2oKG8pfvFARcoZTGbwiJzb6HelNzjFi5Z7q8CptkKDB7y33YAEEgHX3Sp1JHxqu8Px7IGLBu7dXtq5iZI8IbeKV4G4++JIuN3hlxJcXO+szmDo3eKp2lzGZH65lWR1gU04XZe7AtKbuYNCIGJmCA3gkwoOYRAPPpSaxeW2Ee3buKpOlxMSiEt0Ld2CPPPC02tcRIC3FtXbKkkNetwZ5Se6CLM7sAuk+9Nc+bC+YtBPFnV7iOzMLkZLiqJOdNAwIKwTGstM7dKiXggKHK8k6m2Aw1gmROhjWdjXycPUahiec/b/M615b4gUdXzZSpBkjSRt032In51KE9I0SLBY6ycou3O6ZAcrm3nWRqF8JU6nQZiRJ5A1S+NYy411rdpCuZskAMGuTtpLAaxCgk+LQwaadp8W6O2QwlzKx0zKUuCR4YOknL5EeVLeG4IO3dgXLaoc0A5WJgHOqs2XSdMniI1r0IQi1YWxpwLGLaxNnvWuEWwxxDaSBAkWg3hItr9ZvfYnYCrT277IsLDYrBYq1isJ3ihxaIW6gYkBWtsfCATlKrqQZiBAp126zX5L20bumU3mQorsTAe7oQHMhS5EbE6yaO4DiHsNYv2rd39IDDKxZGs59R7wVYLCQE1AzamaVxXahoqL5oF7OY6x3ro4yWGIJAa8yJlMrbLhWd1Ooh8ukeLwCceMcFm7Zt2zIbMylhl8MA97rC6jwoQ0GAI3m09q+0WExlosqmzjjeQXMP3YW3iGLBe88EfSCZgBTKktIE1VEw7KrI5NxLYa2M9zPaRVuZotscyorOJASRrpT48V2+RnFIzxWNtrZVbiDvFLGArKYaQoZzBzZhnK3AxbMfcpXhbRuEJnAHvv9SXPvIsnxQNAWyj3tOsXEDduXYuDVJUBSG0kkeJYDhQYVjrHyprxrFhbf6PbtqX2dyq3CxO+Rhm0X9ZdS0xAUSyw6Ykzzh2BN+60KTatzbRkgol1hAuMu+SQFZwsAQxIii+E4Zg7ymUBmJtsxARtmgTmPxAmOkULhMTbW3btRfRgSQ6tAzndijLJ6EBgKdJjjeOa6FNwgBrgBQ3MoAGcDwh40zBdefWpadK94ZKh5g7hCg6EDkefpSjjuLSD01kR4gOqgsA+umhkbwauHZ3hQYeG4oJ2V9NehjTXaYqodseCXrtxhAAtt9LJAFomTHjI0IEyJU8zUkk2NLdFKtMjET4R9YqM1xj5ywkCBIB9BTjiOIVmttYgMEysQvdqGAIP9YAPGmuSSSQTqaW8UxIZhEGFAkKF256ATWZvlAVBDI+VtR9ZZgjowkg+RroeK9xKJbga2VKk5JVgTzLCDqAP1SpB5g8jTDF2lUKyMwaXDqGYgWmVSCJnwkm4pEkabCguGWc85ycqmY9ZnXlJj1p6uIkFVGkHnAjnHU+XOoz7gp1sRWcA895bKtlMwqIrEHfMUCg9DpzNWN+Irds5L6NcCAvbKnK+WPEuoIkRBGkxy0qncM4g9nNHMRNWzsRxLvnCMPFrtzB0NLJyjvzQxUOCcTyvO6ghZMTl5BjzMaegrY3CeEoggNqfEuuwOoFUHtD2eKM4SPCxBGzaHQxzr7E4xsiOrFXQ5GHIqdpHkefnVckIZFsDa6J/ap2SUZbioEChs+XQEasWYay06DKBpAg1rviPFS6gZmILEkHkTuZ1mRW+ezvFRdthbwBDCCfLbXpNaz7W+z64t653YLWwC6sJaFAkzHQA69KfhfyWwtAHZ7ibpcmzIAlVGhJWdnHusSNwRBNWG/2szsAVNsRmdxmW5nC5TADaKByBJPM8qqfB7pw7C4rK5GVhE5dRJBkAyNtNOYmunuwXZHAcYwTugFnFqIJU+K08SCy7MjdY1ExBFXnw0ZSvt7xoY9TpHOXaHB9+wdXFwSxud2qhjM+IDw5jz1AMaaxSnhtsyouAsEOcqpiWjTPpy67xppVl7WcAv4PEXRdBXECAx3UqAMpUaBlYDQnz2M1YfZ3xbD3i3e2wl0qVzR4GkRI8/I/M0XB4477izg4ugTs036XhbtsSHsOLtsakjLuBmLHVZ57gVU+J4cMZzZXMkeGQQesD7+tbI7McA/QxbvkuWa6bbCJQ2tlYnqPu9KrvtN4Z3F58qypAdOmVtgT5HSPSua3rqArsrFzC2hbhxqdmHXoPKl3FeyVxQr6lG1SQYnmvkfv5VJ34Mm4WDEHKoiR5eS/bV69nXbQWgLV/Ldw50IPv2wfUeIDpuBXdDVGPeaKNaWlltgo3jcac4M1NgLhlvo1bMCpzSfCRy18JGhDDUEdCRXQ3tA9jloWDi8KRdtFcxRSCwQ6kow94D9U6x8q1NwzC2zbddcxjunSCI5qw3B86Zyx6bGcGt2V7B8AsiGu3Ijlufj1pXxdLYJ7n3ft896n45wRwzZCzd2fF1HX1ig7HCbjDMAfuNNaq7C0kB4VBmnTXly9R0NScWsnYT5Hy6UwfhTASYMcwRz8vxpnhba5YPT5VvCV75oy3EmC4aboCC4wMzkb3A0RmBBjUaSQDGmte3+H3LcrcBBBg7Ees/b51NlzN4FnL9bY+uaQI8iDVgvWlvhVeFddBczaED6rRuOY6VpzcabWxnIr/ZviHdXFJGnlt8q2hwPhGDxM7W3fcL4Rm/WXoZ1KHQ6xvFa4xmAKEGI6dPtHOtgeybA4a8HsHNbxVwqbF2fop523XfxfrCfz5Myvx4PcXtK72r7M3bL9y875kYe668mH86V3tXNDtbu4e/hMUGtYzDk92x18Q3Q88rDciQQQRXS9fJutDK5rhr/P+ie70Sq1eT95Rvbxw83eHYi2N27nbfS/aJ+wVzHhMK9gC5ZzqbWVbtm66HPJjNZI1Mn/AKMjMOUjSur/AGosRg7xUSRkIA/1iVz/ANqeD94mcWx3gEwRrMROukjrFfouq6DfRk3F7+Ff7MTl6WlWZfB+9g3HOGfpCG4gKXQuqHSdNZEH4wDVT4g1pbnjZSLOUI3dk94cofK1kEEqrSm4HXc0LwPi123cRQWEaMrkEhvIyZB6Crj2g4PaxPi0W4Izcj6+tfSJcMsu75njySW6Ene/pZgYRFYLmz5XmG1AANwgTHhQaKNomsLnAtRnt3iw2lQFEbZgrMRpHX0qw3PohFsN4F5QJMcyQdOuXU6agCpWQYm0XRctwqR4lnUbwCQsz9Yhh5Us+EpeKD3yvWcJdVNRcCpOtsszMGOYqiDKq9MxAyjkTrS9MPfxUKYS2p+jsBgcp/XdZBdzO5H60LuaP4bwF1hLysjZTclHBOTUZvC22aBp50z9nmEwl2+bV1Hu5yPHmLPbYdZGVlI2Ik6a7iuCcXdf+CkU5bIW9ke1TWC91CVUOE5lJA1ZlGhncjnPkI2xi+P8OxdoriVSzeYCLq623I1XNl+rO63ACOvOsuM+zC2uFuoLjLbJLBUOTNrK5gZ8p1HyrXnZ/gqKQUtlSp8bf1kgDQDKxWZ1LEdNeVZQjW+3voZvTs0K7OEuNcazh7iWgrNnP/SAnwl1JBYyvhUodFMSMxJM45wqyirZzsO61yshyNcOrO76lmA/ZgbAkDWycYeLTFV8RJLN9dJ1LAwWIP6u2s6aVXOMfSlbwYlwUAjLEA6Zzux13gCNK6JYMkI1HysktwK5wC3dFgOrQXcXbivNoW0WQLZKD6S4SCDMBQxiqpcYlu7tQwRiEuANKLJ93xbuZMRqdRVm7bdlr6sMx7tGHMRIH1SQPs++scDx9LFg+G2gzZLaoGLO4HjuXGcy0SOSgbVDFgbe/IZxaG/CcJdITvbb3ikG2Rbdu6jTOziFznmBp111oXtrxLE2iEFtrfPNHvLtIG4HrTzsd2V4hiLVu+IWwG70C5fSyj5GmWUAtkkSc513NXX2R8Pw1xMTbuZWuqczsLhvZleYYPALCZ0AAGkb10KbhsuXvFYYHI07iMXaIZr9xbrlfCiT3bQvhF1WylSW98KNp0XmqD3btwTcRwNdLKK20BFJUwJICgEAegMbZxnDOCoRacYpSCwN0/RpIPMBW8PTWdgYml69j8JeznBYjC32t6lb9p7VxVH17ZJKsJ8QLKSdpGkSrxu1hWKQ79l1jD4NjY4onfLirdu5axBm5bSM2dJX+rVTAJURmWTyNWnt97D0uoHwGIUG4FCZiryFG6PsxUCQDtAMyBQnZ3sucagwd5WU2HF1bk5XCMPGhME5bvhMrGx11rX/AGy4pewuIvYfC/Qd1q94Oc+UKBCFzFssDEW/E0+prqlDS6aKTUGvGXwMg7H8L7i/ftMCLloqjLoSMoMyRIlm136mgeMdhsUwGKs94LIPdXRYYd4bJOa4ygkhkfMVDMIzDMetNexuHVLDNpLKzu5k5mKkyTufU7mrB7HLzjD27yYoqfFaOFym47NbMBkRZaGSMxAjrNLmjoUUiWGNyZa+zXYvh+PtBrVpsMLQbVgrQQuTMwuBgSObKYbWdYim8X4OLFl7L5GVQQcjNkZSdwRLDNvkUTJygVsLjrWr1kW7rrh5ZGdbboDmIDIt+1MgeLMANJIMEjRF2dxZwmJDj6VbYysTrIjVgSNCDBE7bTRwJSbruLZMasWeyjtIMV3WEDZP0Vg+Ha5v4fCbbMQCfC2QodcpB+rWw+znaa1Yd8Jau924aSI7xMzkkoskBTrByFsunhoPtf2ZsBhfZERb85jaKwG94uQTlIbdisDqRNVLt32Ra/bd8LbUCw9tYsoFZ7UMWuAjNmuTlJKzptrrU5YtLuLGTlHmi83uJh1xGDx75CV7yzdZVCuqnTKxdxcuK2wAVoMRImtNcfu3O+sraQu6fSKwZldDsGzjxAQNYZfMnarevF2vWEuOoZoyXM4ysl1NBcUHcOPPQ1Y+C8ETMqXEzW7tgksIGS+PEO+HvG3EBCpImcw1FVjGofCaVzaoQ8KF9SMQgYPbOYuuZgC24LH+sVvrgkg9dAac8K9o+K74BbVlszDMXdlEHSEktlJO0kiT0q7cExIgLoVJCMBrDFff/slpWY0kdarvarssq3FZVI8QzZfdjfMRyHmKe9Sp7DaZR5MtnaLgOF4ioaSl5Qyo0kOhHvIyGAYPvKR5jrVFxXDrmCuIbii4gOhIBjruDl8jVkx/eDulsC1nLqxFw5SQupyQyzcPKTHMg7VeQUvEB7ZDpBysNDmEf2WAJIPmKfHk2qQ08SluuZzh2j7I2He9eS2wDwUWxlzWzzIR8yOWH1Fy6zHKrf2H7AW0tKzoc4BNy7iPAQu+Q2gBatACMx8Z0iRUvaLgb4K6zAZrBIytGxOpVhyAJgeVXrAmzjMI9pwCuXVRy5gj4ilyYYreKJY8K323K1jEtY7h95LToVs3lAuZe7RjbyElPfIUhiofUnfatf4Ls4bb2mv4nDWmQE2u7VizWyYuBptrKk+CTm2J30G6+HmxhsOEZrVsZQpVdPFudBJJ6nfrSXiPEu8YtZtM6hRNwlrdkRsYZZIA/V+XOpLF2sq4b6u0J4Gy3LP9YlyxGjmYUAwyzcUAqfdIj0rDjnGggCKzWEGlu4otOjAKADkP6o0CRIiTypXxvHC4qjEYq1atu2RLahrau/Id5cEXCBqADGvxptY7H21I7sMrge8qrcaNgxW4sa9NR60zih6fM19xTiD2rtvM7Y/HXie5tMStq0hnLcdAQlsMupEDwjcAknamCweLtFSCbwcfSqWtqqmBJtbGOQBMRGlVm/2VTC57tt2V2Um4zoWvXp1INxgwhjAyqFAEDkKZ9nMdau28wzW7kZGAuSZ9NDlJ10AFDHjrdmi+8t44WgOdVAYCM0HOBOYroZgnXLPSKrttM97Mtu9mMjMCFRRzIDLPwJ1p5wAi1by5XUjxEt4sxO5BG/pArHjViwcrvkgmdQJY8h1+AqiSHKL2fDXbt1Ll7UOw1aC+pWFJ0AAA8Iq2WsAiArDwCCzTKny0mfIRVX4CiDFXgqwmjKvIDQ7dJMxWwLaoVILCDrodV58tgKbIt6FhyAOCWVyQdQcxyRo2o1OnIUwzBZkZVJ0Ec41AjlziKD4dxHICAuZQfE07E7ctaWcY4xlVy1wyBrlAkLucuojp+sdKTahxhax41UKPNREkdIJEfEV9cJFuCBbHuqo1yj15mOdUW52iAKi2rbwc65T11hmzTr09aulnjKW7Ya61tUYaS4gRuB9afLedKXd7AsFxdnMuUI5HvKxWCG5Qd/TaKPt9pVWy9y6Y7oePaRyGnMk6ac6HXibYgjuGKBdSt22VLqdmSSDlG2w1rU/t2W4tvKRBuGD5kayOcesVsj0LcSc9KspHb3tQMbiXv5nW1ZGWwCJ1+s2kwSQNPKt1+z/jjXLNoMlweAAu4GRtOXizR5xVD7UYS1Y4XZsIAXvvbgxJmZdgd5jQ/Gr/AIntALVm33TDRFXIQGUkAAzOo01mdxXKpJO2LjUrtlgx19CpQF2BgmDnHnGYEj0EVXOHIzMwRwzAZUDmdOXIkHkCDod5qP8A+MVZT3lpdR7y6H7fzqoYfteluUNpd5W4vhcEHTXqPWKd5ENOVDbj2LW6gD6kSIO8nTTfY8udVbhDXMPciDk0n9kGn+GBvh7rABTILmCBzJI5EeVVbGdoDle0CMrwGcjxQpnQ7gHSd5Armyb8jnm6dl7472tu3kaxaSeb3ROiDfQbDqSSIprwngL4a2t6z9IrIGuAxm2klT09OW4NUT2eceK96kAo4AzyVPoSNSpk6VaF4mbMAB2VZhVIuWvFv4dHA8spFVw8QqplMck92WTCdqrLhTIRid5AKnrvBE7gxIOk0m7a8dRHgPqpBkusTowAIYstvnpqdBWteP8AaDB5rpt4cK5YF+9tL6t3Y0IDHlEjXlQXEsCmLZHa3aw1sJAcKBmKgEd5l2kaDQnrVFlV0gyzdhuXDdr7WIssLmUuVIGkq8gxoZEj5jcVUfaTxVWtLaLqUOTwnVgyqDmQ6FRJIYa6jcaiq/xvu7dkHD4W5iQh8ZDm1bQRr9Nlk67KF+NaeGPd3fE90SoM5FJPP3cxknpmNLJOMkyeXM6o25j+LQiZEHfKARfwge1cBGwuLlZLsddJ3gURwjiN29LYgzoQxdghU6nM0SNzMaDlpVX7Ne1lASihsOpHui0S8xGZriK+o8kYRVf7Vdo+6cPpczeLvmXvCG/WNohQ0cvDIImDTT02lESVvmy6jE217y8YZFy20fRbZySTkDEsxDNAyjrr1W8X43bvi2x7uVkI11Tc7qRroomCRIBkTVXwOIsXLRLl7hSe6bu3mCcxOYtEMTqpHypZgxdhIC5GJ8ejR1zaEqRptB9a5cvFTjLTEg8lMuHD+D271w2sbfZbRDdxi7KsbD5YnMujWCAQIYAemk+dpOw1tbaCzjM8ORmkjwt7pvQXO5IBUyBGYQdKrgsZYU3e+coMpCi2bdvx65nYvqwiMoVT4tCKrOA40bilF8Rklb95isKNQCslWcjQKNJ600pZJx5lNexYZfClkVyco0CXbmXbllZYbmCAIoK3gr2KR2xF25cCI7Wrdx3croTmk+9ljTN57VhwLBEBpBbMDuJk/l6Udhbzo4AMDUMABqCNtdCKjghVkdVsKxXFrdixauXMP32iA5JQExGRyMyljEglB8aVdpMb+lZGsPdzIZW1dUWxhwR4u7uWibGTQZs4tt66iq52j4u+cqjkIPDlkgH1ggGi+D4YXF5DmVGo9YPTrrXSo6IeMNqrYIt32c5l7pWA8akqoJOpcTpDnUgH7IqVgNPCAx97KQQx6iNPlpWfCOFMzgc/SPn1r7jNnKxUQSNzO3pUG7dIRKz3jNnvSqtbYqNzngRA0mDEDbpSrDpaLFWAspb0kKzEidczKSzgHQmnEd5b7skhgQw84qv4iy9u8GjRxDFjA25kmKfC0/FZl3E+Nwar4bWItXEbc5WDDyhkEeWp9aXcS4SV0RlYgiSpiPLlr6V5jkcNCx1AiVI9RBHwo/D4RHaEUozEMxDnIoiMoGx11k67CryWhbh2AhwzLdTOxC3Flmy52U66EEjMdBqG2INNsLwu5ezLlk7nKACwJ3b9Y7aax9tTYbgxRydxOhO+nL/CrVwTHG20gR1rlnxK7A7FHw7NbPctqobNBAYAgEbHTY6idas/Bi6LCsVUzCqCiidSQskKTzy786n4vw9XfOoidx50zwGDgAmPjUsmRTQ1AtrFwdYk8xAk+m0+lDviiGkqw+MSPMEGaT9ocV4oBAE6xqQPSR949aA4fjZ3YyPL86nPhWlqEkizXAlwjL4HUQoHhG5MeWpO0RNVjEcOyZj3pTKxMXLjamNgQG8RO2wJgzNMbQ1mTO/nNMuMYAXbWcAZ1HiEbjrHMj7vSn4bPolplyYqYh7OcULHLdUkEaM34kQTrr60cUe0pNljAGqoTb8szjN9I3OdDVH/AEKCGO4MwQRIHoRrVt4RxBrvuwl1dh9V1/VIP316ksKe6CJMJfUMHYM7ExCe8eZPry5mmXH7xGHW27MT3hukZWFsgiFtJmClO6acwYNnJBzSsVPjMKt7W2BbvpOa22xPOKb9jeKWSjWbqw50YERHlBnSZ50mR8tuXYFFfwDqqHKJdwAD9VAR4j/ajwqOUsx1AoGwMwYiNoGsaTyq6XuycEvbIIGoXr1qs2bRQQV3PSmeWLWwOQLgLbSpaSVPNzqP/wAZGmhPWKtXBwNSFAU7CS0DpJ1JG0nep0sBbKhlBu3TI09xB9Y9J2H8KltQNBXnZMl7JB5kuOuSkbVUr90s+VnOWROpI8Igc4OUaDkKsXEEDCNarf8Ak7Xc+nOhiCpHmOwwmUmPPVvUxp8KFVTzqaGU6bHzovCXNZYZhzB0MeoqupmJrV36LKBuczHrGwHpr86bcBtgjUelGLwWzct5rFyG52rmh9A2x8qXcOOVssQRXLl3WwJIl4ngQxJ0FK8MLtm4rpOmojn5U1xaSfKjbamImByowy0qZlIsV65axCi7AVwBmB0M8617fxXd3znAZXJzAbAH3Y88sURxvjRRTbZQTydRBjz60tv2s6ZlJJB1ncfwp1Gt1yDL3hh/kVwxNu4e7aSNdvIjy2pz2c7UMga3cMEgrHNlOh+BFL+BXiCIOjDUfzzpb2k4PdJF0EFFaI+sp/KpRlqlVixmfcb7ORL2hmU6lea+lY+zLthewWKW9ZMFZV0M5bi80cfaDup1FObtxgUysM+WSBqCPOhXwltjmaEbWTy9a68WeUlTH8JXLmbX9uXGLOPsW8UB3bKmRgTLCdQvmM0wa1bwHCi13YKyX1A6jr6Couy6Z7i96T3WbwjqesVY8R3lrEyTNkElJg5ZEQOYoZMmlOLY2TI57s9w/tHa0+R07y3zUjUGeXkPOp+33G7eLFtVUh5mPLkG5QDqB1ikXaLLcu5kGsbfjXnBMDo9wXBmQEwd8w5f41yQy2/FJqbboqnaDsuUuiVOu/lUfHOEmVKe4dG6qevxp/xrtK93LujjqNGFH4LHBh9IkDYkDw/GunJxM40xZWnsLeA9vb2ER8NbZmFxSCu4TMI08yDMCpeG4a0iBkkQuZgf1vIVCnABazXLbB3zZo3LD8gK84txPMGYqAWjwjSJ3pZz1JUM8ja0iK9dyszasZg9CT1++ocK7tvAHoKyTDxADEkkyNx5VPiLbKQMp9eVdEpWqM3YLZwsnUnKTvTi92ZUIzMScoJhefSahtYcQGmeoP4Ux4rjHS2pQDMxjKd8nX4nT0mlUpLdDRRTOHYks4EhV6HQfz60+s4dRtQeLcsYu4cg/rLp8ZFHLhUXRST6mTU8uWcuZOUqGN3FNlXTMJEz06Ga+w1wBgVAUqQQy7qw1B+Fe2mGXKaDuELoJqeJbEdTZcu3Ha39JdL7QL4UJcYCA4XRWjkY0PKuu64Hx7kCSDpXfFfLus1f3d//AL+ifo+hpN62/e/eVn2n8XFjCXLpEhTbBB/buon/AOVamwva5FupmtE2n3dYYLPUbx1itie362p4biA2q/RTrH/T2o1HnFc+9ksci28huA6wASJAr9V1UwUujMl/6r/ZiL0rKsi27P3m7sd7HsPiP84sFQzCQRqs+Y5H5GtNN2dvWMVe75ChUQNdGG+YcoitoezDtZ+j3FBabbEBh5HY+orY/tm7LC/Y71AC6CR+0p3X0I+2vp8fElT5HmTxJx1w8pzXxK6XTPbIzj11XoKV9nOMDMzAMhWM8iAZMDfqdo1NbE7P4rBi2LbL3bDcnafXlQOI9mHfX1uW3+jmSdD8jRlNRe4ixNld4p2RfE3FuWCVcEBiCRHn98j862Z2c4Hh+H25MNdIknmTzjprU/aHHDBWcti0125HLXXq1amwgx19jcZTJ3LCIHQDyrmdTfcjojj0L3zD2p9scVccDOEtlvAi6fFzz+6hOzfEbkTdkW2MZh4DM6REE7AyBpRHG8aFIQpncH3mU5FPX9qK+xfZ13Gd3LTtyA9ByFXWNdi2Oad+6GPFMStu6lxrjxlIMyyOG3zNzPmedCY/h+S+LtuO5uCcg2mB16/jR+Dwy92LVwF1gLHTzmrpw7slmtQkQIAnWrS0pbiQjK7RYO03BxjOFpcIl0GsbyhK/wDliub/AGhYVU7m0PdPLo0mSeesn511v7OMIEtXsKTm8IuD/aGVo+IFac7S9jUB7y4viDGBy0PSuaEYu4nTni7Ukaxs38VfKpndkQgBST3agf8AZKApHllNbi/o59m2F/FXbhJGUoGIy5vFOaOQ00HKmvsWwNq5dcqq6ATzj06Vf+0txcLbuMsKX25VzTx1LSimNNLUzQftJ4dhLt64vfwQx2kQ07NMAj51eP6PHZ+wuZGZWZ9RBBJEcyNtNk5D1NUPiPBFMk20uMxzEsDuTqZ1qwezfgF5rkm+qkEZFQBMkbAcz8d66nhio7kcL8Y6D7Kdkxh7zunuusR5zOnlXO3t34CbmMuEDLJGs+9A3jl0k711H2ZxDFAH98ASRsfMetaQ/pA9nryX0u2iMrmHncRsRS4vGe5XiY1FGrOF4K73d0FioRQFAgA6Ea7mOVKOxWJfDvdui6bTL/VMoVgymZW4GKiD4ddxBq+4QAqQ31xDfGkjdj7WYBQDJmGlyftAHy0p+IwOaWlnHCTjLYHt4vFY+6b+VGRSEfELbNtXYDRTLQ7wNl5ATWxuzvaBbHeAKjG3l71nYHRxAUW48UndttIo65hTh8NbDklU/q7YAAUHU5VUDU9d/OqLiLCnEOwEETBB5GDv9aJ2PP0qccKSpHRqp2bf7K4SxjLLqbad2VCMiSIXNmAGoKgx9SBuOVAXeLBLj4WzhgbVjKVi4yGAoAOh5agSToJoX2c4m3burcS6QCoS4rxDsdwsDkRmWYMGNdasntWwAVO8RsoeM+XTOOUka6dKSEVqo6Zuo6jX3aHjK3BpbyCZy5i5J82IGlWnBe0hRlz2mZgBn8KAjkMpBIYeTAVrzBIGunNqoUkeZjQa6DXc0PcwIJ0YKDvmOg8gdx91XnGPtaI45PmbS412osPC4ay4uEwzm2wCCdSQslj5KOW9SYTh2dixvOVSAiXpW40CSQmyrO06+law4Px65ZICsTr9Xcx0MVsjsr2wbEOywcgAguFzehI0qc4OK2RaElIP7SYC1cCLcD6CQyRI848t6BwHaW5htri4i2urMP622P8AtAN11946zpJpH7UONv3oS0MsLlZ513nT9UwInfU1SrbwPETB0ZQTDaz4v1tdYOk0+LC3HcSWZRexuDtb7SLb2ylu0LwZJYucqITybQkkdAQfSqX7N8RcW/bAPgdspHIhvw5iqxg0zydh+qK2X7KrZ70LlWG8Wo8Qy7FTyBnUU8oaI0LCbnKxv2v7PoSFUIHbUmPFHIkluv7IFCYbiOIwYIYfpGHUAZlMNbJ+qCeQ/VMj0pR7VONXbeKKW7uRSqzCqTP+0pjyiIrDFWCtlGU4nIT9Nnu+G4pI6TEmdSOlSUZJb8ijkr25jDtW2ExiIuIsE2nzMjHxPbuRkLJ3TSpIA3HLbq47MdkrFlEtWMTcKrJRHdmZWYa5XJDAczbEKOla4xmNRbythhdthTmlyplgdIGunLWpON9r2DZ1YC4d8oCgH0GkUrinsjLNXMu/HMbjrd+2O5fEWSY7wC2yJofE8XgY8yhioOMfRr3qQtxmmAPDI6LtB6VXez/aC/iGyzPUroseg0q+9qClqwCxgrsYnX4+dbS4tILmpK0KML2yv3XW0Mlhn0JIMkx9XNME8hBphwjB27Fwd7L3CNm1j7THx5VTeNYu5iLYJGbKNHKgPHmRAI6aSKrC8XdQwka/WPvc+fnOvWqeDb5bCvKlzNh9n+JF8VfvpCrJRYGhEAdOcZvjTvH9qVQEPZEk7jQSOc61rDsr2w7hSptJcEzJYqZPoCI+FNsf7QpH9SqA89Hn/vKIpZYpOXLYMMsdPMteI7TMVVFFtQWme9zSdgGgAzPX8Kb8Iw5uMXfJAGyroY6kk61pq3x20x8AaZiI0k9DW18ZxQYXCoX9540jXXyBWYHmKTLiqqGhkvmVHtfi7gcK30aB5BjXXSfSrL2Q7OWSQ0qx3DNufPXSqL2g46t0kgNuN/Lyk/eaXYPHtlcLcNtdPDLDMZiABoY31oxxSa7iPhYxl3l29qnaS4uITI2mHEsQY1aDEjmAB84NVDtv2kOLhyQcqwOQ+Hn1pXYxlrK4dXuufDbRTALnm+kkD1/Oq3ix3ZKMVJaZAIIUnlIMT6V5/GJwadiSyOXwB2MxdtsRaUG49q2mYrquS4whiNSDB1mADTnE27N1X7y66IokEatPIRzJ2rWHEr1yyM6NlJPXWOnWnXCsWTbW5lzKGDNMxp5jY9K55vVTN4SxrwLhDXCVTFOkGMtzNp5Rmb5RU/afgOIsgC6yNGqsNGAPnAJHkZpBwrE5rjusprmXX7z1o3tB2lu3BD77ZhoSB1G3yip6+aEc00T2e0zqhthyA8ZwDo0bTQdx85G66jQ8/OaxwPCAyZlMkj7ajbieRkW4mVuvIjrU5T22JX3ll7ScbXC91atAvcuCTEQq9a9w/aNrRGdm2lWBAIPnIMj1qvcQT6TvQRsAZ1geVIuMYln1bRR7o6+ZqkI45Y77TSytcgvivFC9zOdROs/W6n8af8U4lbVFe3nzLlILG2U0jdSrT6UjwmDVrfPMOn8/CgcPiyko3+z5U2PIo7iJ7l69mmKXEXzbctL+JmDN4p5EeFQPICKw9qirgm7pLOYNluakhCFJlTGp8QBMcqRezm9ku55JIOnWrr7TMULrIzDSCfid/uoy4heE947cclp3NMYLiNx71owiFWLjIgWZ3DHmsfVNXXjbq5F4HM9qVKKqgaiTOoj4cqD4RaQuzKF038MMY5a1X7PGms3WuXB4GOVlUE6TuR1G81WbTn4j5HO5ux52atC4j5GUDMcqAgkesAa+gr7j3DXw6kiSY2iR6wNx1FDJg+4vi7ZYQfGvMf4Gtx8E43g8fhW8S27toTcDEKVIHvKSdUP8DXMoJTcktu0Kxa90c1YEIxJcAkksTGUEnoOVGYHCAtC/AUUMD3l05QACxiNj0I9aKFg2LwYnxDTL5VTJkiu0g/fNjdnOCnuFMailPtH4dlUOPDO5jb5dKu/Ya8zIMwgHYVD7RsOGtNbYQR91cuPLpnbOhR2OdOJ4Eh5XxqRMjaabdmbHjB1Bnlz8oo5uDFIYNodk3nzP5064BgwniYgE7dBXbn4hSRFss2EtKqs50OXTr6CqVhcAGJze8T9vrRONxzs5gyB7vp1jzqfh1nPJ5jevPUnHcN7UIcQgRoMqRtrI+e9NmAvJ0Yb/AJjy6ihO2XDM6TBzrvH31WuzmLuI+UhoGx/OqvVNLJB7rsFdcwy9h3AZQ0kbGNR5etLuD4shgDvzkQauicOW8wZJRxuRsfLXcUj4rbhodIYHQj8fOupcTHJBp8wKQ9tXs0DpR+DsyRVf4PcgSee1Wrs71rzHEpFWEYKxlJBr7jVzIknY8+lOsRbXcVWu0eKNuS5zW4PhG5PIDp6nanhuylFcHC0IZ1Ikz5/ZVcS4c0EQR02ppwPDuxlJ11jkJ5fCrbb7MhQGuak8q6pZ5RVPci0wfgOGV7TR72WpOGk24YbbEfeKOt2gpGQQOY60KlzIdRKsdfzryMmS2K2E9u8DabDzbtyeRA2O5/hWp7BdWOUFSOZ3FbXa7lBWfA3usPqmq/iUQlRiACc0Bk5jqRy8zXscDxni6WG+4WWbJuoHbMlwHKl1QcrNyUkaT5URirGc5bgAvqNGiA49RzrZL8QtDAXcJnUWyQysIOQ5g3hjWZG/nWucReLQMxZU0DsAGIq+Xi4xXvjS2LJ2Wd00bWmfGeGW3USBMgkdYMx6Uk4RiyYBnbQ01v3jBjeuFzbeopHcn4t2efuTdO/l05AdBVVw7j41a8L2lbL3dwzpHSqpcSWMdaKfeCSRHjsMX92lly6ynKRpG53jbQ0bibWsHflrFRtdchbZWZOg0BPx3iqRydhNEK2gPCMpnXMdx8as3CuG2WslZm8zDKRtFVvCYWCQRGu3SmW22h5VNyGRhxHhD2mhhB5Go7SeITWyew1pL8DEEN+rPP186rfbrs+1i4Qom2TIPSeXw60Gk+Q7x7WhOwoi2PCRsRQCYjl9lC8QxmXYzU3FiEOJxesMAeWtNOyHAHuyqc9vyqvPckzV59mPaD9Huq8Zk2YDceYqsIvkBRtiLtN2cxGHYBlI5rpofQ9R0pTcvs0M4IGxA0zf4V13xfi+Fxdn6p00B3mtH8a7GnvxIOUnwjkKvUE9x8uFxVo13f4sqGVWGiJPSk6ublyWPhnWOdbR9pXZOzkUAhXXUn7/AIVra0vLkNBH31aEk42ifJbliv8AELbLAI8HukV8mLZhLnX7hShURBMf41nwvEay8+Qrgz43LZCyba25DS9jVQAg+KeXTzqfh6W7wuXNBciAq6E9CetVrFDMWfl+FNex6BHz+IqNSsasa0IKMaRSGwJxO53iqt4FSkhWiB6EjrXvY7tGbYe2QHUyIIn4zWzPapgMM2Ht4jBsXJH09srqnIOy/VIPhI1ncVqFsIZzDnV4R23GmpQ3YbxDFC28W2zCBJiNSNQByAoK3bZiSdjUtvBmastju7agvAnYcz6fnRlEirbsWcF4GWP7I5/z99fYt7gYrmV7fLQaeUj76J4nxnvFyBCvod42mAKgsLIgaTv1rcy+yVHlnCW2ZMzZROo61P7RsDaaGtEhgBt0H5b1FhuzGZgc0QOfI0NYvm0TOoHXnTxXi7dhrF/Yls9zLcu5QP1+fz+6rBxjh6KCZSfqhT9pAnWqzjh3rZlXL5DnTDAWC0Ajapz735hJtURXUJE15hkzeoqwWcFrHONKreLsvZuZm2J1FS1uSqIkYGWN8cqxCgco1Nd3VwbxZczAqd67yr5f1mRqPDfr/RPf6GVavJ+8VdreHpdsPbuLmRsuZd5hgfvArVmI7LYTOtn9HVVbRbgA8J5TzE7SNq3BxAnKYE7aeUifsqq8ZwCMJBKmdtjX6PqulXRs/wBK/wBmIekYXkXwGl+0/BTh7ptmcqwUM6kdD6V0J7Ie0AxGFCsZZJQ/Db7KquK4UjvmYB201PL0qydm2t2DoAs9K+nTz6lTODDBxtdhrviHs5Vb9y5dI7vMWVdvPWlnHu1FwnuMLbhRobh0Uf2evrWwPalfR0ksY3gVR+ydtWYaEetTWS3bErS6RdvZjwRtrrFyRIza+o61YOP8MRGCuoCtoDHhnoT9WfPSlOFxN4Q6QQDoPSr9gbwv2/EvLUHrWtPc6FHYRDs7h3QK1tSPMA/bWHHPZxh7lvKoymNCvKp7+Kyk21+XSj72INtQZnyoxm48gPHFo0Jxv2d3rd0DdJ96rMUbDZAR4TFXPEcVa64BACg61B2lwYuso3VdqeeZy5k4Y9PIi7I4f6fvF91rZUj4g/eK1r7QVuXMQyhTCtAFbJ7PXSt1VHyNOrvZ8d5m011OnOhjyaHbGnj1pIReyTsoLCM2UB7hBb8Kp/tBuPexi2j7inbkfOtrcZxuTKqjX7hVaxPBg2I77qtCE/GcmGcdlFFT9oHDUt2AVgOdqqHZNYPelQHG7DnV145aOJxXdN4Laicx+seg9KsfDexCgZFhhOp3qqyLTTI+Deq0OvZvx/vVkiGXT4Vl7WsLnsEgSQJHrR2A4AbQGQDcT6U1v4bNII0qMZaXaOia1Ro5dOHuEHrz8quXs97PmDeuDwrsT5bmr7xHssqtKqIJlqNucK7xMokJzTaa6J8TapHLDh6dmle2/GTeuAhiFXRRyjr8aAw6HlJn7KsXazs6GuFUUrl286admOyhSGYgeVO88IRJeDcpFOvYN7eVo2YN02Nbp7R4IX8DI/VkffXl7s1buLBHKrB2cwa207qZEbeVc0sylTOyGJpOLOdsFgLhkBSfOKTYi0+YiD6RGvxroPi3FbFlzbCHzhZGtD9nez2GvszgSfMRE+VdS4lc2iHrdrkzSlhGAlmCrHx9K2J7JsOId1GkxPpRvFPZbadyVunfadB6aVesPwtEVbVsBQFy6ekTSZ88ZRpD4sTTtmgO2/FS999TCmPKkKoWb3oJ5RtV77T+zi+t1iIZGYktzE0Px7s9+jgEQSQPEeU1WGWNJIhKDttnnDMMtpJfU7heZrY3sgbMXvMIOWB5AchWpeD4d7jRqxO5rYPEONfo+GNtffIgfxpMrvbtZXFtuUn2h3mfEXLzZihbwwOQ0FbZ7Idp7GIwgSIIXKVYbEfePOtV8L45lQpe1Xkeazv6qeh2O3ShVxjZx3JGTqKjxGRVXcaMqv3xl2xsG2CF84qtcA7NXHbO+i+e5rZOD4WCguP9XcGqT2z7QO/gtAqOvP4dK5sMnLdiSRfeyOJt25VI03iiu2+I73DvBmINUX2b4QtbfM0a6Hqef+NXRuGlLZWJUg8/xp45FqstVxoX+yXtAmb9HfXNJSevNfxHxqie3fhpsX1ZD4GYadJP50w7P8Li6LgVlKNmBLdPKNqw9v8Acz21aNRH3zTZMtTuPaCrhuR8K4EzhSdARNWK92cUWSSddhRns7tG7Ytx0E1cMXwpbeWZPwplxMgQwKrKt2E7DBQHuSTuJ0+yq/7VeLXLlzKu1sQIE6n+FbF7RdplSFG5+yqhxjEoiloknnHM1OWbfVLyD5I1HSgr2T9mO8su90ayY6RSO9wAKzlnCrJgE8utFYn2o27djul/rGEabD41UwudZ1aepk/bXLPjZx5Ep6FSGXD8Bh7jZEfMeZnTz1qldsuFC3ea2hBI3A/ClOPvm2xaCpk9dfSpcDaZ1NwmJ2BOprlzZJTW4ja7EQcbtZ1UEeLYny60ztYYBAgGwpTbxLzB+Gn8zUxvwZFcaclsRsntIACNqG4xi8ygcxU9m0SOpqJ8MQDmEaeE9Y5VRMFBHYnjC2s2ZtOYOw9KZ8f4vZvTckEqsKOn+NUDBXFZmD6HlFANwuWOUwPIwaKjqfcNq7C5dkr8qc50BMdR/Dypvg8PbLeL3eXQ1TOBoU0JkHpT+w7RA2pGlGWxJ1YRx++qH6MmCIOkac+etVzieHLxGw51ZP8AJoKGT4vPp1pFi8JctMCCIPKdD+RrW3ugmfZrF922WNetWJcY9xWbU5NhVZt4gH1qz9lL4kj9YQaR3zKxdiTi91ktMfrt9lVHhePuqcpHeTp4tY+O49Jqwdr2L3Mq8jrWWBsqmpEn+daupuMbrmJJ9gr433qqqodefp08hQx4WyLmyyx3G1N24lDZoLREDlp1r7tD2qS6yk28ugBjT+RVMc2luG2I8Bxt85zDcQBER5iOfWr57JruGW7OKkoRv70H9rcj1pEuEttqN4/wrLgHDRvE61z5Em7ApLVublxuPshv83fNbAGUgED0EwdKrHavjjO0tB0Cx5VFgLgC6UixerEzU4rctKfcBX7eszvqfypdfxMt5bD86Y31LSBWGMs+ESsQIkc/40zRFo8w1nY0ZhhkdbgOU8+hHMehofhFlnnlFYvhnOgOx5/bU37xqNgYHh9rFJp4WG/l+Yqicf4Q2HbUSP1o0o2z2sFgzlMxrl1Hx6eomveKdq0vprz5U0ISS3GeO0JhxNgQcmUfrDn/AAoLtHijcYfbTC7dWAAIHqaCS3BmpSglLUiUkCBJIA5aVdOC2SBSDhmFlp86uuBw2lPexbGtgLi2JKrvVT4urMudjpGw2irH2hOhqp3LhuLkBhedNqSQs+Yd2RlthA69aueDBA6jbWqx2ZtBfD0q4WbugioSncrDAHucNW4pMhSOU0mbDQBOomNaa8StxuYpF2kxJKKBy8qlJRmxZ0ydSCYAlTpl/EUHxvgDFNBtqOtH9mNx+PKtlYHBWjbLFxm5qfwpsbcJbBhGzTvAXTMq3VgDwgAaE9WnUn7qXcZw2W4VHuySPwFbI7TcMRgSAFjaqDj7IVWLtNzQKsbefpXZFKTsLgD4LFGdzAqx4Z9PPlVe4XYJ8TGjlxINM1QU6R5ft+I9T99R4RSDrWHEL+xHKi8PfBE8xSyewrYv7R8gRBImRv5VBYJ5xtE848uhojid7M01lZSsmCjACKztvJqPFtyr61oK3MyDbLGdCQRtFWP/ACyXTK+vmedVW3iYqS9jAFrND20AcTvKGJXlSVsTmJqfHHQxzqHB2Yp9VC2S4EGfKnmBxMaAULh7NGIpA0AoRygsK4RxW9buhuWmnKtw4DjouJnYRAmtQ9n7YZpIj02pn2v41lTID8BXRWoKmxP214qbt1jPh/CkKsJ0HwqHFXqL4daB1ouSiI1e7DrODDHb4cq+bAgtBgehnSjOH4P6zTlFQXsTbklRNQlIpSSJOP2+7UZArAiDPL5c6S8K4jAynQ9QNazxWK6a1PwmwpPi3P8APwpkrVMTcm4DxcqzLmMNoR1HnTHHYPMIQVPwjs0GuDUHrWyrvYopbzIOWo/Ks9tylNqjXHD+FKiFmIkDnSHEWA6knU7g+nKn+Pw5zFSPw+YoF+GwZGkfzttUJZXqNyF3ZLtELDk3bWaB4Z0Hx0NLuOdpu+vG4iqn7KAxp1pjjeKlWykK49IND4rG2olUyN1rtx99D6tqJl4kzDcqetJcRYZjJJNS28ewIOmnlv60cuNG8AelUvTyEoW4G+VbXn5U+GJUayKQ8QeeVCHCtoKjOOrmJQw4nxw5jHTSKT43HFwATNNMBwwqZYfOpMbgdJgATQSjjWweQuwbQBNd+GuM7HALL25LQwHI612bXyvrPkn63/X+ie50N7ryfvMrTwf556VX+0Vi3nnnz8qb44eE/D7xSnIDvXu9WLro2f6R/sxK8evHXwE+EsLlzaVVe2XFBHhO1EdpccESAa1lfzO25gmvojlZwTlWwws3bl5oO1Wzs7wrJcUGiuy/A4ANOVws3B5Gmg7EjHfcsfcBBIX+NB4LtAqtERPXrRfH8Xkt/CtMY7tHnxMch0pnKmPqo2bi7ha6WG3Wo8biCokyTQVniSlRlosXwwg1lKxiTgKyZ3mnnDMZaJIOh6HSkCY4AwseoqK1LtJ1prCXjCcPUnOAPWsDdANKrHGO7WPspS/E5aeVZsOyLmtpTqd6U8XtSMqxB3/hWGHxOcaHaibWMQaEg0FIzQixOEtyBu3X+NPOBWQiwN6Fv3EUk0NhOPDNHyoahUW65jQo1qIYmdRSfF8QBFSXsdkSafUNZ5jb3iqa9jlVeVUDivE3LZhTLg795GbTymg3sKpWGYTCd4xLc9qU8cwjqfCCRO9WfBXMrRypu9tSNai46kZxsR8GWVE0RcvhHECT1pX2nlV8Jj0qr8N7RlXVbgMExnn7aSOStmG6NlY62jQSgadzQ9l0QHKmWelR37ilND6a71hg+IrEMII+VXWQakz6xbRuZUzPqaJbhJIMGOhoHFcSQmBHnWD8QIIKtoOR1BprAKeJXsRbzK/iXkYpUOF95bPeCRyq98IxK3wxIEjSPxqido8ebdxkJhTTN9wso3syDhPC0tksBsNNZ+ylfaHEIQSdT1ipcXi8okHelXG+FXXt5i0DoKgszvck1tRQuLFWaDO+gFXXshw5LYnn0rX/AHVy3dzgA5dRIkVeOCcRNxcxCgneB93QU0pakSS7S78I4mslTqrAgiqb2ywqrOXmdTTTBXstK+1OMGnPyrj8NWyGe6Gns7s+HYR50/7SYtbaGT8OVJezuMt92BmysflVL9oPGjJWZAorKM5qKCcBxsPdVAx1bppVp7f27FxXBYSuhWdZiqD2IxSE+6Q591gARNWDh/Zw5mLEnmZPM6/GaMstCarQ49mHFhatKCdtxTDtt2+lSEgAczv6Cq0mCAzAcqoPbvG5VP31KHF9gvhtKJOKdqHfnznaSfj0oluKXXSCZHSq32VRYzMd/LWn9riYVgBrNCeXW9yetsO7P8FTVrm/KnnCr6ZgJAjapXxNoIMwWSOVUni13UlQRFO6fIakt2bR7S9nrF2zJKggbzvWp8dbVJVTmG1ALjHY6kxRTXSI0qc5VsCclLkYcRwTKql9M2w5x1io8Kh3rO8STJk0bhkhag2iTS7AC3fZZMRSri/HZI3leXKnvGHPdxH+1VR/RCWGlPGnuaWwQmAznNG9HX+BwNtasXCcD4R1ojiCQBS+G3pCIrfDMF86fYO1ApfhGMk0a92BU8j3Fo+xGIB0O42P4VWuM4fO2nL4U3VJ1qDFYmWCjc702O48h4oRYWyQas2CMQdvuqWzw7WvcUu6n+TWlOw8gG7wxnYsNSenOl3EbNxNCkCd+dGYUvbJKkiele3mZz4yW89TVNbqmgUhQ9j60wKzxuAQrI5ddwfxqxW+HKVyzQHF8CFGlCLsyQnbDFVkVYOz14lYiKSWcS3u8ulWzgyabUjbSpmitwnGNlWKWd11ojiN6TWK6/jTwWxRoGsXcpmNKPxnF7ZSAJPpUWMwyESG16UDcsQJoSSbFbPsOk+UmpMepCx9v51JwhJpxicJpU3NRYEzXHELragEwxg6b1lhcHGkQOZqw8T4fl16Gl2L4iGWNq6Iz1IbmZG3oI2r2xa5ffXvD9RRuDTWuaa3A4ob8GwoGtOe+gUrOgpVxXikUIxsrHYm4k+Y+X4VXeIWYOgAk7+VTtjdJpf+mSfFtVnjYk1Za+ymHBMk0/uCG02qr9mspM5tqsWGbeNutc8oULGLR5xt5FVuzjAZT7Yp7j1kUgwjIp1mZ0I5GpuArjZP2du5WMnWr/wx5E1rW4wLZoAPOBAJ6xyPpVm4VxaI5UdI0XRaOIWcwqgdpeGyZq6JjpFJ+LJM1THOijKDirpACLud6JfDZAPtrPi2HymeZqHvJ0rpu1ZMHxjURw5qhvW6IwFuoyZNmTW9Zr1roFY46/FC4e3NFLYYIRZ1rwtXt65ApVdxGtNWwaD2ANCYuaYYVdKg4pa0rY1YYwsXYbU07w+EG9BcEwnM0dcGoPLkKXJGhXEzwyax8qY4dRBB6UO1GYZJFcKnUgVQt7wpMUh4ijMcxMk1b71vQxSG7htYr1sWW0FKyuNbIMmjsHjgNKIxqDX0pJbNNLdbmLBicS0RJy0O9+BA0r3CnMI6UNct6wa5YzVgPcI0mrNgcHpIqr27UGm9jEMBB1H20XN3sFuhnhe0IRoMrr724rbnZLt8HQIYOkSNq0glgN50Tgb3dbaeVHdlFm2NpdpOAzmu9daoOOxQgjmOlFWe11wrl1NIjh2ZietBySe4JTvkIMavimoQTT/F8IPSo/8AJ8cq6HxCSoXkBYbB5q9/Rcp15UyxF4KABvSfG4mTA+JqsJWiqRM15aJ4a4P5Ust4DnNFYVcoLbfztRqxGtwntW0quUxGtJzxUAAHU8vLzoh7+YNPQmkFuzrNVUVppjB2HclyZOvnXf1cF4FRIrvSvkXWh+L/AK/0T2+ifdeQF4p7h+H3iq5xHGhBTztLiQlp2Owj/wAwFaY492iLmAa9nqzv2On+kf7MQ9ISqa+AL47jjdkCsOzfDGzrPWrJ2D4JKZjqTTnDWFW5FfRktzzktyw4VMifCl1q9BnanN4grVU4vhSsmdOlMnSKvYx7WcZ8BHlWlsJigMRrs38ir43FkMox11rXPa7HIG8J1mkmyEpbm48Fj1yBVEaV7exJAqmdhcYWGvSrZeWarBUPqCMLcG/WmHDbjCSDSHC4czXuZ1OlM0UToe4q8x3NVbtH2i7swdK9xvHsurfGta9qL7Ym4MkgDnUpbkpyNs8J7XQsggihm4+WOYaVq3A8Jufxq6dncAViTSp0bwj5FyPF2KAfOgMNiyXncVhxNwBA1NE8LsRbJ51XbSZttlht8QzERUHaDjkCKw4JiUCgkwTS7itlWOhmaV8qNJuhe/GJ9KtnBuIIVAG9ULiWGyUy4NxBQAa44zadMTHKnuXUXCXGunOmvEOKBFkmqBxftlbUb61RuM9qb1+Utgx1rp1UiryJFh4p23e7eCJqs+I+X5084slsp5xtzql9i+CZPEfeNWXH2WI2FTitT3FUm1uV4doXtkAsSo26j+FXDg/aVWUazpVbPZgt4moTjWHNseDT0qmhpiqbRsbA3FHi3mnNm4p8q0jw7tiVID6Rzqx4ntcsCD6GaPhEiqypl/xeJyHwGDSri1gXBNzU/bVDxPazzpZj+1YIjMR8aHhV3iyyIddqOJBUI0EbdTVQ4d2uuRkY6fhVa47xoSTqx6k0s4TxUBta58kr5HPPIX7tBxkLbOUTpS3sr28t5chEGguNcbtlISZ5iPxqi8Owx7zNtJop+KFTo3nhcbn8WwrHG3QzASPWlPBbgyVA13xa7VwRe4motfFsCCm6zHLStY8fuZZEzFOcZxkrOum1U7HYyW1q3MScrHPA+KNbIKqCIq0YTtBdusC3hUdN/jVJwPERqBr0mj8PxM8ue/lTdhoTaVGwsXiRGlULtNhC++1OrGMkUDisUZrmgrkaW4NhrShI8qFJlgekUt43iivPflX3Dr/WquFCVuXvE8RW4sAbRrSHjvEwqZFGp0mpeFN1oHj+XTSmg6ZTU2L0BAEmSaNt3qXKaKw6zQmxLDLQmnOBsaUvwwo+ziAKjJmQLxfaOmopFgrJLSaZcYujrUHDaytILQ+wWgoDi1+j12pNxY6Uca3EaAu85UVabNSnDDU0ww90LVJqhYh1/QaCoOGcIJbMahw+ILGrFwxtKS2kURLcUKKU4u+rGIrLjOMnQUswkzRjDazNBD4b5VLg8LrU2H1NNDYAFCU+wVCy4u/lWGJwTMmYn50dibMig3x8eGCR9lGMu4NiO1htZinSXgF0qO408qExlyKdqwwR5dv0VwywDMmKUXdADzNSO7ESKEShNiBDQNqKu2pWl+HtE60+wliV3oZHRNg3BTGlWLNFK8DhROpovF4iNOVQk0zaSndtMYw2MCarGHuU57aNNI8Ea7YrxAjzhuIIpm2MAIpPhblGXxKz0qSW+5osYX8ZpVexrknea9xGINY2BRvSxm6CxhpFB4jBTIprbxGkVjiMPOtBzYGyPg2GK6c+dXSxbygAbc6p+BxhUw2vnzq0YTFSK53Jt7iqYRjX0qpYj3jHWrRjXBFVh18VVVUNLkF4axOtQXr5UxNMbdwKKR8UxILVJRsmP+FcRpmcRNVHhlyniiRS1TCmLeNGTQyIKyuoZg1lFW1bUCTPGs1jmiiuVAYilTCwVVzGaOyQKywlnSvbyzR1AFGMuSaBxFuKbXbIBoDiTaVSEtzWH8Fu00u2M1Vzg9+KsiXtNKOrTItB0gbELAjah3uwPuo67Y5mq7xHEwafTrQr3GuHxfWmfD71VO1cnWrBwxpFeZmxuLsmx3cNLsTbBo+2NKHvpFX4fJQU9hDxHDE6D40pOHirLd+VB3rE13LKpbAStiqwSDR1xZE06wPBwwAIqXiXAMgkH4VwZY77AlEr+Wp0viKxNugscYpsTvZgSslu40KdOdGcOs5+e9Vq3v8AhVl4Pisutd2rSVhBJls4bwQAVHi0CmBQv+WjEClHE8dGpOpqei3bL6Ircc3Lw6jz1oPH3wfhSi3dBHrWZas8aEdM8b76ytYQeR+FKb9+TpWVu+RzIp7pE9RZMPglPSlfaG4oaANBvHXnQtniLdZrC+071F5XYHLYhNyQQo30msrOBAH31GLmWvL10kU2PJJ8wRbZDh3gmBXfFcL8KwEjX513RXzDrPafrf8AX+ie90T7ryfvKx7UmjB3v9j/ANRK0PwPDlnk6Ca6I7YYLvLDp+tl+x1P4Vp7tXwbuYI5Gva6tJV0bP8ASP8AZiL0l/ap+8bO7N3FW2I6UG2FPeZqpHZvtRqFrYljFBlmvoymqOOO+55d4nGlCcYxWZdKrHaHiYD71LwHiYdspNSc7C5Gsu2yMtyddapXFrmo6zW5/aNwsMJA251pbiFpjcIPWtKexzZLs2z7LF0q8PgyWFVf2b4bKgNXFOKKG3rpxz2LR5EHGMUbY0FJ8HxuZEeKrPjbQcTOta94tjRbcjQE86DnexnKitdqrzs5FFdmLQUa8968xNzMZr7OY0rnlLejnc9yx/pC7mNKFxXGxMDflVXx2JIFV+5jzNM5bWhnI21wjFiJJ1o7iPaxVTLFa34RxokeYqDHYwk60kc1gWakWvAcaLtE6dKbNxhVGp1qgcNWmWBtgknf1qT4h2KsoTxPizXJ3A5UhxOPuA5QTVlu2FRSzUq4PYN5jA0rbvcbdjLs3wTPBYyfOtldneAoq6DWqfgcC6e7TOx2ka0fENOdMrT3LQdcxpfwLKSdlqq8b7XIhyhpbYz99MO0/bBXQweXKtJ8UQvcMbjWTTrJpDPIuw2le7XDLq320lwnaY3mIWqdgb65st0b6Zht5SKfcPuJbBIIPpT+Eb5klJdpYb/BQQSd6p9206uY2p5h+1qRDEfjSPHceBmBE7VPJJULKa7Bff4kc2pmKExONJOpoY2tz1oS61cKe5zatz3FPNA2zrAqVLZY0z4FYUHxCrwjYbJ+BoD7wPypg+Hlh5UQ2LQaL9tEYO3pNLklQbGfDr0CDX2J118qBbrWFzFggiua+0F2JeJYwzHKvTwosuY/CoMRq0U9wFtsoE6VaE0KtxHgrRmANudDY664YdKsbqFNJ+KQTXSa6GfC+JaUfhLmYk1XMIkVYuz4muadR5Fb2K/x2zrWfCrEamnHGcIJqDutKpGVoyZ9iMTG1CNJoixYk0U2Dig2uwEpC1bUUZg7fOvlsE0RdECkbAj27eil97GedA8RxvShMI8mioUgqVDWSaPwK0NZSjJqb3GbC3u0k4k7Gibt2se5mqQVCMVJIms7dotvTO7hNqZWsMoXbWjOaoUWcOwpHpTFcQdqytAQagAFR1DRB77VnbShcW8Gihc0iqWOE8ObU+VMHxNKcPbgGpRNJKNsRsM/SIoe6k68qFZzNH200o1QCB6X4nejL4JqF7OlPexSIrAkxTbhi8jQkAHWvb1+NqnO+w1sPxWHCHTY61gcYAK87wuAaHxOGMU8VfMoogz8dho3pguOzCqtjsCcwNOMBtTZMcVuibe4r7T66VX7cg1YOL6mgO6p4OkZKz7A3qfWoj4UiwyCaaYd9KWYOQsxI1r029JFeusmjrWAJGkelB7sWhZh75DU2HGR0pNirRB1pdisVB0qjjq2GG7YuXq08IvVQMEpJ2q+cD2E1CUNIEhjiX0pGzxNO8SNKQYhd6zWw0k6A+IY4ilS3+dfcWeKDw4JquKHigS2H/CMTVqw14RVFwGlO+HYgtUsuMRjHGN4pFRqK8umvkFQMe39qGdaMu7ULMmmRibDtUWNMUaigCgL5zGsjAeJUnWkfE7h2q94TAzFC8T4CCdKvjaXMpGBVuC2DNWzCWKywnCYonFCK4eIyPVsJJ7gHEblVDjb1ZuJiq1j7Jrs4SdjQe5jgbvKrBwl40qsWDFO8Bdim43GqNNFqsmpH1oLD3K9v34rx8cqdCR5kd4CsrOAJpXfx2tP+B4uRXqY1SsokTYO5k3qLivHARFfcUYdZpDbsSSaZq0aSJrFudajx2B0ppw6xTzD8NkVzw2YkYmubWE1qZrcVsI9nweQpFxbgwWuuM4sqluJ7V0R+FIOK38z+lM7wigUw0nSrxkkaU+wM4bbovFpAqXCJAr3Gtp5VNzti6thBZETXuLNZuaiw760kpInZhaBB2oy9YaJii7KDepL7iN6DkhlIVMnWp8OQBrUT1hbWaHPkC+4b8PxwGldtVwdet13jXy7rKjXrf8AX+ie70OtpeT955WuvaxhSFJjw9Y0/h8a2NX1fkfU56p8/RE3pWqEucXt5U+xno8Tw0cy3ORMBxBlvabVs7Cdo8qidNK3bX1ftfwof/X+f9k449GafdfIcu9suOyd/Ssuw+MaZJNdQV9U31nX+L/P+yK+i9/bfJ9ZpDjOMJX4VrjuA13XfrXW1fVvwm7f3f5/2Qvou/dfIaw7IWlFqKqfa29Dbx5it919SrrNkuWD5/2QroyvdfJ9Zznw/t66KUInoaq+JxjXbmdtQeVdaV9Vfwo//X+f9kV9F37r5PrOWv0mNOVTfp0Cun6+pX1nW79b/P8AsiexH53yfWcr3cUG0pPxDhp3ArsCvqp+FFf7b5/2R/Yr875DjZDA6Gov0iTXZ1fVF9Ziu1w/z/sk30P+d8n1nKfDLsiBWFzEFTpXV9fVP8JP/B8/7Jl0P+d8n1nKPEeJM65TzqzdhbuRYImuiK+qses2vxf5/wBkpHoqvdfJ9ZrfAcStAaiKp/tHxdsqchB9N63xX1U/Cj/9f5/2R30Z+d8hxLjONumkVjwbEGcx3NduV9SfhO/+v8/7JL2J/O+T6zjnH3FiW3pPhs3LUHlXb1fUsus2/wAX+f8AZA+h7918n1nD2Nwh3Ij8ajs29RXctfUkusq/8j5/2RH0L+f8n1nGaWZG1BYnCV2zX1Iusen/AGHz/sgXQn5/yfWcR2uHc6za2RXbNfVVdZlfi/z/ALI3sN+d8n1nF2CsGafYZYrrOvqlPrIcv8j5/wBkHsL+f8n1nKtzDEjSq7xbCla7Mr6susiv8j5/2Q+wv53yfWcQYO/4hV4w5lfhXU9fVvwj/wDB8/7JvYX875PrOLONuwbQ6ULYvda7dr6r/hO2r1v8/wCyb2G/O+T6zjFGBqxdnxFdWV9U5dZN/i/z/sh9h/zvk+s5a4pBNDXF0rq6vqVdZH/B8/7IPYb875PrOSrV0AwKZ4a3m9K6ir6t+Ej/AIPn/ZN7DfnfJ9ZzTYwFL+L2NIrqavqy6yN78B8/7I66HX5XyfWcQcUQgxR3DcNprXaNfVR9Zlr+7/P+yBdD/nfIce4ZqLunSut6+qf4SP8Ag+f9k3sP+d8n1nIA1ovC611pX1H8JP8AwfP+yB9DfnfJ9Zyg1D4vGQK63r6lXWP/AMHz/sg9hvzvk+s4+w9+aKvDSut6+rPrH/4Pn/ZG9h1+V8n1nGazOtMcCtdd19WfWRf+R8/7JvYf875PrOURRtizpXUNfVvwkf8AB8/7IPYf875PrOXXwQqdLekV03X1H8JH/B8/7JvYf875PrOXsTagUsumutK+o/hJ/wCD5/2RvYj875PrOPryzQ9zD12TX1Musuvxf5/2QexH53yfWcj4B9KLuHSura+ofhK3/u/z/sj+xX53yHIWJw81E5iuwq+ofhJ/4Pn/AGRfYj875PrOIMSdTQl+70ruqvqddZn/ANf5/wBky6J/O+T6zh/h9rrTLua7Or6hLrLv/I+f9k3sR+d8n1nGGHwJmaaWUrruvqX8JX/B8/7IPYf875PrOJu0Lg1UkSTX6C17Vo9Z1L+7/P8Ash9iPzvk+s4T4dbg1a8H5V2DX1Tl1l3+L/P+yb2I/O+T6zkHiOKyrVfGNmu3q+ofhK2r1v8AP+yF9E37r5PrOCeJvPzo7AYOFruivqZdZlKvW/z/ALIPYj875PrOGUw5mKeYawFWuyq+oS6y7/yPn/ZF9h/zvk+s4vwzSZou5vXYtfVJ9Y3/AAfP+yD2G/O+T6zjPG3IofCDnXalfUV1j1/kfP8Ash9h/wA75PrOOMU/hgUIw0867Sr6j+Ej/g+f9kPsP+d8n1nKPBMSCBO4phcieldPV9W/CR/wfP8AsjexP53yfWcq3rvy5UsxjzXXtfVKfWIpf5Hz/siy6Hv3XyfWcaXUmleOw812/X1Ni6xtH+R8/wCyBdDV7r5PrOCP0ap+GHWu8K+q2TrL1qng+f8AZC+iL918n1nGuFOlfYgV2VX1cT9X6u/AfP8Asiewv5/yfWcLY8RX3DuIkV3TX1dmPrJ0qvAfP+yOuiK918n1nEzYwmjcAhNdmV9RfWXf4v8AP+yH2I/O+T6zkzCACneCx4FdMV9Un1jf8Hz/ALJl0RXuvk+s50XjCUg49jFIOtdVV9TR6x0v8j5/2R/Yr875PrOG8RckmhrTAGa7tr6qLrMX+3+f9kX2J/O+T6ziDD4iaLxBEV2pX1K+spf7f5/2RfYdflfJ9ZwtjWHSgrTiu9q+oLrIj/t/n/ZB7DL8r5PrODr12BWWCvZq7vr6mfWUq/u/z/smfQ353yfWcM37MUvxF2K72r6tDrL0/i/z/smj0PXuvk+s5o9iPs1u37iYjEIUsIQyq4hrzDVfCde7mCWIhthMkjpevq+r8P0909n6Wz+Fy7JbRiuSX8e9nqcPw8cMaR//2Q==');
/*!40000 ALTER TABLE `canchasimagenes` ENABLE KEYS */;
UNLOCK TABLES;

--
-- Table structure for table `canchaspuntuacion`
--

DROP TABLE IF EXISTS `canchaspuntuacion`;
/*!40101 SET @saved_cs_client     = @@character_set_client */;
/*!40101 SET character_set_client = utf8 */;
CREATE TABLE `canchaspuntuacion` (
  `IdPuntuacion` int(11) NOT NULL AUTO_INCREMENT,
  `IdComplejo` int(11) NOT NULL,
  `IdCancha` int(11) NOT NULL,
  `IdCliente` int(11) NOT NULL,
  `Puntaje` int(11) NOT NULL,
  `Fecha` datetime NOT NULL,
  PRIMARY KEY (`IdPuntuacion`),
  KEY `CanchassPuntuacion_Canchas_fk` (`IdComplejo`,`IdCancha`),
  KEY `CanchasPuntuacion_Clientes_fk` (`IdCliente`),
  CONSTRAINT `CanchasPuntuacion_Clientes_fk` FOREIGN KEY (`IdCliente`) REFERENCES `clientes` (`IdCliente`),
  CONSTRAINT `CanchassPuntuacion_Canchas_fk` FOREIGN KEY (`IdComplejo`, `IdCancha`) REFERENCES `canchas` (`IdComplejo`, `IdCancha`)
) ENGINE=InnoDB AUTO_INCREMENT=9 DEFAULT CHARSET=latin1;
/*!40101 SET character_set_client = @saved_cs_client */;

--
-- Dumping data for table `canchaspuntuacion`
--

LOCK TABLES `canchaspuntuacion` WRITE;
/*!40000 ALTER TABLE `canchaspuntuacion` DISABLE KEYS */;
INSERT INTO `canchaspuntuacion` VALUES (1,5,12,11,4,'2016-05-26 00:00:00'),(2,5,12,20,2,'2016-05-26 00:00:00'),(3,5,12,21,5,'2016-05-26 00:00:00'),(4,3,8,14,5,'2016-05-26 00:00:00'),(5,5,11,14,1,'2016-05-26 00:00:00'),(6,3,8,7,2,'2016-05-28 00:00:00'),(7,5,11,7,2,'2016-05-28 00:00:00'),(8,6,16,24,5,'2016-05-28 00:00:00');
/*!40000 ALTER TABLE `canchaspuntuacion` ENABLE KEYS */;
UNLOCK TABLES;

--
-- Table structure for table `clientes`
--

DROP TABLE IF EXISTS `clientes`;
/*!40101 SET @saved_cs_client     = @@character_set_client */;
/*!40101 SET character_set_client = utf8 */;
CREATE TABLE `clientes` (
  `IdCliente` int(11) NOT NULL AUTO_INCREMENT,
  `IdPersona` int(11) NOT NULL,
  `Usuario` varchar(25) NOT NULL,
  `Contrasenia` tinyblob NOT NULL,
  `IdEstado` int(11) NOT NULL,
  `FechaAlta` date NOT NULL,
  `FechaBaja` date DEFAULT NULL,
  PRIMARY KEY (`IdCliente`),
  UNIQUE KEY `Usuario` (`Usuario`),
  KEY `cliente_persona_fk` (`IdPersona`),
  KEY `cliente_estado_fk` (`IdEstado`),
  CONSTRAINT `cliente_estado_fk` FOREIGN KEY (`IdEstado`) REFERENCES `clientesestados` (`IdEstado`),
  CONSTRAINT `cliente_persona_fk` FOREIGN KEY (`IdPersona`) REFERENCES `personas` (`IdPersona`)
) ENGINE=InnoDB AUTO_INCREMENT=33 DEFAULT CHARSET=latin1;
/*!40101 SET character_set_client = @saved_cs_client */;

--
-- Dumping data for table `clientes`
--

LOCK TABLES `clientes` WRITE;
/*!40000 ALTER TABLE `clientes` DISABLE KEYS */;
INSERT INTO `clientes` VALUES (2,2,'cliente','cliente',1,'2016-05-02',NULL),(3,3,'aaa','asdasd',1,'2016-05-02',NULL),(5,5,'ccccc','asdasdddd',1,'2016-05-02',NULL),(6,6,'asdsadsa','sadsadsa',1,'2016-05-02',NULL),(7,7,'asdsa','',1,'2016-05-02',NULL),(11,11,'lean095','asdasd',1,'2016-05-02',NULL),(12,12,'asdasd','asdasdasd',1,'2016-05-03',NULL),(13,13,'enriquecito','atpatp',1,'2016-05-03',NULL),(14,14,'leocab','atpatp',1,'2016-05-04',NULL),(15,15,'pipa6','nn',1,'2016-05-04',NULL),(16,16,'banfield','banfield',1,'2016-05-04',NULL),(17,18,'tevez','tevez',1,'2016-05-06',NULL),(18,19,'pruebita','pruebita',1,'2016-05-07',NULL),(19,20,'lk','asd',1,'2016-05-08',NULL),(20,21,'cliented','asdasd',1,'2016-05-10',NULL),(21,22,'ivan','atpatp',1,'2016-05-10',NULL),(22,23,'maty123','123456',1,'2016-05-10',NULL),(23,24,'asdasdas','asdasd',1,'2016-05-10',NULL),(24,25,'asdsasadsad','asdasd',1,'2016-05-10',NULL),(25,26,'aaaaaa','asdasd',1,'2016-05-10',NULL),(26,27,'sadas','asdasd',1,'2016-05-10',NULL),(27,28,'asdasd3','asdasd',1,'2016-05-10',NULL),(28,29,'asdas','asdasd',1,'2016-05-10',NULL),(29,30,'asdsaddd','asdasd',1,'2016-05-10',NULL),(30,31,'pruebaaa','123456',1,'2016-05-10',NULL),(31,38,'juan','123456',1,'2016-06-05',NULL),(32,39,'TORNEO','torneos',1,'2016-06-08',NULL);
/*!40000 ALTER TABLE `clientes` ENABLE KEYS */;
UNLOCK TABLES;

--
-- Table structure for table `clientesestados`
--

DROP TABLE IF EXISTS `clientesestados`;
/*!40101 SET @saved_cs_client     = @@character_set_client */;
/*!40101 SET character_set_client = utf8 */;
CREATE TABLE `clientesestados` (
  `IdEstado` int(11) NOT NULL AUTO_INCREMENT,
  `Descripcion` varchar(30) NOT NULL,
  PRIMARY KEY (`IdEstado`)
) ENGINE=InnoDB AUTO_INCREMENT=5 DEFAULT CHARSET=latin1;
/*!40101 SET character_set_client = @saved_cs_client */;

--
-- Dumping data for table `clientesestados`
--

LOCK TABLES `clientesestados` WRITE;
/*!40000 ALTER TABLE `clientesestados` DISABLE KEYS */;
INSERT INTO `clientesestados` VALUES (1,'Activo'),(2,'Inactivo'),(3,'Activo'),(4,'Inactivo');
/*!40000 ALTER TABLE `clientesestados` ENABLE KEYS */;
UNLOCK TABLES;

--
-- Table structure for table `clientespagos`
--

DROP TABLE IF EXISTS `clientespagos`;
/*!40101 SET @saved_cs_client     = @@character_set_client */;
/*!40101 SET character_set_client = utf8 */;
CREATE TABLE `clientespagos` (
  `IdCliente` int(11) NOT NULL,
  `NroTarjeta` varchar(16) NOT NULL,
  `Mes` int(2) DEFAULT NULL,
  `Anio` int(2) DEFAULT NULL,
  `Codigo` blob,
  PRIMARY KEY (`IdCliente`),
  CONSTRAINT `pagos_cliente_fk` FOREIGN KEY (`IdCliente`) REFERENCES `clientes` (`IdCliente`)
) ENGINE=InnoDB DEFAULT CHARSET=latin1;
/*!40101 SET character_set_client = @saved_cs_client */;

--
-- Dumping data for table `clientespagos`
--

LOCK TABLES `clientespagos` WRITE;
/*!40000 ALTER TABLE `clientespagos` DISABLE KEYS */;
INSERT INTO `clientespagos` VALUES (2,'4517690067067385',11,18,'123'),(3,'4517690067067385',11,18,'123');
/*!40000 ALTER TABLE `clientespagos` ENABLE KEYS */;
UNLOCK TABLES;

--
-- Table structure for table `complejos`
--

DROP TABLE IF EXISTS `complejos`;
/*!40101 SET @saved_cs_client     = @@character_set_client */;
/*!40101 SET character_set_client = utf8 */;
CREATE TABLE `complejos` (
  `IdComplejo` int(11) NOT NULL AUTO_INCREMENT,
  `Nombre` varchar(60) NOT NULL,
  `Descripcion` varchar(200) NOT NULL,
  `Estacionamiento` tinyint(1) NOT NULL,
  `Buffet` tinyint(1) NOT NULL,
  `Duchas` tinyint(1) NOT NULL,
  `Parrillas` tinyint(1) NOT NULL,
  `WiFi` tinyint(1) NOT NULL,
  `HoraCobroLuz` time NOT NULL,
  `PorcentajeSeña` int(11) NOT NULL,
  `HorasCancelacion` int(11) NOT NULL,
  `TiempoReserva` time DEFAULT NULL,
  `Email` varchar(60) NOT NULL,
  `IdEstado` int(11) NOT NULL,
  `IdDuenio` int(11) NOT NULL,
  `PorcentajeLuz` int(11) NOT NULL,
  `nroCelular` int(11) DEFAULT NULL,
  `nroTelefono` int(11) DEFAULT NULL,
  PRIMARY KEY (`IdComplejo`),
  KEY `complejos_estados_fk` (`IdEstado`),
  CONSTRAINT `complejos_estados_fk` FOREIGN KEY (`IdEstado`) REFERENCES `complejosestados` (`IdEstado`)
) ENGINE=InnoDB AUTO_INCREMENT=7 DEFAULT CHARSET=latin1;
/*!40101 SET character_set_client = @saved_cs_client */;

--
-- Dumping data for table `complejos`
--

LOCK TABLES `complejos` WRITE;
/*!40000 ALTER TABLE `complejos` DISABLE KEYS */;
INSERT INTO `complejos` VALUES (1,'Open Gallo','primer complejo',1,1,1,1,1,'00:00:00',50,24,'00:00:05','open@gmail.com',1,1,0,1532325691,42596320),(2,'Todo Fútbol','Las mejores canchas de lomas de zamora, veni a disfrutar del fútbol!',0,1,1,1,1,'18:00:00',50,24,'00:00:05','todofutbol@hotmail.com',1,4,20,NULL,NULL),(3,'Oasis','Viví el fútbol en Banfield en Oasis!',1,1,0,0,0,'18:00:00',40,24,'00:00:05','oasis_banfield@hotmail.com',1,5,0,NULL,NULL),(4,'Maracaná','Puro fútbol en escalada!',0,1,1,0,0,'17:00:00',35,48,'00:00:05','maracana@yahoo.com.ar',1,6,20,NULL,NULL),(5,'Los Lagartos','Excelente para jugar con amigos, vení a Los Lagartos!',0,1,1,0,1,'18:00:00',20,36,'00:00:05','loslagartosfutbol@yahoo.com.ar',1,7,15,NULL,42450020),(6,'Las Heras','Fútbol Las Heras, tierra de cracks!',1,1,1,1,0,'18:00:00',0,48,'00:00:05','flasheras5@hotmail.com',1,8,18,1130986632,42025633);
/*!40000 ALTER TABLE `complejos` ENABLE KEYS */;
UNLOCK TABLES;

--
-- Table structure for table `complejoscomentarios`
--

DROP TABLE IF EXISTS `complejoscomentarios`;
/*!40101 SET @saved_cs_client     = @@character_set_client */;
/*!40101 SET character_set_client = utf8 */;
CREATE TABLE `complejoscomentarios` (
  `IdComentario` int(11) NOT NULL AUTO_INCREMENT,
  `IdComplejo` int(11) NOT NULL,
  `IdCliente` int(11) NOT NULL,
  `Comentario` varchar(300) NOT NULL,
  `Fecha` date NOT NULL,
  PRIMARY KEY (`IdComentario`),
  KEY `ComplejosComentarios_Complejo_fk` (`IdComplejo`),
  KEY `ComplejosComentarios_Clientes_fk` (`IdCliente`),
  CONSTRAINT `ComplejosComentarios_Clientes_fk` FOREIGN KEY (`IdCliente`) REFERENCES `clientes` (`IdCliente`),
  CONSTRAINT `ComplejosComentarios_Complejo_fk` FOREIGN KEY (`IdComplejo`) REFERENCES `complejos` (`IdComplejo`)
) ENGINE=InnoDB DEFAULT CHARSET=latin1;
/*!40101 SET character_set_client = @saved_cs_client */;

--
-- Dumping data for table `complejoscomentarios`
--

LOCK TABLES `complejoscomentarios` WRITE;
/*!40000 ALTER TABLE `complejoscomentarios` DISABLE KEYS */;
/*!40000 ALTER TABLE `complejoscomentarios` ENABLE KEYS */;
UNLOCK TABLES;

--
-- Table structure for table `complejosdias`
--

DROP TABLE IF EXISTS `complejosdias`;
/*!40101 SET @saved_cs_client     = @@character_set_client */;
/*!40101 SET character_set_client = utf8 */;
CREATE TABLE `complejosdias` (
  `IdComplejo` int(11) NOT NULL,
  `IdDiaDesde` int(11) NOT NULL,
  `IdDiaHasta` int(11) NOT NULL,
  `HoraDesde` time NOT NULL,
  `HoraHasta` time NOT NULL,
  PRIMARY KEY (`IdComplejo`,`IdDiaDesde`,`IdDiaHasta`),
  KEY `DiaDesde_Dias_fk` (`IdDiaDesde`),
  KEY `DiaHasta_Dias_fk` (`IdDiaHasta`),
  CONSTRAINT `DiaDesde_Dias_fk` FOREIGN KEY (`IdDiaDesde`) REFERENCES `dias` (`IdDia`),
  CONSTRAINT `DiaHasta_Dias_fk` FOREIGN KEY (`IdDiaHasta`) REFERENCES `dias` (`IdDia`)
) ENGINE=InnoDB DEFAULT CHARSET=latin1;
/*!40101 SET character_set_client = @saved_cs_client */;

--
-- Dumping data for table `complejosdias`
--

LOCK TABLES `complejosdias` WRITE;
/*!40000 ALTER TABLE `complejosdias` DISABLE KEYS */;
INSERT INTO `complejosdias` VALUES (1,1,4,'10:00:00','22:00:00'),(1,6,7,'17:00:00','22:00:00'),(2,1,5,'12:00:00','22:00:00'),(2,6,7,'13:00:00','23:00:00'),(3,1,4,'14:00:00','23:00:00'),(3,5,7,'12:00:00','23:30:00'),(4,2,5,'15:00:00','22:00:00'),(4,6,7,'14:00:00','23:00:00'),(5,2,7,'14:00:00','23:00:00'),(6,1,5,'16:00:00','23:00:00'),(6,6,6,'14:00:00','23:00:00');
/*!40000 ALTER TABLE `complejosdias` ENABLE KEYS */;
UNLOCK TABLES;

--
-- Table structure for table `complejosdireccion`
--

DROP TABLE IF EXISTS `complejosdireccion`;
/*!40101 SET @saved_cs_client     = @@character_set_client */;
/*!40101 SET character_set_client = utf8 */;
CREATE TABLE `complejosdireccion` (
  `IdComplejo` int(11) NOT NULL,
  `Calle` varchar(40) NOT NULL,
  `Altura` int(11) NOT NULL,
  `IdLocalidad` int(11) NOT NULL,
  `IdProvincia` int(11) NOT NULL,
  `X` int(11) NOT NULL,
  `Y` int(11) NOT NULL,
  PRIMARY KEY (`IdComplejo`),
  KEY `Direccion_ProvLoc_fk` (`IdProvincia`,`IdLocalidad`),
  CONSTRAINT `Direccion_ProvLoc_fk` FOREIGN KEY (`IdProvincia`, `IdLocalidad`) REFERENCES `localidades` (`IdProvincia`, `IdLocalidad`)
) ENGINE=InnoDB DEFAULT CHARSET=latin1;
/*!40101 SET character_set_client = @saved_cs_client */;

--
-- Dumping data for table `complejosdireccion`
--

LOCK TABLES `complejosdireccion` WRITE;
/*!40000 ALTER TABLE `complejosdireccion` DISABLE KEYS */;
INSERT INTO `complejosdireccion` VALUES (2,'Laprida',948,361,1,1,1),(3,'Larroque',756,55,1,1,1),(4,'Av H Yrigoyen',6637,339,1,1,1),(5,'Monteagudo',1317,55,1,1,1),(6,'Las Heras',646,55,1,1,1);
/*!40000 ALTER TABLE `complejosdireccion` ENABLE KEYS */;
UNLOCK TABLES;

--
-- Table structure for table `complejosestados`
--

DROP TABLE IF EXISTS `complejosestados`;
/*!40101 SET @saved_cs_client     = @@character_set_client */;
/*!40101 SET character_set_client = utf8 */;
CREATE TABLE `complejosestados` (
  `IdEstado` int(11) NOT NULL AUTO_INCREMENT,
  `Descripcion` varchar(30) NOT NULL,
  PRIMARY KEY (`IdEstado`)
) ENGINE=InnoDB AUTO_INCREMENT=3 DEFAULT CHARSET=latin1;
/*!40101 SET character_set_client = @saved_cs_client */;

--
-- Dumping data for table `complejosestados`
--

LOCK TABLES `complejosestados` WRITE;
/*!40000 ALTER TABLE `complejosestados` DISABLE KEYS */;
INSERT INTO `complejosestados` VALUES (1,'Activo'),(2,'Baja');
/*!40000 ALTER TABLE `complejosestados` ENABLE KEYS */;
UNLOCK TABLES;

--
-- Table structure for table `complejosimagenes`
--

DROP TABLE IF EXISTS `complejosimagenes`;
/*!40101 SET @saved_cs_client     = @@character_set_client */;
/*!40101 SET character_set_client = utf8 */;
CREATE TABLE `complejosimagenes` (
  `IdComplejo` int(11) NOT NULL,
  `IdImagen` int(11) NOT NULL,
  `Imagen` blob NOT NULL,
  PRIMARY KEY (`IdComplejo`,`IdImagen`),
  CONSTRAINT `Imagenes_Complejos_fk` FOREIGN KEY (`IdComplejo`) REFERENCES `complejos` (`IdComplejo`)
) ENGINE=InnoDB DEFAULT CHARSET=latin1;
/*!40101 SET character_set_client = @saved_cs_client */;

--
-- Dumping data for table `complejosimagenes`
--

LOCK TABLES `complejosimagenes` WRITE;
/*!40000 ALTER TABLE `complejosimagenes` DISABLE KEYS */;
/*!40000 ALTER TABLE `complejosimagenes` ENABLE KEYS */;
UNLOCK TABLES;

--
-- Table structure for table `complejospagos`
--

DROP TABLE IF EXISTS `complejospagos`;
/*!40101 SET @saved_cs_client     = @@character_set_client */;
/*!40101 SET character_set_client = utf8 */;
CREATE TABLE `complejospagos` (
  `IdComplejo` int(11) NOT NULL,
  `CBU` varchar(22) NOT NULL,
  `NroCuenta` varchar(18) NOT NULL,
  PRIMARY KEY (`IdComplejo`)
) ENGINE=InnoDB DEFAULT CHARSET=latin1;
/*!40101 SET character_set_client = @saved_cs_client */;

--
-- Dumping data for table `complejospagos`
--

LOCK TABLES `complejospagos` WRITE;
/*!40000 ALTER TABLE `complejospagos` DISABLE KEYS */;
/*!40000 ALTER TABLE `complejospagos` ENABLE KEYS */;
UNLOCK TABLES;

--
-- Table structure for table `complejospuntuacion`
--

DROP TABLE IF EXISTS `complejospuntuacion`;
/*!40101 SET @saved_cs_client     = @@character_set_client */;
/*!40101 SET character_set_client = utf8 */;
CREATE TABLE `complejospuntuacion` (
  `IdPuntuacion` int(11) NOT NULL AUTO_INCREMENT,
  `IdComplejo` int(11) NOT NULL,
  `IdCliente` int(11) NOT NULL,
  `Puntaje` int(11) NOT NULL,
  `Fecha` datetime NOT NULL,
  PRIMARY KEY (`IdPuntuacion`),
  KEY `ComplejosPuntuacion_Complejo_fk` (`IdComplejo`),
  KEY `ComplejosPuntuacion_Clientes_fk` (`IdCliente`),
  CONSTRAINT `ComplejosPuntuacion_Clientes_fk` FOREIGN KEY (`IdCliente`) REFERENCES `clientes` (`IdCliente`),
  CONSTRAINT `ComplejosPuntuacion_Complejo_fk` FOREIGN KEY (`IdComplejo`) REFERENCES `complejos` (`IdComplejo`)
) ENGINE=InnoDB DEFAULT CHARSET=latin1;
/*!40101 SET character_set_client = @saved_cs_client */;

--
-- Dumping data for table `complejospuntuacion`
--

LOCK TABLES `complejospuntuacion` WRITE;
/*!40000 ALTER TABLE `complejospuntuacion` DISABLE KEYS */;
/*!40000 ALTER TABLE `complejospuntuacion` ENABLE KEYS */;
UNLOCK TABLES;

--
-- Table structure for table `complejostelefonos`
--

DROP TABLE IF EXISTS `complejostelefonos`;
/*!40101 SET @saved_cs_client     = @@character_set_client */;
/*!40101 SET character_set_client = utf8 */;
CREATE TABLE `complejostelefonos` (
  `IdComplejo` int(11) NOT NULL,
  `IdTelef` int(11) NOT NULL,
  `NroTelef` varchar(15) NOT NULL,
  PRIMARY KEY (`IdComplejo`,`IdTelef`),
  CONSTRAINT `Telefono_Complejo_fk` FOREIGN KEY (`IdComplejo`) REFERENCES `complejos` (`IdComplejo`)
) ENGINE=InnoDB DEFAULT CHARSET=latin1;
/*!40101 SET character_set_client = @saved_cs_client */;

--
-- Dumping data for table `complejostelefonos`
--

LOCK TABLES `complejostelefonos` WRITE;
/*!40000 ALTER TABLE `complejostelefonos` DISABLE KEYS */;
/*!40000 ALTER TABLE `complejostelefonos` ENABLE KEYS */;
UNLOCK TABLES;

--
-- Table structure for table `devoluciones`
--

DROP TABLE IF EXISTS `devoluciones`;
/*!40101 SET @saved_cs_client     = @@character_set_client */;
/*!40101 SET character_set_client = utf8 */;
CREATE TABLE `devoluciones` (
  `IdDevolucion` int(11) NOT NULL AUTO_INCREMENT,
  `IdDuenio` int(11) NOT NULL,
  `IdCliente` int(11) NOT NULL,
  `Monto` double(6,2) NOT NULL,
  PRIMARY KEY (`IdDevolucion`),
  KEY `Devoluciones_Duenio_fk` (`IdDuenio`),
  KEY `Devoluciones_Cliente_fk` (`IdCliente`),
  CONSTRAINT `Devoluciones_Cliente_fk` FOREIGN KEY (`IdCliente`) REFERENCES `clientes` (`IdCliente`),
  CONSTRAINT `Devoluciones_Duenio_fk` FOREIGN KEY (`IdDuenio`) REFERENCES `duenios` (`IdDuenio`)
) ENGINE=InnoDB DEFAULT CHARSET=latin1;
/*!40101 SET character_set_client = @saved_cs_client */;

--
-- Dumping data for table `devoluciones`
--

LOCK TABLES `devoluciones` WRITE;
/*!40000 ALTER TABLE `devoluciones` DISABLE KEYS */;
/*!40000 ALTER TABLE `devoluciones` ENABLE KEYS */;
UNLOCK TABLES;

--
-- Table structure for table `dias`
--

DROP TABLE IF EXISTS `dias`;
/*!40101 SET @saved_cs_client     = @@character_set_client */;
/*!40101 SET character_set_client = utf8 */;
CREATE TABLE `dias` (
  `IdDia` int(11) NOT NULL AUTO_INCREMENT,
  `Nombre` varchar(10) NOT NULL,
  `idDiaEquivalente` int(11) DEFAULT NULL,
  PRIMARY KEY (`IdDia`)
) ENGINE=InnoDB AUTO_INCREMENT=8 DEFAULT CHARSET=latin1;
/*!40101 SET character_set_client = @saved_cs_client */;

--
-- Dumping data for table `dias`
--

LOCK TABLES `dias` WRITE;
/*!40000 ALTER TABLE `dias` DISABLE KEYS */;
INSERT INTO `dias` VALUES (1,'Lunes',2),(2,'Martes',3),(3,'Miercoles',4),(4,'Jueves',5),(5,'Viernes',6),(6,'Sabado',7),(7,'Domingo',1);
/*!40000 ALTER TABLE `dias` ENABLE KEYS */;
UNLOCK TABLES;

--
-- Table structure for table `docestados`
--

DROP TABLE IF EXISTS `docestados`;
/*!40101 SET @saved_cs_client     = @@character_set_client */;
/*!40101 SET character_set_client = utf8 */;
CREATE TABLE `docestados` (
  `IdEstado` int(11) NOT NULL AUTO_INCREMENT,
  `Descripcion` varchar(30) DEFAULT NULL,
  PRIMARY KEY (`IdEstado`)
) ENGINE=InnoDB AUTO_INCREMENT=5 DEFAULT CHARSET=latin1;
/*!40101 SET character_set_client = @saved_cs_client */;

--
-- Dumping data for table `docestados`
--

LOCK TABLES `docestados` WRITE;
/*!40000 ALTER TABLE `docestados` DISABLE KEYS */;
INSERT INTO `docestados` VALUES (1,'Activo'),(2,'Inactivo'),(3,'Activo'),(4,'Inactivo');
/*!40000 ALTER TABLE `docestados` ENABLE KEYS */;
UNLOCK TABLES;

--
-- Table structure for table `duenios`
--

DROP TABLE IF EXISTS `duenios`;
/*!40101 SET @saved_cs_client     = @@character_set_client */;
/*!40101 SET character_set_client = utf8 */;
CREATE TABLE `duenios` (
  `IdDuenio` int(11) NOT NULL AUTO_INCREMENT,
  `IdPersona` int(11) NOT NULL,
  `Usuario` varchar(25) NOT NULL,
  `Contrasenia` blob NOT NULL,
  `IdEstado` int(11) NOT NULL,
  `FechaAlta` date NOT NULL,
  `FechaBaja` date DEFAULT NULL,
  PRIMARY KEY (`IdDuenio`),
  UNIQUE KEY `Usuario` (`Usuario`),
  KEY `IdPersona` (`IdPersona`),
  KEY `IdEstado` (`IdEstado`),
  CONSTRAINT `duenios_ibfk_1` FOREIGN KEY (`IdPersona`) REFERENCES `personas` (`IdPersona`),
  CONSTRAINT `duenios_ibfk_2` FOREIGN KEY (`IdEstado`) REFERENCES `dueniosestados` (`IdEstado`)
) ENGINE=InnoDB AUTO_INCREMENT=9 DEFAULT CHARSET=latin1;
/*!40101 SET character_set_client = @saved_cs_client */;

--
-- Dumping data for table `duenios`
--

LOCK TABLES `duenios` WRITE;
/*!40000 ALTER TABLE `duenios` DISABLE KEYS */;
INSERT INTO `duenios` VALUES (1,2,'duenio','duenio',2,'0000-00-00',NULL),(3,32,'unopendiente','123456',2,'2016-05-14',NULL),(4,33,'Todofutbol','todofutbol',2,'2016-05-21',NULL),(5,34,'oasisfutbol','oasisfutbol',2,'2016-05-21',NULL),(6,35,'Maracana','maracana',2,'2016-05-21',NULL),(7,36,'loslagartos','loslagartos',2,'2016-05-21',NULL),(8,37,'lasheras','lasheras',2,'2016-05-21',NULL);
/*!40000 ALTER TABLE `duenios` ENABLE KEYS */;
UNLOCK TABLES;

--
-- Table structure for table `dueniosestados`
--

DROP TABLE IF EXISTS `dueniosestados`;
/*!40101 SET @saved_cs_client     = @@character_set_client */;
/*!40101 SET character_set_client = utf8 */;
CREATE TABLE `dueniosestados` (
  `IdEstado` int(11) NOT NULL AUTO_INCREMENT,
  `Descripcion` varchar(30) NOT NULL,
  PRIMARY KEY (`IdEstado`)
) ENGINE=InnoDB AUTO_INCREMENT=9 DEFAULT CHARSET=latin1;
/*!40101 SET character_set_client = @saved_cs_client */;

--
-- Dumping data for table `dueniosestados`
--

LOCK TABLES `dueniosestados` WRITE;
/*!40000 ALTER TABLE `dueniosestados` DISABLE KEYS */;
INSERT INTO `dueniosestados` VALUES (1,'Pendiente'),(2,'Aceptado'),(3,'Activo'),(4,'Inactivo'),(5,'Pendiente'),(6,'Aceptado'),(7,'Activo'),(8,'Inactivo');
/*!40000 ALTER TABLE `dueniosestados` ENABLE KEYS */;
UNLOCK TABLES;

--
-- Table structure for table `dueniospendientes`
--

DROP TABLE IF EXISTS `dueniospendientes`;
/*!40101 SET @saved_cs_client     = @@character_set_client */;
/*!40101 SET character_set_client = utf8 */;
CREATE TABLE `dueniospendientes` (
  `IdDuenio` int(11) NOT NULL,
  `nombreComplejo` varchar(60) NOT NULL,
  `NroTelef` varchar(15) NOT NULL,
  `Calle` varchar(40) NOT NULL,
  `Altura` int(11) NOT NULL,
  `IdLocalidad` int(11) NOT NULL,
  `IdProvincia` int(11) NOT NULL,
  PRIMARY KEY (`IdDuenio`),
  KEY `Duenio_ProvLoc_fk` (`IdProvincia`,`IdLocalidad`),
  CONSTRAINT `Duenio_ProvLoc_fk` FOREIGN KEY (`IdProvincia`, `IdLocalidad`) REFERENCES `localidades` (`IdProvincia`, `IdLocalidad`),
  CONSTRAINT `Duenio_fk` FOREIGN KEY (`IdDuenio`) REFERENCES `duenios` (`IdDuenio`)
) ENGINE=InnoDB DEFAULT CHARSET=latin1;
/*!40101 SET character_set_client = @saved_cs_client */;

--
-- Dumping data for table `dueniospendientes`
--

LOCK TABLES `dueniospendientes` WRITE;
/*!40000 ALTER TABLE `dueniospendientes` DISABLE KEYS */;
INSERT INTO `dueniospendientes` VALUES (4,'Todo Fútbol','42455520','Laprida',948,361,1),(5,'Oasis','42025074','Larroque',756,55,1),(6,'Maracaná','42485236','Av H Yrigoyen',6637,339,1),(7,'Los Lagartos','42020253','Monteagudo',1317,55,1),(8,'Complejo Las Heras','42021232','Las Heras',646,55,1);
/*!40000 ALTER TABLE `dueniospendientes` ENABLE KEYS */;
UNLOCK TABLES;

--
-- Table structure for table `equipos`
--

DROP TABLE IF EXISTS `equipos`;
/*!40101 SET @saved_cs_client     = @@character_set_client */;
/*!40101 SET character_set_client = utf8 */;
CREATE TABLE `equipos` (
  `IdEquipo` int(11) NOT NULL AUTO_INCREMENT,
  `IdCliente` int(11) NOT NULL,
  `Nombre` varchar(30) NOT NULL,
  `imagen` blob,
  PRIMARY KEY (`IdEquipo`),
  KEY `Equipo_Cliente_fk` (`IdCliente`),
  CONSTRAINT `Equipo_Cliente_fk` FOREIGN KEY (`IdCliente`) REFERENCES `clientes` (`IdCliente`)
) ENGINE=InnoDB AUTO_INCREMENT=33 DEFAULT CHARSET=latin1;
/*!40101 SET character_set_client = @saved_cs_client */;

--
-- Dumping data for table `equipos`
--

LOCK TABLES `equipos` WRITE;
/*!40000 ALTER TABLE `equipos` DISABLE KEYS */;
INSERT INTO `equipos` VALUES (0,5,'',NULL),(1,2,'independiente',NULL),(2,5,'fluminense',NULL),(3,5,'river',NULL),(4,6,'racing',NULL),(5,7,'boca',NULL),(6,11,'San lorenzo',NULL),(7,12,'Banfield',NULL),(8,13,'arsenal',NULL),(9,14,'central',NULL),(10,15,'newlls',NULL),(11,16,'colon',NULL),(12,17,'talleres',NULL),(13,18,'instituto',NULL),(14,19,'lanus',NULL),(15,20,'godoy cruz',NULL),(16,21,'estudiantes',NULL),(17,22,'gimnasia',NULL),(18,23,'almagro',NULL),(19,24,'allboys',NULL),(20,25,'los andes',NULL),(21,26,'olimpo',NULL),(22,27,'aldosivi',NULL),(23,28,'defensa',NULL),(24,29,'chacarita',NULL),(25,30,'chicago',NULL),(26,31,'velez',NULL),(27,5,'berazategui',NULL),(28,5,'union',NULL),(29,5,'onceClub',NULL),(30,5,'belgrano',NULL),(31,5,'cruzero',NULL),(32,5,'santos',NULL);
/*!40000 ALTER TABLE `equipos` ENABLE KEYS */;
UNLOCK TABLES;

--
-- Table structure for table `equiposestados`
--

DROP TABLE IF EXISTS `equiposestados`;
/*!40101 SET @saved_cs_client     = @@character_set_client */;
/*!40101 SET character_set_client = utf8 */;
CREATE TABLE `equiposestados` (
  `IdEstado` int(11) NOT NULL AUTO_INCREMENT,
  `Descripcion` varchar(30) NOT NULL,
  PRIMARY KEY (`IdEstado`)
) ENGINE=InnoDB DEFAULT CHARSET=latin1;
/*!40101 SET character_set_client = @saved_cs_client */;

--
-- Dumping data for table `equiposestados`
--

LOCK TABLES `equiposestados` WRITE;
/*!40000 ALTER TABLE `equiposestados` DISABLE KEYS */;
/*!40000 ALTER TABLE `equiposestados` ENABLE KEYS */;
UNLOCK TABLES;

--
-- Table structure for table `fixture`
--

DROP TABLE IF EXISTS `fixture`;
/*!40101 SET @saved_cs_client     = @@character_set_client */;
/*!40101 SET character_set_client = utf8 */;
CREATE TABLE `fixture` (
  `IdTorneo` int(11) NOT NULL,
  `IdFecha` int(11) NOT NULL,
  `IdReserva` int(11) NOT NULL,
  `IdEquipo1` int(11) NOT NULL,
  `IdEquipo2` int(11) NOT NULL,
  `Gol1` int(11) NOT NULL,
  `Gol2` int(11) NOT NULL,
  `jugado` int(11) DEFAULT NULL,
  PRIMARY KEY (`IdTorneo`,`IdFecha`,`IdReserva`),
  KEY `Fixture_Equipo1_fk` (`IdEquipo1`),
  KEY `Fixture_Equipo2_fk` (`IdEquipo2`),
  CONSTRAINT `Fixture_Equipo1_fk` FOREIGN KEY (`IdEquipo1`) REFERENCES `equipos` (`IdEquipo`),
  CONSTRAINT `Fixture_Equipo2_fk` FOREIGN KEY (`IdEquipo2`) REFERENCES `equipos` (`IdEquipo`),
  CONSTRAINT `Fixture_Torneo_fk` FOREIGN KEY (`IdTorneo`) REFERENCES `torneos` (`IdTorneo`)
) ENGINE=InnoDB DEFAULT CHARSET=latin1;
/*!40101 SET character_set_client = @saved_cs_client */;

--
-- Dumping data for table `fixture`
--

LOCK TABLES `fixture` WRITE;
/*!40000 ALTER TABLE `fixture` DISABLE KEYS */;
INSERT INTO `fixture` VALUES (12,1,1941,1,32,2,1,1),(12,1,1942,2,31,0,1,1),(12,1,1943,3,30,0,0,1),(12,1,1944,4,29,0,0,1),(12,1,1945,14,19,0,0,1),(12,1,1946,13,20,0,0,1),(12,1,1947,12,21,0,0,1),(12,1,1948,11,22,0,0,1),(12,1,1949,10,23,0,0,1),(12,1,1950,9,24,0,0,1),(12,1,1951,8,25,0,0,1),(12,1,1952,7,26,0,0,1),(12,1,1953,6,27,0,0,1),(12,1,1954,5,28,0,0,1),(12,1,1956,15,18,0,0,1),(12,1,1957,16,17,0,0,1),(12,2,1955,1,31,0,0,NULL),(12,2,1958,31,1,0,0,NULL),(12,2,1963,1,31,0,0,NULL),(12,2,1964,1,31,0,0,NULL),(12,2,1965,1,31,0,0,NULL),(12,2,1966,1,31,0,0,NULL),(12,2,1967,0,0,0,0,NULL),(12,2,1968,0,0,0,0,NULL),(12,3,1959,0,0,0,0,NULL),(12,3,1960,0,0,0,0,NULL),(12,3,1961,0,0,0,0,NULL),(12,3,1962,0,0,0,0,NULL),(12,4,1969,0,0,0,0,NULL),(12,4,1970,0,0,0,0,NULL),(12,5,1971,0,0,0,0,NULL),(13,1,1401,1,2,2,2,1),(13,1,1402,3,4,0,0,1),(13,1,1403,5,6,4,3,1),(13,1,1404,7,8,1,0,1),(13,2,1405,1,3,0,0,NULL),(13,2,1406,2,4,0,0,NULL),(13,2,1407,5,7,1,0,1),(13,2,1408,6,8,0,0,NULL),(13,3,1409,1,4,0,0,NULL),(13,3,1410,2,3,0,0,NULL),(13,3,1411,5,8,0,0,NULL),(13,3,1412,6,7,0,0,NULL),(13,4,1413,1,5,0,0,NULL),(13,4,1414,2,6,0,0,NULL),(13,4,1415,3,7,0,0,NULL),(13,4,1416,4,8,0,0,NULL),(13,5,1417,1,6,0,0,NULL),(13,5,1418,2,5,0,0,NULL),(13,5,1419,3,8,0,0,NULL),(13,5,1420,4,7,0,0,NULL),(13,6,1421,1,7,0,0,NULL),(13,6,1422,2,8,0,0,NULL),(13,6,1423,3,5,0,0,NULL),(13,6,1424,4,6,0,0,NULL),(13,7,1425,1,8,0,0,NULL),(13,7,1426,2,7,0,0,NULL),(13,7,1427,3,6,0,0,NULL),(13,7,1428,4,5,0,0,NULL),(13,8,1429,2,1,0,0,NULL),(13,8,1430,4,3,0,0,NULL),(13,8,1431,6,5,0,0,NULL),(13,8,1432,8,7,0,0,NULL),(13,9,1433,3,1,0,0,NULL),(13,9,1434,4,2,0,0,NULL),(13,9,1435,7,5,0,0,NULL),(13,9,1436,8,6,0,0,NULL),(13,10,1437,4,1,0,0,NULL),(13,10,1438,3,2,0,0,NULL),(13,10,1439,8,5,0,0,NULL),(13,10,1440,7,6,0,0,NULL),(13,11,1441,5,1,0,0,NULL),(13,11,1442,6,2,0,0,NULL),(13,11,1443,7,3,0,0,NULL),(13,11,1444,8,4,0,0,NULL),(13,12,1445,6,1,0,0,NULL),(13,12,1446,5,2,0,0,NULL),(13,12,1447,8,3,0,0,NULL),(13,12,1448,7,4,0,0,NULL),(13,13,1449,7,1,0,0,NULL),(13,13,1450,8,2,0,0,NULL),(13,13,1451,5,3,0,0,NULL),(13,13,1452,6,4,0,0,NULL),(13,14,1453,8,1,0,0,NULL),(13,14,1454,7,2,0,0,NULL),(13,14,1455,6,3,0,0,NULL),(13,14,1456,5,4,0,0,NULL);
/*!40000 ALTER TABLE `fixture` ENABLE KEYS */;
UNLOCK TABLES;

--
-- Table structure for table `horas`
--

DROP TABLE IF EXISTS `horas`;
/*!40101 SET @saved_cs_client     = @@character_set_client */;
/*!40101 SET character_set_client = utf8 */;
CREATE TABLE `horas` (
  `hora` time NOT NULL
) ENGINE=InnoDB DEFAULT CHARSET=latin1;
/*!40101 SET character_set_client = @saved_cs_client */;

--
-- Dumping data for table `horas`
--

LOCK TABLES `horas` WRITE;
/*!40000 ALTER TABLE `horas` DISABLE KEYS */;
INSERT INTO `horas` VALUES ('00:00:00'),('01:00:00'),('02:00:00'),('03:00:00'),('04:00:00'),('05:00:00'),('06:00:00'),('07:00:00'),('08:00:00'),('09:00:00'),('10:00:00'),('11:00:00'),('12:00:00'),('13:00:00'),('14:00:00'),('15:00:00'),('16:00:00'),('17:00:00'),('18:00:00'),('19:00:00'),('20:00:00'),('21:00:00'),('22:00:00'),('23:00:00');
/*!40000 ALTER TABLE `horas` ENABLE KEYS */;
UNLOCK TABLES;

--
-- Table structure for table `imagenes`
--

DROP TABLE IF EXISTS `imagenes`;
/*!40101 SET @saved_cs_client     = @@character_set_client */;
/*!40101 SET character_set_client = utf8 */;
CREATE TABLE `imagenes` (
  `imagen` mediumblob NOT NULL,
  `tipo_imagen` varchar(50) NOT NULL
) ENGINE=InnoDB DEFAULT CHARSET=latin1;
/*!40101 SET character_set_client = @saved_cs_client */;

--
-- Dumping data for table `imagenes`
--

LOCK TABLES `imagenes` WRITE;
/*!40000 ALTER TABLE `imagenes` DISABLE KEYS */;
/*!40000 ALTER TABLE `imagenes` ENABLE KEYS */;
UNLOCK TABLES;

--
-- Table structure for table `listanegra`
--

DROP TABLE IF EXISTS `listanegra`;
/*!40101 SET @saved_cs_client     = @@character_set_client */;
/*!40101 SET character_set_client = utf8 */;
CREATE TABLE `listanegra` (
  `IdComplejo` int(11) NOT NULL,
  `IdCliente` int(11) NOT NULL,
  `FechaIngreso` date NOT NULL,
  PRIMARY KEY (`IdComplejo`,`IdCliente`),
  KEY `ListaNegra_Cliente_fk` (`IdCliente`),
  CONSTRAINT `ListaNegra_Cliente_fk` FOREIGN KEY (`IdCliente`) REFERENCES `clientes` (`IdCliente`),
  CONSTRAINT `ListaNegra_complejo_fk` FOREIGN KEY (`IdComplejo`) REFERENCES `complejos` (`IdComplejo`)
) ENGINE=InnoDB DEFAULT CHARSET=latin1;
/*!40101 SET character_set_client = @saved_cs_client */;

--
-- Dumping data for table `listanegra`
--

LOCK TABLES `listanegra` WRITE;
/*!40000 ALTER TABLE `listanegra` DISABLE KEYS */;
/*!40000 ALTER TABLE `listanegra` ENABLE KEYS */;
UNLOCK TABLES;

--
-- Table structure for table `localidades`
--

DROP TABLE IF EXISTS `localidades`;
/*!40101 SET @saved_cs_client     = @@character_set_client */;
/*!40101 SET character_set_client = utf8 */;
CREATE TABLE `localidades` (
  `IdProvincia` int(11) NOT NULL,
  `IdLocalidad` int(11) NOT NULL,
  `Nombre` varchar(40) NOT NULL,
  `CP` int(11) NOT NULL,
  PRIMARY KEY (`IdProvincia`,`IdLocalidad`),
  CONSTRAINT `Localidades_Provincias_fk` FOREIGN KEY (`IdProvincia`) REFERENCES `provincias` (`IdProvincia`)
) ENGINE=InnoDB DEFAULT CHARSET=latin1;
/*!40101 SET character_set_client = @saved_cs_client */;

--
-- Dumping data for table `localidades`
--

LOCK TABLES `localidades` WRITE;
/*!40000 ALTER TABLE `localidades` DISABLE KEYS */;
INSERT INTO `localidades` VALUES (1,1,'ABASTO',1903),(1,2,'ACEVEDO',2717),(1,3,'MARIANO ACOSTA',1723),(1,4,'ACASSUSO',1641),(1,5,'ADROGUE',1846),(1,6,'J B ALBERDI (BS. AS.)',6034),(1,7,'ALBERTI',6634),(1,8,'LEANDRO N ALEM (BS. AS.)',6032),(1,9,'MARIANO H ALFONZO',2718),(1,10,'ALGARROBO',8136),(1,11,'VALENTIN ALSINA',1822),(1,12,'GRAL ALVARADO',7607),(1,13,'FRANCISCO ALVAREZ',1746),(1,14,'GRAL ALVEAR (BS. AS.)',7263),(1,15,'AMEGHINO',6064),(1,16,'ALDEA ROMANA',8105),(1,17,'APARICIO',8158),(1,18,'CARMEN DE ARECO',6725),(1,19,'GRAL ARENALES',6005),(1,20,'ARENAZA',6075),(1,21,'ARRECIFES',2740),(1,22,'ARRIBEÑOS',6007),(1,23,'ARROYO CORTO (BS. AS.)',8172),(1,24,'ARROYO DULCE',2743),(1,25,'ARROYO LUNA',2754),(1,26,'HILARIO ASCASUBI',8142),(1,27,'ASCENSION',6003),(1,28,'AVELLANEDA (BS.AS.)',1870),(1,29,'AYACUCHO',7150),(1,30,'AZCUENAGA',6721),(1,31,'AZOPARDO',8181),(1,32,'AZUL',7300),(1,33,'AGUSTINA',6001),(1,34,'ANCON',6451),(1,35,'ATUCHA',2808),(1,36,'ALVAREZ DE TOLEDO',7267),(1,37,'ARBOLEDAS',6557),(1,38,'ADOLFO ALSINA',6430),(1,39,'ARROYO DE LA CRUZ',2813),(1,40,'ADOLFO SORDEAUX',1612),(1,41,'ALTAMIRANO',1986),(1,42,'ALSINA',2938),(1,43,'AGUSTIN FERRARI',1723),(1,44,'ACHUPALLAS',6627),(1,45,'BARRIO ALMAFUERTE',8000),(1,46,'JUAN ATUCHA',7245),(1,47,'BANCALARI',1617),(1,48,'BLANCA GRANDE',6561),(1,49,'BAHIA BLANCA',8000),(1,50,'BENITEZ',6632),(1,51,'BAIGORRITA',6013),(1,52,'BAJO HONDO',8115),(1,53,'BALCARCE',7620),(1,54,'BANDERALO',6244),(1,55,'BANFIELD',1828),(1,56,'BARADERO',2942),(1,57,'BAYAUCA',6078),(1,58,'BECCAR',1643),(1,59,'GRAL BELGRANO',7223),(1,60,'BELLA VISTA (BS. AS.)',1661),(1,61,'BERAZATEGUI',1884),(1,62,'BERISSO',1923),(1,63,'BERNAL',1876),(1,64,'BERUTTI',6424),(1,65,'BLAQUIER',6065),(1,66,'BOLIVAR',6550),(1,67,'BONIFACIO',6439),(1,68,'BORDENAVE',8187),(1,69,'BOULOGNE',1609),(1,70,'BRAGADO',6640),(1,71,'CNEL BRANDSEN',1980),(1,72,'EMILIO V BUNGE',6241),(1,73,'MAYOR BURATOVICH',8146),(1,74,'BURZACO',1852),(1,75,'ALDO BONZI',1770),(1,76,'BERDIER',2743),(1,77,'BERRAONDO',8124),(1,78,'MARIANO BENITEZ',2701),(1,79,'ING BUDGE',1773),(1,80,'BASE N P BELGRANO',8109),(1,81,'ALTE BROWN',1846),(1,82,'BARKER',7005),(1,83,'BOSQUES',1889),(1,84,'BARTOLOME BAVIO',1911),(1,85,'ARROYO VENADO',6437),(1,86,'BENAVIDEZ',1621),(1,87,'COLONIA SERE',6459),(1,88,'CURA MALAL',7548),(1,89,'ANTONIO CARBONI',7243),(1,90,'JOSE B CASAS',8506),(1,91,'CABILDO',8118),(1,92,'CACHARI',7214),(1,93,'RAFAEL CALZADA',1847),(1,94,'CAMPANA',2804),(1,95,'CAÑADA SECA (BS. AS.)',6105),(1,96,'CAÑUELAS',1814),(1,97,'CAPILLA DEL SEÑOR',2812),(1,98,'CARABELAS',2703),(1,99,'CARAPACHAY',1605),(1,100,'CARHUE',6430),(1,101,'CARLOS CASARES',6530),(1,102,'CASBAS',6417),(1,103,'ISIDRO CASANOVA',1765),(1,104,'MICAELA CASCALLARES',7507),(1,105,'CASCADA',7547),(1,106,'CASEROS (BS. AS.)',1678),(1,107,'CASTELAR',1712),(1,108,'CASTELLI',7114),(1,109,'CASTILLA',6616),(1,110,'CITY BELL',1896),(1,111,'CIUDADELA',1702),(1,112,'COBO',7612),(1,113,'COLON (BS. AS.)',2720),(1,114,'CONESA',2907),(1,115,'COPETONAS',7511),(1,116,'MARTIN CORONADO',1682),(1,117,'CUCULLU',6723),(1,118,'CHACABUCO',6740),(1,119,'CHAPADMALAL',7605),(1,120,'CNEL CHARLONE',6223),(1,121,'CHASCOMUS',7130),(1,122,'CHASICO',8117),(1,123,'CHILAVERT',1653),(1,124,'CHILLAR',7311),(1,125,'CHIVILCOY',6620),(1,126,'CLAYPOLE',1849),(1,127,'CARAZA',1822),(1,128,'CHICLANA',6476),(1,129,'RAFAEL CASTILLO',1755),(1,130,'CRISTIANO MUERTO',7503),(1,131,'GRAL DANIEL CERRI',8105),(1,132,'CASEY',6417),(1,133,'VICENTE CASARES',1808),(1,134,'CARUPA',1638),(1,135,'CARDENAL CAGLIERO',8506),(1,136,'GRAL CONESA (BS. AS.)',7101),(1,137,'CLAROMECO',7505),(1,138,'CAMET',7612),(1,139,'CLARAZ',7005),(1,140,'CAZON',7265),(1,141,'DEL CARRIL',7265),(1,142,'DAIREAUX',6555),(1,143,'DARREGUEIRA',8183),(1,144,'DE LA GARMA',7515),(1,145,'N DE LA RIESTRA',6663),(1,146,'DEL VALLE',6509),(1,147,'DEL VISO',1669),(1,148,'DENNEHY',6516),(1,149,'PTE DERQUI',1635),(1,150,'DIECISIETE DE AGOSTO',8129),(1,151,'DOCE DE OCTUBRE',6501),(1,152,'DOCK SUD',1871),(1,153,'DOLORES',7100),(1,154,'DON BOSCO (BS. AS.)',1876),(1,155,'DON TORCUATO',1611),(1,156,'CNEL DORREGO (BS. AS.)',8150),(1,157,'DUDIGNAC',6505),(1,158,'DUFAUR',8164),(1,159,'D ORBIGNY',7541),(1,160,'DOYLE',2935),(1,161,'DUGGAM',2764),(1,162,'DOMSELAAR',1984),(1,163,'DUHAU',6405),(1,164,'DE LA CANAL',7013),(1,165,'DIQUE LUJAN',1623),(1,166,'ANDANT',6555),(1,167,'BAHIA SAN BLAS',8506),(1,168,'PARADA EL PATO',1891),(1,169,'MANUEL J COBO',7116),(1,170,'EL JABALI',6531),(1,171,'EL PALENQUE',1667),(1,172,'ELDIA',6241),(1,173,'EL TEJAR',6515),(1,174,'EL TALAR DE PACHECO',1618),(1,175,'EL ARBOLITO',2721),(1,176,'EL DIVISORIO',7531),(1,177,'EL DORADO',6031),(1,178,'EL PALOMAR',1684),(1,179,'EL SOCORRO',2715),(1,180,'EL TRIUNFO',6073),(1,181,'ENSENADA',1925),(1,182,'ERIZE',8181),(1,183,'R E DE SAN MARTIN',1826),(1,184,'BELEN DE ESCOBAR',1625),(1,185,'ESPARTILLAR',8171),(1,186,'ESPIGAS',6561),(1,187,'FULTON',7007),(1,188,'ESTELA',8127),(1,189,'ESTOMBA',8118),(1,190,'EZEIZA',1804),(1,191,'EZPELETA',1882),(1,192,'EREZCANO',2903),(1,193,'EL PARAISO',2916),(1,194,'EL PENSAMIENTO',7531),(1,195,'EL TRIGO',7207),(1,196,'ENERGIA',7641),(1,197,'ERNESTINA',6665),(1,198,'ELVIRA',7243),(1,199,'CROTTO',7307),(1,200,'CALVO',8154),(1,201,'BARRIO E ECHEVERRIA',1802),(1,202,'ESPORA',6721),(1,203,'LOPEZ CAMELO',1617),(1,204,'EL JAGUEL',1842),(1,205,'FARO',8150),(1,206,'FATRALO',6430),(1,207,'M. FERNANDEZ',6645),(1,208,'J N FERNANDEZ',7011),(1,209,'FERRE',6003),(1,210,'FLORIDA',1602),(1,211,'FORTIN TIBURCIO',6001),(1,212,'FRENCH',6516),(1,213,'FATIMA',1633),(1,214,'FIORITO',1822),(1,215,'FONTEZUELA',2700),(1,216,'FORTIN OLAVARRIA',6403),(1,217,'EMPALME LOBOS',7249),(1,218,'MANUEL ALBERTI',1667),(1,219,'AGUAS VERDES',7112),(1,220,'MALVINAS ARGENTINAS BA',1846),(1,221,'BALNEARIO RETA',7511),(1,222,'EL PERDIDO',8156),(1,228,'GAHAN',2745),(1,229,'GARIN',1619),(1,230,'GARRE',6411),(1,231,'ESTEBAN A GASCON',8185),(1,232,'GRAND BOURG',1615),(1,233,'GERLI',1870),(1,234,'GERMANIA',6053),(1,235,'GLEW',1856),(1,236,'MANUEL B GONNET',1897),(1,237,'GONZALEZ CATAN',1759),(1,238,'GONZALES CHAVES',7513),(1,239,'GONZALEZ MORENO',6239),(1,240,'GOYENA',8175),(1,241,'CNEL GRANADA',6062),(1,242,'GUAMINI',6435),(1,243,'GRAL SARMIENTO',1663),(1,244,'GUERRICO',2717),(1,245,'LUIS GUILLON',1838),(1,246,'J A GUISASOLA',8156),(1,247,'GUERNICA',1862),(1,248,'GOWLAND',6608),(1,249,'GORCHS',7226),(1,250,'J M GUTIERREZ',1890),(1,251,'GOROSTIAGA',6632),(1,252,'GUANACO',6476),(1,253,'GRAL GUIDO',7118),(1,254,'GOLDNEY',6614),(1,255,'GRAL MANSILLA',1911),(1,256,'GIRONDO',6451),(1,257,'CIUDAD EVITA',1778),(1,258,'GDOR CASTRO',2946),(1,259,'GRUMBEIN',8101),(1,260,'JOAQUIN GORINA',1896),(1,263,'HAEDO',1706),(1,264,'HENDERSON',6465),(1,265,'G HERNANDEZ',1900),(1,266,'HINOJO',7318),(1,267,'HUANGUELEN',7545),(1,268,'HURLINGHAM',1686),(1,269,'GUILLERMO HUDSON',1885),(1,271,'HUETEL',6511),(1,272,'HERRERA VEGAS',6467),(1,273,'HEREFORD',6233),(1,274,'MAURICIO HIRSCH',6531),(1,285,'MARIA IGNACIA',7003),(1,286,'INES INDART',2747),(1,287,'JOSE INGENIEROS',1778),(1,288,'IRALA',6013),(1,289,'ISLAS',6667),(1,290,'ITUZAINGO (BS. AS.)',1714),(1,291,'IRIARTE',6042),(1,292,'INDIO RICO',7501),(1,293,'JUAN F IBARRA',6551),(1,294,'IRENE',7507),(1,295,'ING MONETA',2935),(1,296,'ING THOMPSON',6337),(1,297,'ING J ALLAN',1891),(1,307,'JAUREGUI',6706),(1,308,'JEPPENER',1986),(1,309,'TOMAS JOFRE',6601),(1,310,'JUAREZ',7020),(1,311,'JUNIN (BS. AS.)',6000),(1,312,'JUAN B JUSTO',1602),(1,313,'JOSE FERRARI',1905),(1,319,'LA LUCILA DEL MAR',7113),(1,320,'ALEJANDRO KORN',1864),(1,321,'KM 172',2935),(1,322,'LA BARRANCOSA',7260),(1,323,'LOS HORNOS (BS. AS.)',1900),(1,324,'LA LIMPIA',6645),(1,325,'LA MANUELA',6439),(1,326,'LA EMILIA',2901),(1,327,'LA NEGRA',7005),(1,328,'LA LARGA',6555),(1,329,'LA COLINA',7408),(1,330,'LA CHOZA',1737),(1,331,'LA DULCE',7637),(1,332,'LAFERRERE',1757),(1,333,'LAGUNA ALSINA',6439),(1,334,'LA INVENCIBLE',2745),(1,335,'LA LUCILA (BS. AS.)',1636),(1,336,'LA LUISA (BS. AS.)',2752),(1,337,'GRAL LAMADRID',7406),(1,338,'LA NIÑA',6513),(1,339,'LANUS',1824),(1,340,'LAPLACETTE',6013),(1,341,'LA PLATA',1900),(1,342,'LAPRIDA (BS. AS.)',7414),(1,343,'LARTIGAU',7531),(1,344,'LA SALADA (BS. AS.)',1774),(1,345,'LAS ARMAS',7172),(1,346,'LAS FLORES (BS. AS.)',7200),(1,347,'GRAL LAS HERAS',1741),(1,348,'LAS MARTINETAS',7406),(1,349,'LAS TOSCAS (BS. AS.)',6453),(1,350,'LLAVALLOL',1836),(1,351,'LA VIOLETA',2751),(1,352,'LEZAMA',7116),(1,353,'LIBANO',7407),(1,354,'LIBERTAD',1716),(1,355,'LIMA',2806),(1,356,'LINCOLN',6070),(1,357,'LOBERIA',7635),(1,358,'LOBOS',7240),(1,359,'LOMA NEGRA',7403),(1,360,'LOMAS DEL MIRADOR',1752),(1,361,'LOMAS DE ZAMORA',1832),(1,362,'LONGCHAMPS',1854),(1,363,'VICENTE LOPEZ',1638),(1,364,'LOS CARDALES',2814),(1,365,'LOS POLVORINES',1613),(1,366,'LOMAS DE MARILO',1663),(1,367,'LUJAN (BS. AS.)',6700),(1,368,'PEDRO LURO',8148),(1,369,'LAS PARVAS',6022),(1,370,'VILLA LOMA HERMOSA',1657),(1,371,'LOPEZ LECUBE',8117),(1,372,'LA LONJA',1669),(1,373,'LA REJA',1744),(1,374,'LOMA VERDE',1981),(1,375,'GRAL LAVALLE (BS. AS.)',7103),(1,376,'LAS TONINAS',7106),(1,377,'LEUBUCO',6338),(1,378,'LAGO EPECUEN',6431),(1,379,'LOS INDIOS',2709),(1,380,'LICENCIADO MATIENZO',7007),(1,381,'LABARDEN',7161),(1,382,'LOS ANGELES',2743),(1,383,'LAS MALVINAS',1748),(1,384,'MANZANARES',1629),(1,385,'GRAL MADARIAGA',7163),(1,386,'FRANCISCO MADERO',6472),(1,387,'MAGDALENA',1913),(1,388,'MAIPU (BS. AS.)',7160),(1,389,'MAR DE AJO',7109),(1,390,'MAR DEL PLATA',7600),(1,391,'MARI LAUQUEN',6400),(1,392,'JOSE MARMOL',1846),(1,393,'MARTINEZ',1640),(1,394,'MARTINEZ DE HOZ',6533),(1,395,'MIRANDA',7201),(1,396,'MECHONGUE',7605),(1,397,'MEDANOS',8132),(1,398,'MERCEDES (BS. AS.)',6600),(1,399,'MERLO (BS. AS.)',1722),(1,400,'MIRAMAR (BS. AS.)',7607),(1,401,'MOCTEZUMA',6531),(1,402,'MOLL',6627),(1,403,'CNEL MOM',6628),(1,404,'MONES CAZON',6469),(1,405,'MONTE',7220),(1,406,'MONTE CHINGOLO',1825),(1,407,'MONTE GRANDE',1842),(1,408,'MOQUEHUA',6605),(1,409,'MOREA',6507),(1,410,'MORENO',1744),(1,411,'MORON',1708),(1,412,'MORSE',6013),(1,413,'MUNRO',1605),(1,414,'MUÑIZ',1663),(1,415,'MALAVER',1653),(1,416,'ING MASCHWITZ',1623),(1,417,'MOSCONI',6505),(1,418,'BLNRIO MONTE HERMOSO',8153),(1,419,'MERLO GOMEZ',1714),(1,420,'MENDEVILLE',1708),(1,421,'MAGDALA',6451),(1,422,'MATHEU',1627),(1,423,'BLNRIO MAR CHIQUITA',7609),(1,424,'MAR DEL TUYU',7108),(1,425,'MIGUELETE',1650),(1,426,'MAXIMO PAZ (BS. AS.)',1812),(1,427,'MARIA LUCILA',6467),(1,428,'MAQ F SAVIO',1619),(1,429,'MIRA PAMPA',6403),(1,430,'NORDELTA',1670),(1,431,'CARLOS MARIA NAON',6515),(1,432,'NAPALEOFU',7007),(1,433,'NAVARRO',6605),(1,434,'NECOCHEA',7630),(1,435,'NUEVE DE JULIO (BS. AS.)',6500),(1,436,'ING PABLO NOGUES',1613),(1,437,'NUEVA PLATA',6451),(1,438,'9 DE ABRIL',1839),(1,439,'CADRET',6535),(1,440,'CERRO SOTUYO',7403),(1,441,'CONDARCO',6233),(1,442,'CURARU',6451),(1,443,'CORAZZI',6405),(1,444,'COLONIA LAPIN',8185),(1,445,'CARLOS BEGUERIE',7247),(1,446,'CAMPO DE MAYO',1659),(1,447,'CANNING',1804),(1,448,'CASALINS',7225),(1,449,'COSTA AZUL',7112),(1,450,'CORTINES',6712),(1,451,'OCHANDIO',7521),(1,452,'RAFAEL OBLIGADO',6001),(1,453,'GRAL O BRIEN',6646),(1,454,'MANUEL OCAMPO',2713),(1,455,'O HIGGINS',6748),(1,456,'OLASCOAGA',6652),(1,457,'OLAVARRIA',7400),(1,458,'OLIDEN',1981),(1,459,'OLIVOS',1636),(1,460,'ORDOQUI',6537),(1,461,'ORENSE',7503),(1,462,'ORIENTE',7509),(1,463,'TTE ORIGONE',8144),(1,464,'CTE NICANOR OTAMENDI',7603),(1,465,'LISANDRO OLMOS',1901),(1,466,'ORTIZ BASUALDO',2703),(1,467,'OSTENDE',7167),(1,468,'OPEN DOOR',6708),(1,469,'OLIVERA',6608),(1,474,'ALEJANDRO PETION',1808),(1,475,'PEHUEN-CO',8109),(1,476,'PORVENIR',6063),(1,477,'PARQUE LELOIR',1713),(1,478,'PUEBLO SAN JOSE',7541),(1,479,'PASCO (BS. AS.)',1834),(1,480,'PONTAUT',7535),(1,481,'GRAL PACHECO',1617),(1,482,'JUAN JOSE PASO',6474),(1,483,'PASO DEL REY',1742),(1,484,'PASTEUR',6077),(1,485,'CARMEN DE PATAGONES',8504),(1,486,'PATRICIOS',6503),(1,488,'JOSE C PAZ',1665),(1,489,'MARCOS PAZ (BS. AS.)',1727),(1,490,'PEDERNALES',6665),(1,491,'PEHUAJO',6450),(1,492,'PELICURA',8117),(1,493,'PELLEGRINI',6346),(1,494,'ROQUE PEREZ',7245),(1,495,'PEREZ MILLAN',2933),(1,496,'PERGAMINO',2700),(1,497,'PIEDRITAS',6241),(1,498,'PIGUE',8170),(1,499,'PILA',7116),(1,500,'PILAR (BS. AS.)',1629),(1,501,'PIROVANO',6551),(1,502,'PINAMAR',7167),(1,503,'GRAL PINTO',6050),(1,504,'PINZON',2703),(1,505,'PIÑEYRO',1870),(1,506,'GRAL PIRAN',7172),(1,507,'PLATANOS',1885),(1,508,'PABLO PODESTA',1657),(1,509,'POLVADERAS',7267),(1,510,'IRINEO PORTELA',2943),(1,511,'CNEL PRINGLES',7530),(1,512,'PUAN',8180),(1,513,'PUNTA ALTA',8109),(1,514,'CDRO PY',6641),(1,515,'PONTEVEDRA',1761),(1,516,'POURTALE',7400),(1,517,'PASMAN',7547),(1,518,'JUAN A PRADERE',8142),(1,519,'PLA',6634),(1,520,'PALEMON HUERGO',6628),(1,521,'PICHINCHA',6051),(1,522,'PARDO',7212),(1,523,'PUERTO ROSALES',8111),(1,524,'PASO PIEDRAS',8000),(1,525,'PARADA ROBLES',6703),(1,526,'PUNTA LARA',1931),(1,527,'PIPINAS',1921),(1,528,'PUNTA INDIO',1917),(1,530,'QUERANDIES',7400),(1,531,'QUENUMA',6335),(1,532,'QUEQUEN',7631),(1,533,'QUILMES',1878),(1,534,'QUIROGA',6533),(1,535,'QUIRNO COSTA',6018),(1,536,'QUIÑIHUAL',7533),(1,547,'RANCHOS GRAL PAZ',1987),(1,548,'RAMOS OTERO',7621),(1,549,'RANELAGH',1886),(1,550,'R SANTAMARINA',7641),(1,551,'RAMOS MEJIA',1704),(1,552,'RANCAGUA',2701),(1,553,'RAUCH',7203),(1,554,'RAWSON (BS. AS.)',6734),(1,555,'RECALDE',6559),(1,556,'RIVADAVIA E AMERICA',6237),(1,557,'RIVAS',6600),(1,558,'RIVERA',6441),(1,559,'ROBERTS',6075),(1,560,'AGUSTIN ROCA',6001),(1,561,'ROCHA',7404),(1,562,'GRAL RODRIGUEZ',1748),(1,563,'ROJAS',2705),(1,564,'GRAL ROJO',2905),(1,565,'MELCHOR ROMERO',1903),(1,566,'ROOSEVELT',6403),(1,567,'RIVADEO',8127),(1,568,'GRAL RONDEAU',8124),(1,569,'RINGUELET',1901),(1,570,'ROBERTO CANO',2703),(1,571,'RUIZ',6600),(1,572,'RIO TALA',2944),(1,576,'SAN CARLOS (BS. AS.)',1900),(1,577,'SOLIS (BS. AS.)',2764),(1,578,'SIERRA DE LOS PADRES',7601),(1,579,'SANTA CATALINA',1836),(1,580,'SAN JORGE (BS. AS.)',7404),(1,581,'SAN BERNARDO (BS. AS.)',6561),(1,582,'SAN MAYOL',7519),(1,583,'SAAVEDRA',8174),(1,584,'SAENZ PEÑA',1674),(1,585,'SALADILLO (BS. AS.)',7260),(1,586,'SALAZAR',6471),(1,587,'SALDUNGARAY',8166),(1,588,'SALTO',2741),(1,589,'SALLIQUELO',6339),(1,590,'SAN SEBASTIAN',6623),(1,591,'SAN ANDRES (BS. AS.)',1651),(1,592,'SAN ANDRES DE GILES',6720),(1,593,'SAN ANTONIO DE ARECO',2760),(1,594,'SAN ANTONIO DE PADUA',1718),(1,595,'SAN BERNARDO (MAR DEL PLATA)',7111),(1,596,'SAN CAYETANO',7521),(1,597,'SAN CLEMENTE DE TUYU',7105),(1,598,'SAN ENRIQUE',6661),(1,599,'SAN FERNANDO (BS. AS.)',1646),(1,600,'SAN FCO DE BELLOQ',7505),(1,601,'SAN FRANCISCO SOLANO',1881),(1,602,'SAN GERMAN',8124),(1,603,'SAN ISIDRO (BS. AS.)',1642),(1,604,'SAN JOSE (BS. AS.)',7635),(1,605,'SAN JUSTO (BS. AS.)',1754),(1,606,'SAN MANUEL',7007),(1,607,'SAN MARTIN (BS. AS.)',1650),(1,608,'SAN MIGUEL (BS. AS.)',1663),(1,609,'SAN NICOLAS',2900),(1,610,'SAN PEDRO (BS. AS.)',2930),(1,611,'SAN ROMAN',8154),(1,612,'SANTA COLOMA',2761),(1,613,'SANTA ELEODORA',6241),(1,614,'SANTA LUCIA (BS. AS.)',2935),(1,615,'SANTA REGINA',6105),(1,616,'SANTA TERESITA',7107),(1,617,'SANTOS LUGARES',1676),(1,618,'SAN VICENTE (BS. AS.)',1865),(1,619,'SARANDI',1872),(1,620,'CAPITAN SARMIENTO',2752),(1,621,'SIERRA DE LA VENTANA',8168),(1,622,'SIERRAS BAYAS',7403),(1,623,'SMITH',6531),(1,624,'FELIPE SOLA',8129),(1,625,'STROEDER',8508),(1,626,'CNEL SUAREZ',7540),(1,627,'TRISTAN SUAREZ',1806),(1,628,'JOSE LEON SUAREZ',1655),(1,629,'SUIPACHA',6612),(1,630,'SAN MIGUEL ARCANGEL',8185),(1,631,'CARLOS SALAS',6453),(1,632,'SAN EMILIO',6017),(1,633,'SIERRA CHICA',7401),(1,634,'SANTOS UNZUE',6507),(1,635,'SALVADOR MARIA',7241),(1,636,'GUIDO SPANO',2707),(1,637,'SOURIGUES',1878),(1,638,'SUNDBLAD',6401),(1,639,'SARASA',2721),(1,640,'SEVIGNE',7101),(1,641,'CARLOS SPEGAZZINI',1812),(1,642,'CNEL SEGUI',6628),(1,643,'SATURNO',6417),(1,644,'SAN AGUSTIN (BS. AS.)',7623),(1,645,'ARTURO SEGUI',1895),(1,646,'TABLADA',1766),(1,648,'TANDIL',7000),(1,649,'TAPALQUE',7303),(1,650,'TAPIALES',1770),(1,651,'TEDIN URIBURU',7021),(1,652,'CARLOS TEJEDOR',6455),(1,653,'TEMPERLEY',1834),(1,654,'TIGRE',1648),(1,655,'TIMOTE',6457),(1,656,'TOLOSA',1900),(1,657,'TORNQUIST',8160),(1,658,'TORRES',6703),(1,659,'TORTUGUITAS',1667),(1,660,'TREINTA DE AGOSTO',6405),(1,661,'TRENQUE LAUQUEN',6400),(1,662,'TRES ALGARROBOS',6231),(1,663,'TRES ARROYOS',7500),(1,664,'TRES SARGENTOS',6727),(1,665,'TRES LOMAS',6409),(1,666,'EL TROPEZON',1888),(1,667,'VILLA TURDERA',1834),(1,668,'TRES PICOS',8162),(1,669,'TRUJUI',1664),(1,670,'TRONGE',6407),(1,671,'TODD',2754),(1,672,'TAMANGUEYU',7633),(1,673,'TRES LAGUNAS (BS. AS.)',6443),(1,683,'GDOR UDAONDO',7221),(1,684,'UDAQUIOLA',7151),(1,685,'URDAMPILLETA',6553),(1,686,'GDOR UGARTE',6621),(1,688,'URQUIZA (BS. AS.)',2718),(1,689,'UNION FERROVIARIA',1804),(1,690,'URIBELARREA',1815),(1,698,'VIRREY DEL PINO',1763),(1,699,'VILLA FLANDRIA',6706),(1,700,'VILLA GENERAL ARIAS',8101),(1,701,'VILLA GRAL SAVIO',2901),(1,702,'VALDES',6667),(1,703,'VERONICA',1917),(1,704,'VERGARA',7135),(1,705,'FLORENCIO VARELA',1888),(1,706,'VEDIA',6030),(1,707,'25 DE MAYO (BS. AS.)',6660),(1,708,'VIEYTES',1915),(1,709,'LOS TOLDOS EX G VIAM',6015),(1,710,'VICTORIA (BS. AS.)',1644),(1,711,'CNEL VIDAL',7174),(1,712,'VILLA ADELINA',1607),(1,713,'VILLA BALLESTER',1653),(1,714,'VILLA BONICH',1650),(1,715,'VILLA BOSCH',1682),(1,717,'VILLA CELINA',1772),(1,718,'VILLA DOMINICO',1874),(1,719,'VILLA ELISA (BS. AS.)',1894),(1,720,'VILLA FLORIDA',1878),(1,721,'VILLA INSUPERABLE',1752),(1,722,'VILLA LA FLORIDA',1881),(1,723,'VILLA GESELL',7165),(1,724,'VILLA HIDALGO',1655),(1,725,'VILLA INDUSTRIALES',1824),(1,726,'VILLA IRIS',8126),(1,727,'VILLA LIBERTAD',1650),(1,728,'VILLALONGA',8512),(1,729,'VILLA LYNCH',1672),(1,730,'VILLA MADERO',1768),(1,731,'VILLA MAIPU',1650),(1,732,'VILLA MARTELLI',1603),(1,733,'VILLA MAZA',6343),(1,734,'VILLA CHACABUCO',1650),(1,735,'VILLA RAMALLO',2914),(1,736,'VILLA ROSA',1631),(1,737,'VILLA SABOYA',6101),(1,738,'VILLA SARMIENTO (BS. AS.)',1706),(1,739,'VILLA SCASSO',1759),(1,740,'VILLA TESEI',1688),(1,741,'GRAL VILLEGAS',6230),(1,742,'VIÑA',2754),(1,743,'VIRREYES',1646),(1,744,'VILLA CACIQUE',7005),(1,745,'VILLA FURST',1708),(1,746,'VILLA DIAMANTE',1822),(1,747,'VILLA ESPAÑA',1884),(1,748,'VILLA DE MAYO',1613),(1,749,'VILLA ARIZA',1708),(1,750,'VILLA CONSTRUCTORA',1708),(1,751,'VILLA ZAGALA',1651),(1,752,'VILLA BILLINGHURST',1650),(1,753,'VILLA LEON',1714),(1,754,'VIVORATA',7612),(1,755,'VILLA LUZURIAGA',1754),(1,756,'VILLA PREC M CRUZ',6703),(1,757,'VILLA LIA',2761),(1,758,'VILLA SAUZE',6235),(1,759,'VILLANUEVA',7225),(1,760,'WARNES',6646),(1,761,'ING WHITE',8103),(1,762,'WILDE',1875),(1,763,'WILLIAMS MORRIS',1686),(1,764,'VILLA RAFFO',1674),(1,765,'VILLA TRANSRADIO',1776),(1,766,'VILLA GIAMBRUNO',1886),(1,767,'VOLTA',6064),(1,768,'YUTUYACO',6443),(1,769,'YERBAS',7303),(1,770,'YRAIZOZ',7605),(1,779,'ZARATE',2800),(1,780,'ZAVALIA',6018),(1,781,'ZAPIOLA',7249),(1,782,'ZELAYA',1627),(1,783,'ZENON VIDELA DORNA',7226),(1,784,'ZENTENA',7545),(1,785,'ZUBIAURRE',8151),(1,790,'BARRIO BATAN',7601),(1,791,'BELLOCQ',6535),(1,798,'PUERTO',7600),(1,799,'CLUB DE C LA MARTONA',1808),(1,9050,'COOP OBRERA',8000),(1,9051,'ORMAS',8103),(1,9053,'CTRO LA PLATA',1900),(1,10099,'LA GRANJA (BS AS)',1901),(2,0,'CAPITAL FEDERAL',0),(2,9999,'SAAVEDRA (CAP. FED.)',0),(2,10018,'NUÑEZ (CAP. FED.)',0),(2,10039,'AGRONOMÍA',0),(2,10040,'ALMAGRO',0),(2,10041,'BALVANERA',0),(2,10042,'BARRACAS',0),(2,10043,'BELGRANO',0),(2,10044,'BOEDO',0),(2,10045,'CABALLITO',0),(2,10046,'COGHLAN',0),(2,10047,'COLEGIALES',0),(2,10048,'CONSTITUCIÓN',0),(2,10049,'CHACARITA',0),(2,10050,'FLORES',0),(2,10051,'FLORESTA',0),(2,10052,'LA BOCA',0),(2,10053,'LA PATERNAL',0),(2,10054,'LINIERS',0),(2,10055,'MATADEROS',0),(2,10056,'MONTSERRAT',0),(2,10057,'MONTE CASTRO',0),(2,10058,'NUEVA POMPEYA',0),(2,10059,'PALERMO',0),(2,10060,'PARQUE AVELLANEDA',0),(2,10061,'PARQUE CHACABUCO',0),(2,10062,'PARQUE CHAS',0),(2,10063,'PARQUE PATRICIOS',0),(2,10064,'PUERTO MADERO',0),(2,10065,'RECOLETA',0),(2,10066,'RETIRO',0),(2,10067,'SAN CRISTÓBAL',0),(2,10068,'SAN NICOLÁS',0),(2,10069,'SAN TELMO',0),(2,10070,'VELEZ SARSFIELD',0),(2,10071,'VERSALLES',0),(2,10072,'VILLA CRESPO',0),(2,10073,'VILLA DEL PARQUE',0),(2,10074,'VILLA DEVOTO',0),(2,10075,'VILLA GRAL MITRE',0),(2,10076,'VILLA LUGANO',0),(2,10077,'VILLA LURO',0),(2,10078,'VILLA ORTÚZAR',0),(2,10079,'VILLA PUEYRREDON',0),(2,10080,'VILLA REAL',0),(2,10081,'VILLA RIACHUELO',0),(2,10082,'VILLA SANTA RITA',0),(2,10083,'VILLA SOLDATI',0),(2,10084,'VILLA URQUIZA',0),(3,800,'ANDALGALA',4740),(3,809,'BELEN',4750),(3,812,'CAPAYAN',4726),(3,813,'SAN F V DE CATAMARCA',4700),(3,814,'CHUMBICHA',4728),(3,815,'ESQUIU',5261),(3,816,'EL PORTEZUELO',4750),(3,817,'EL PUESTO',5341),(3,818,'FRAY MAMERTO ESQUIU',4709),(3,819,'LA MERCED (CATAMARCA)',4718),(3,820,'LA PUERTA(CATAMARCA)',4711),(3,821,'LA PUERTA DE S. JOSE',4751),(3,822,'LA CIENAGA',5341),(3,823,'MUTQUIN',5317),(3,827,'S ANTONIO DE PACLIN',4719),(3,828,'POMAN',5315),(3,832,'FIAMBALA',5345),(3,839,'QUIROS',5266),(3,843,'RECREO (CATAMARCA)',5260),(3,846,'LONDRES',4753),(3,847,'LOS ALTOS',4723),(3,851,'SAN ANTONIO (CATAMARCA)',4707),(3,852,'SAN ISIDRO (CATAMARCA)',4707),(3,853,'SANTA MARIA (CATAMARCA)',4139),(3,854,'SAN JOSE DTO ESQUIU',4709),(3,855,'SAUJIL',5321),(3,856,'SALADO',5331),(3,857,'SANTA ROSA (CATAMARCA)',4707),(3,858,'SUMALAO',4705),(3,865,'TAPSO',4234),(3,866,'TINOGASTA',5340),(3,870,'TRES PUENTES',4707),(3,879,'VALLE VIEJO',4707),(3,880,'VILLA DOLORES (CATAMARCA)',4707),(4,900,'ACHIRAS',5833),(4,901,'ADELIA MARIA',5843),(4,902,'AGUA DE ORO',5107),(4,903,'ALCIRA EST GIGENA',5813),(4,904,'CAMILO ALDAO',2585),(4,905,'ALEJANDRO',2686),(4,906,'ALICIA',5949),(4,907,'ALMAFUERTE (CBA.)',5854),(4,908,'ALTA GRACIA',5186),(4,909,'ALTO ALEGRE',5121),(4,910,'ALTOS DE CHIPION',2417),(4,911,'ARGUELLO',5147),(4,912,'ARIAS',2624),(4,913,'ARROYITO',2434),(4,914,'ARROYO ALGODON',5909),(4,915,'ARROYO CABRAL',5917),(4,916,'ASSUNTA',2617),(4,917,'ALPA CORRAL',5801),(4,918,'AUSONIA',5901),(4,919,'ALTO VERDE (CBA.)',5205),(4,920,'AMBUL',5299),(4,921,'ATOS PAMPA',5009),(4,922,'VILLA ANIZACATE',5189),(4,923,'ARROYO CORTO',5850),(4,924,'BALNEARIA',5141),(4,925,'BALLESTEROS SUD',2572),(4,926,'BELL VILLE',2550),(4,927,'BENGOLEA',5807),(4,928,'BERROTARAN',5817),(4,929,'BIALET MASSE',5158),(4,930,'BRINKMANN',2419),(4,931,'NICOLAS BRUZONE',6271),(4,932,'HIPOLITO BOUCHARD',6225),(4,933,'BULNES',5845),(4,934,'BARRIO COLON',5000),(4,935,'BARRIO SAN VICENTE',5006),(4,937,'BARRIO GRAL BELGRANO',5014),(4,938,'CAP GRAL O´HIGGINS',2645),(4,939,'CAPILLA DE SITON',5231),(4,940,'CANTERAS EL SAUCE',5107),(4,941,'CAPILLA DE REMEDIOS',5101),(4,942,'CALCHIN',5201),(4,943,'CANALS',2650),(4,944,'CAÑADA VERDE',6275),(4,945,'CAPILLA DEL MONTE',5184),(4,946,'CARNERILLO',5805),(4,947,'CARRILOBO',5915),(4,948,'CINTRA',2559),(4,949,'COLAZO',5965),(4,950,'COLONIA CAROYA',5223),(4,951,'COLONIA MARINA',2424),(4,952,'COLONIA  SAN BARTOLOME',2426),(4,953,'CORDOBA',5000),(4,954,'CNEL BAIGORRIA',5811),(4,955,'CNEL MOLDES (CBA.)',5847),(4,956,'CORRAL DE BUSTOS',2645),(4,957,'CORRALITO',5853),(4,958,'COSQUIN',5166),(4,959,'JAMES CRAIK',5984),(4,960,'CRUZ ALTA',2189),(4,961,'CRUZ DEL EJE',5280),(4,962,'RAMON J CARCANO',5900),(4,963,'CAVANAGH',2625),(4,964,'COLONIA TIROLESA',5101),(4,965,'CANTERAS DE QUILPO',5281),(4,966,'CAROLINA',5841),(4,967,'CAYUQUEO',5901),(4,968,'COSTA SACATE',5961),(4,969,'COLONIA VIGNAUD',2419),(4,970,'CHAJAN',5837),(4,971,'CHARRAS',5807),(4,972,'CHAZON',2675),(4,973,'CHILIBROSTE',2561),(4,974,'CHUCUL',5805),(4,975,'COMECHINGONES',5129),(4,976,'CNEL OLMEDO',5119),(4,977,'COLONIA VIDELA',5865),(4,978,'CASA GRANDE',5162),(4,979,'CERRO DE LAS ROSAS',5009),(4,980,'COLONIA ALMADA',5987),(4,981,'COLONIA BISMARCK',2651),(4,982,'COLONIA PROSPERIDAD',2423),(4,983,'DEAN FUNES',5200),(4,984,'DEL CAMPILLO',6271),(4,985,'DESPEÑADEROS',5121),(4,986,'DEVOTO',2424),(4,987,'DUMESNIL',5149),(4,988,'DIQUE LOS MOLINOS',5192),(4,989,'PARQUE SIQUIMAN',5158),(4,996,'EL ARAÑADO',5947),(4,997,'EL CANO',5231),(4,998,'ELENA',5815),(4,999,'EL FORTIN',5951),(4,1000,'EL TIO',2432),(4,1001,'W ESCALANTE',2655),(4,1002,'ETRURIA',2681),(4,1003,'EMBALSE RIO TERCERO',5856),(4,1004,'EST GRAL PAZ',5145),(4,1005,'EL MANZANO',5107),(4,1006,'ESPINILLO',5811),(4,1007,'EL QUEBRACHAL(CBA.)',5101),(4,1011,'FERREYRA',5123),(4,1012,'FREYRE',2413),(4,1013,'FUERZAS ECONOMICAS',5870),(4,1019,'GRAL FOTHERINGHAN',5933),(4,1020,'GRAL BALDISSERA',2583),(4,1021,'GRAL CABRERA',5809),(4,1022,'GRAL DEHEZA',5923),(4,1023,'GRAL LEVALLE',6132),(4,1024,'GRAL ROCA(CBA.)',2592),(4,1026,'GUATIMOZIN',2627),(4,1027,'GUIÑAZU',5145),(4,1036,'HERNANDO',5929),(4,1037,'HOLMBERG',5825),(4,1038,'HUERTA GRANDE',5174),(4,1039,'HUINCA RENANCO',6270),(4,1040,'HUANCHILLA',6121),(4,1049,'IDIAZABAL',2557),(4,1050,'INRIVILLE',2587),(4,1051,'ISLA VERDE',2661),(4,1052,'ITALO',6271),(4,1053,'ISCHILIN',5201),(4,1054,'BARRIO IPONA',5000),(4,1059,'LUCA',5917),(4,1061,'JESUS MARIA (CBA.)',5220),(4,1062,'JOVITA',6127),(4,1063,'MARCOS JUAREZ',2580),(4,1064,'JUSTINIANO POSSE',2553),(4,1065,'JOSE DE LA QUINTANA',5189),(4,1066,'JUAREZ CELMAN',5145),(4,1067,'LA SERRANITA',5189),(4,1068,'LA PAMPA',5117),(4,1069,'LAGUNA DEL MONTE',6101),(4,1070,'LA CRUZ (CBA.)',5859),(4,1071,'LOS MOLINOS (CBA.)',5189),(4,1072,'LABOULAYE',6120),(4,1073,'LABORDE',2657),(4,1074,'LA CALERA',5151),(4,1075,'LA CARLOTA',2670),(4,1076,'LA CAUTIVA',6142),(4,1077,'LA CESIRA',6101),(4,1078,'LA CUMBRE',5801),(4,1079,'LA FALDA',5172),(4,1080,'LA FRANCIA',2426),(4,1081,'LAGUNA LARGA',5974),(4,1082,'LA LAGUNA',5284),(4,1083,'LA PAQUITA',2417),(4,1084,'LA PAZ (CBA.)',5220),(4,1085,'LA PARA',5137),(4,1086,'LAS ACEQUIAS',5848),(4,1087,'LAS ARRIAS',5231),(4,1088,'LAS HIGUERAS',5805),(4,1089,'LAS JUNTURAS',5965),(4,1090,'LAS PEÑAS',5817),(4,1091,'LAS PERDICES',5921),(4,1092,'S M LASPIUR',5943),(4,1093,'LAS VARAS',5941),(4,1094,'LAS VARILLAS',5940),(4,1095,'LAS VERTIENTES',5827),(4,1096,'COLONIA LA TORDILLA',2435),(4,1097,'ALEJO LEDESMA',2662),(4,1098,'LEONES',2594),(4,1099,'LOS BOULEVARES',5147),(4,1100,'LOS CISNES',2684),(4,1101,'LOS COCOS',5181),(4,1102,'LOS CONDORES',5823),(4,1103,'LOS SURGENTES',2581),(4,1104,'LOS ZORROS',5901),(4,1105,'LUQUE',5967),(4,1106,'LUXARDO',2411),(4,1107,'LOS CERRILLOS',5871),(4,1108,'LA PLAYOSA',5911),(4,1109,'LA PUERTA (CBA.)',5137),(4,1110,'LOZADA',5101),(4,1111,'LA GRANJA',5115),(4,1112,'LAS FLORES (CBA.)',5249),(4,1113,'LOS REYUNOS (CBA.)',5925),(4,1114,'MALAGUEÑO',5101),(4,1115,'MANFREDI',5988),(4,1116,'MARULL',5139),(4,1117,'MATORRALES',5965),(4,1118,'MATTALDI',6271),(4,1119,'MELO',6123),(4,1120,'MINA CLAVERO',5889),(4,1121,'MIRAMAR (CBA.)',5143),(4,1122,'MONTE BUEY',2589),(4,1123,'MONTE CRISTO',5125),(4,1124,'MONTE MAIZ',2659),(4,1125,'MONTE RALO',5119),(4,1126,'MORTEROS',2421),(4,1127,'MORRISON',2568),(4,1128,'MOLINARI',5166),(4,1129,'LUCIO V MANSILLA',5216),(4,1130,'MALVINAS ARGENTINAS',5125),(4,1131,'MENDIOLAZA',5107),(4,1132,'MONTE DE LOS GAUCHOS',5839),(4,1133,'LAS MOJARRAS',5909),(4,1134,'NOETINGER',2563),(4,1135,'NONO',5887),(4,1144,'OBISPO TREJO',5225),(4,1145,'OLAETA',5807),(4,1146,'OLIVA',5980),(4,1147,'ONCATIVO',5986),(4,1148,'ORDOÑEZ',2555),(4,1149,'ONAGOITY',6227),(4,1154,'PASO VIEJO',5284),(4,1155,'BARRIO PUEYRREDON',5012),(4,1156,'BARRIO P GUAYAQUIL',5012),(4,1157,'PAMPAYASTA SUD',5931),(4,1158,'PASCANAS',2679),(4,1159,'PASCO (CBA.)',5925),(4,1160,'PASO DEL TIGRE',5000),(4,1161,'COLONIA  SILVIO PELLICO',5907),(4,1162,'PILAR (CBA.)',5972),(4,1163,'PORTEÑA',2415),(4,1164,'POZO DEL MOLLE',5913),(4,1165,'PIQUILLIN',5125),(4,1166,'PUEBLO ITALIANO',2651),(4,1167,'PINCEN',6271),(4,1168,'PICHANAS',5284),(4,1175,'QUEBRACHO HERRADO',2423),(4,1176,'QUILINO',5214),(4,1178,'RAYO CORTADO',5246),(4,1181,'SAN JOSE (CBA.)',5871),(4,1182,'RIVERA INDARTE',5149),(4,1183,'RAFAEL GARCIA',5119),(4,1184,'RINCON',5961),(4,1185,'REDUCCION',5803),(4,1186,'RIO CEBALLOS',5111),(4,1187,'RIO CUARTO',5800),(4,1188,'RIO DE LOS SAUCES',5821),(4,1189,'RIO PRIMERO',5127),(4,1190,'RIO SEGUNDO',5960),(4,1191,'RIO TERCERO',5850),(4,1192,'RODEO VIEJO',5801),(4,1193,'ROSALES',6128),(4,1194,'SINSACATE',5220),(4,1195,'SAN PEDRO (CBA.)',5871),(4,1196,'SALSACATE',5295),(4,1197,'SAN LORENZO (CBA.)',5221),(4,1198,'SAN IGNACIO (CBA.)',5199),(4,1199,'SALADILLO (CBA.)',2587),(4,1200,'SAN MARCOS SIERRA',5282),(4,1201,'SAN MARCOS SUD',2566),(4,1202,'SACANTA',5945),(4,1203,'SAIRA',2525),(4,1204,'SALSIPUEDES',5113),(4,1205,'SAMPACHO',5829),(4,1206,'SAN AGUSTIN (CBA.)',5191),(4,1207,'SAN AMBROSIO',5848),(4,1208,'SAN BASILIO',5841),(4,1209,'SAN ESTEBAN',5182),(4,1210,'SAN FERNANDO (CBA.)',5000),(4,1211,'SAN FRANCISCO (CBA.)',2400),(4,1212,'SAN PEDRO NORTE',5205),(4,1213,'SANTA EUFEMIA',2671),(4,1214,'STA MARIA DE PUNILLA',5164),(4,1215,'S ROSA RIO PRIMERO',5133),(4,1216,'SEEBER',2419),(4,1217,'SERRANO',6125),(4,1218,'SERREZUELA',5270),(4,1219,'SIMBOLAR (CBA.)',5242),(4,1220,'SALDAN',5149),(4,1221,'SUCO',5837),(4,1222,'STA R DE CALAMUCHITA',5196),(4,1223,'SANABRIA',5901),(4,1224,'SAN ANTONIO DE LITIN',2559),(4,1225,'SAN JAVIER (CBA.)',5875),(4,1226,'SAN FCO DEL CHAÑAR',5209),(4,1227,'S J DE LA DORMIDA',5244),(4,1228,'SAN CARLOS (CBA.)',5212),(4,1229,'SAN VICENTE (CBA.)',5871),(4,1230,'TANCACHA',5933),(4,1231,'SANTIAGO TEMPLE',5125),(4,1232,'TICINO',5925),(4,1233,'TOSQUITA',6141),(4,1234,'TRANSITO',2436),(4,1235,'TANTI',5155),(4,1236,'TIO PUJIO',5936),(4,1237,'TOLEDO',5123),(4,1238,'TALA CA&ADA',5297),(4,1243,'UCACHA',2677),(4,1244,'UNQUILLO',5109),(4,1246,'VILLA LA BOLSA',5189),(4,1247,'VILLA DE LAS ROSAS',5885),(4,1248,'ZONA 1',5000),(4,1249,'ZONA 2',5000),(4,1250,'ZONA 3',5008),(4,1251,'ZONA 4',5009),(4,1252,'ZONA 5',5000),(4,1253,'VALLE HERMOSO',5168),(4,1254,'DALMACIO VELEZ',5919),(4,1255,'VIAMONTE',2671),(4,1256,'VICUÑA MACKENNA',6140),(4,1257,'VILLA ALLENDE',5105),(4,1258,'VILLA ASCASUBI',5935),(4,1259,'VILLA BUSTOS (CBA.)',5164),(4,1260,'VILLA CARLOS PAZ',5152),(4,1261,'VILLA CONC DEL TIO',2433),(4,1262,'VILLA CURA BROCHERO',5891),(4,1263,'VILLA DEL ROSARIO-CB',5963),(4,1264,'VILLA DE SOTO',5284),(4,1265,'VILLA DOLORES (CBA.)',5870),(4,1266,'VILLA FONTANA (CBA.)',5137),(4,1267,'VILLA GRAL BELGRANO',5194),(4,1268,'VILLA GRAL MITRE',5236),(4,1269,'VILLA GIARDINO',5176),(4,1270,'VILLA HUIDOBRO',6275),(4,1271,'VILLA MARIA',5900),(4,1272,'VILLA NUEVA (CBA.)',5903),(4,1273,'VILLA VALERIA',6273),(4,1274,'VILLA TULUMBA',5203),(4,1275,'V D M DEL RIO SECO',5248),(4,1276,'VIALE (CBA.)',5000),(4,1277,'VILLA SARMIENTO (CBA.)',6273),(4,1278,'VILLA DEL DIQUE',5862),(4,1279,'VILLA SANTA ISABEL',5857),(4,1280,'VILLA INDEPENDENCIA',5153),(4,1281,'VILLA DEL TOTORAL',5236),(4,1282,'VILLA ROSSI',6128),(4,1283,'VILLA RUMIPAL',5864),(4,1284,'VILLA ESQUIU',5101),(4,1285,'VILLA ICHO CRUZ',5153),(4,1286,'WASHINGTON',6144),(4,1287,'ZONA 6',5000),(4,1288,'ZONA 7',5000),(4,1289,'ZONA 8',5000),(4,1290,'ZONA 9',5000),(4,1291,'ZONA 10',5000),(4,1292,'ZONA 11',5006),(4,1293,'ZONA 12',5000),(4,1294,'YOCSINA',5101),(4,1295,'ANA ZUMARAN',5905),(4,1296,'ZONA 13',5000),(4,1297,'ZONA 14',5000),(4,1298,'ZONA 15',5000),(4,1299,'RIO SECO (CBA.)',5284),(4,3340,'FRONTERA',2438),(4,9052,'ASOC VIAJ COMERCIO',5000),(4,9996,'ZONA 16',5000),(4,9997,'ZONA 21',5000),(4,10100,'VILLA YACANTO DE CALAMUCHITA ',5197),(5,1300,'ALVEAR (CTES.)',3344),(5,1307,'BELLA VISTA (CTES.)',3432),(5,1308,'BERON DE ASTRADA',3481),(5,1313,'COLONIA LIBERTAD',3224),(5,1314,'COLONIA LIEBIG S',3358),(5,1315,'EMILIO R CONI',3465),(5,1316,'CORRIENTES',3400),(5,1317,'CURUZU CUATIA',3460),(5,1318,'COLONIA PORVENIR',3451),(5,1319,'CONCEPCION (CTES.)',3423),(5,1322,'CHAVARRIA',3474),(5,1324,'EMPEDRADO',3418),(5,1325,'ESQUINA',3196),(5,1331,'GDOR ING V VIRASORO',3342),(5,1332,'GDOR MARTINEZ',3445),(5,1333,'GOYA',3450),(5,1334,'GRAL PAZ',3407),(5,1335,'GUAVIRAVI',3232),(5,1336,'GUAYQUIRARO',3194),(5,1337,'GARRUCHOS',3351),(5,1340,'ITA IBATE',3480),(5,1341,'ITATI',3414),(5,1342,'ITUZAINGO (CTES.)',3302),(5,1343,'ISABEL VICTORIA',3453),(5,1348,'LA CRUZ (CTES.)',3346),(5,1349,'LORETO (CTES.)',3483),(5,1350,'LAVALLE (CTES.)',3443),(5,1355,'MANUEL F MANTILLA',3446),(5,1356,'MARUCHAS',3451),(5,1357,'MBURUCUYA',3427),(5,1358,'MERCEDES (CTES.)',3470),(5,1359,'MONTE CASEROS',3220),(5,1360,'MOCORETA',3226),(5,1362,'NUEVE DE JULIO (CTES.)',3445),(5,1366,'PASO DE LOS LIBRES',3230),(5,1367,'PERUGORRIA',3461),(5,1368,'JUAN PUJOL',3222),(5,1369,'PASO DE LA PATRIA',3409),(5,1371,'RAMADA PASO',3412),(5,1372,'RIACHUELO',3416),(5,1374,'SAN COSME',3412),(5,1375,'SALADAS (CTES.)',3420),(5,1376,'SAN LORENZO (CTES.)',3416),(5,1377,'SAN LUIS DEL PALMAR',3403),(5,1378,'SAN MIGUEL (CTES.)',3485),(5,1379,'SAN ROQUE (CTES.)',3448),(5,1380,'SANTA LUCIA (CTES.)',3440),(5,1381,'SANTO TOME (CTES.)',3340),(5,1382,'SAUCE',3463),(5,1383,'SOLARI',3476),(5,1384,'SANTA ROSA (CTES)',3421),(5,1385,'SANTA ANA (CTES.)',3401),(5,1386,'SAN CARLOS (CTES.)',3306),(5,1389,'YAPEYU',3231),(5,1390,'FELIPE YOFRE',3472),(5,1399,'YACYRETA',3302),(6,1400,'AVIA TERAI',3706),(6,1410,'BASAIL',3516),(6,1411,'BARRANQUERAS',3503),(6,1412,'MARGARITA BELEN',3505),(6,1423,'CAMPO LARGO',3716),(6,1424,'JUAN JOSE CASTELLI',3705),(6,1425,'COLONIA ELISA',3515),(6,1426,'COLONIAS UNIDAS',3500),(6,1427,'CNEL DU GRATY',3541),(6,1428,'CORZUELA',3718),(6,1429,'COTE LAI',3513),(6,1430,'CONC DEL BERMEJO',3708),(6,1431,'COLONIA BARANDA',3505),(6,1432,'CAPITAN SOLARI',3515),(6,1433,'COLONIA  ABORIGEN CHACO',3531),(6,1434,'COLONIA BENITEZ',3514),(6,1438,'CHARADAI',3513),(6,1439,'CHARATA',3730),(6,1446,'EL ZAPALLAR',3509),(6,1450,'FONTANA',3514),(6,1455,'GANCEDO',3734),(6,1461,'GRAL PINEDO',3732),(6,1462,'GRAL J DE S MARTIN',3509),(6,1463,'GRAL VEDIA',3522),(6,1474,'HERMOSO CAMPO',3733),(6,1485,'LA CLOTILDE',3701),(6,1486,'LA ESCONDIDA',3514),(6,1487,'LAGUNA LIMPIA',3515),(6,1488,'LA LEONESA',3518),(6,1489,'LAS BREÑAS',3722),(6,1490,'LAS GARCITAS',3515),(6,1491,'LAS PALMAS',3518),(6,1492,'LA TIGRA',3701),(6,1493,'LA VERDE',3514),(6,1494,'LA TAMBORA',3534),(6,1504,'MACHAGAY',3534),(6,1505,'MAKALLE',3514),(6,1506,'MARIA DE ORO',3730),(6,1507,'MESON DE FIERRO',3731),(6,1511,'NUEVA POMPEYA',3634),(6,1515,'NAPENAY',3706),(6,1516,'PAMPA DEL INDIO',3531),(6,1517,'PAMPA DEL INFIERNO',3708),(6,1518,'PAMPA LANDRIEL',3731),(6,1519,'PTE DE LA PLAZA',3536),(6,1520,'PRCIA R SAENZ PE~A',3700),(6,1521,'PRCIA ROCA',3511),(6,1522,'PUERTO BERMEJO',3524),(6,1523,'PUERTO TIROL',3505),(6,1524,'PAMPA GRANDE',3701),(6,1525,'PUERTO ANTEQUERA',3505),(6,1526,'PUERTO VILELAS',3503),(6,1534,'QUITILIPI',3530),(6,1545,'RESISTENCIA',3500),(6,1556,'SAN BERNARDO (CHACO)',3701),(6,1557,'SANTA SYLVINA',3541),(6,1558,'SAMUHU',3543),(6,1569,'TRES ISLETAS',3703),(6,1570,'TACO POZO',3714),(6,1580,'VILLA ANGELA',3540),(6,1581,'VILLA BERTHET',3545),(6,1582,'VILLA BARBERAN',3500),(7,1600,'FLORENTINO AMEGHINO',9113),(7,1601,'ALTO RIO SENGUER',9033),(7,1602,'ALTO RIO MAYO',9037),(7,1604,'ASTRA',9001),(7,1605,'RADA TILLY',9001),(7,1606,'BEGHIN',9000),(7,1608,'CAMARONES',9111),(7,1609,'SARMIENTO (CHUBUT)',9020),(7,1610,'COMODORO RIVADAVIA',9000),(7,1611,'CALETA CORDOVA',9003),(7,1612,'CORCOVADO',9201),(7,1613,'CUSHAMEN',9211),(7,1615,'CHOLILA',9217),(7,1621,'DIADEMA ARGENTINA',9009),(7,1622,'DOLAVON',9107),(7,1624,'DON BOSCO',9000),(7,1627,'EL HOYO (CHUBUT)',9211),(7,1628,'EL MAITEN',9210),(7,1630,'EPUYEN',9211),(7,1631,'ESCALANTE',9009),(7,1632,'ESQUEL',9200),(7,1638,'FACUNDO',9031),(7,1639,'FUTALEUFU',9200),(7,1642,'GAN GAN',9121),(7,1643,'GAIMAN',9105),(7,1644,'GARAYALDE',9007),(7,1645,'GRAL MOSCONI',9000),(7,1647,'GDOR COSTA',9223),(7,1651,'JOSE DE SAN MARTIN',9220),(7,1652,'KM 5',9001),(7,1653,'LA LOMA',9000),(7,1654,'LAPRIDA',9001),(7,1655,'LAGO PUELO',8431),(7,1656,'LELEQUE',9213),(7,1657,'NAMUNCURA',9000),(7,1658,'NEWBERY',9000),(7,1661,'PALAZZO',9000),(7,1662,'PASO DE INDIOS',9207),(7,1663,'PICO SALAMANCA',9000),(7,1664,'PLAYA UNION',9103),(7,1665,'PUERTO MADRYN',9120),(7,1666,'PTE ORTIZ(CHUBUT)',9000),(7,1667,'PUEYRREDON',9000),(7,1668,'PUERTO PIRAMIDES',9121),(7,1676,'RAWSON (CHUBUT)',9103),(7,1677,'RIO MAYO',9030),(7,1686,'TELSEN',9121),(7,1687,'TECKA',9201),(7,1688,'TRELEW',9100),(7,1689,'TREVELIN',9203),(7,1693,'VEINTIOCHO DE JULIO',9107),(8,1700,'ALCARAZ',3142),(8,1701,'ARANGUREN',3162),(8,1703,'ALDEA MARIA LUISA',3114),(8,1704,'ALDEA SAN ANTONIO',2826),(8,1705,'ALDEA PROTESTANTE',3101),(8,1706,'ALDEA BRASILERA',3101),(8,1707,'ARROYO BARU',3269),(8,1708,'ALDEA SANTA MARIA',3123),(8,1709,'ARROYO URQUIZA',3280),(8,1710,'BASAVILBASO',3170),(8,1711,'BOVRIL',3142),(8,1712,'BAJADA GRANDE',3100),(8,1713,'BETBEDER',3156),(8,1718,'CEIBAS',2823),(8,1719,'CALABACILLAS',3203),(8,1720,'CAMPS',3164),(8,1721,'CASEROS (ENTRE RIOS)',3262),(8,1722,'CERRITO',3122),(8,1723,'COLON (ENTRE RIOS)',3280),(8,1724,'COLONIA HOKER',3265),(8,1725,'COLONIA NUEVA',3281),(8,1726,'COLONIA  SAN CIPRIANO',3263),(8,1727,'CONC DEL URUGUAY',3260),(8,1728,'CONCORDIA',3200),(8,1729,'CRESPO',3116),(8,1730,'CRUCESITAS 8',3177),(8,1731,'CRUCESITAS 7',3109),(8,1732,'COLONIA AVIGDOR',3142),(8,1733,'COLONIA  SAN BONIFACIO',3212),(8,1734,'COLONIA ADELA',3201),(8,1735,'COLONIA SAN ERNESTO',3254),(8,1736,'CONSCRIPTO BERNARDI',3188),(8,1739,'CHAJARI',3228),(8,1747,'AYUI',3204),(8,1748,'DIAMANTE',3105),(8,1755,'EL BRILLANTE',3283),(8,1756,'ECHAGUE',2845),(8,1757,'EL CIMARRON',3188),(8,1759,'PUIGGARI',3103),(8,1760,'SOLA',3176),(8,1761,'HERRERA (ENTRE RIOS)',3272),(8,1762,'EL PINGO',3132),(8,1763,'SOSA',3133),(8,1764,'ENRIQUE CARBO',2852),(8,1765,'OSVALDO MAGNASCO',3212),(8,1766,'EL REDOMON',3212),(8,1768,'FEDERACION',3206),(8,1769,'FEDERAL',3180),(8,1776,'GRAL ALVEAR (ENTRE RIOS)',3101),(8,1777,'GRAL CAMPOS',3216),(8,1778,'GRAL GALARZA',2843),(8,1779,'MACIA',3177),(8,1780,'GDOR MANSILLA',2845),(8,1782,'LUCAS GONZALEZ',3158),(8,1783,'GUALEGUAY',2840),(8,1784,'GUALEGUAYCHU',2820),(8,1785,'GILBERT',2828),(8,1792,'HASENKAMP',3134),(8,1793,'HOLT',2846),(8,1799,'IRAZUSTA',2852),(8,1800,'IBICUY',2846),(8,1801,'ISLAS DEL IBICUY',2823),(8,1802,'ING MIGUEL SAJAROFF',3246),(8,1803,'ISLAS LECHIGUANAS',2846),(8,1804,'JUBILEO',3254),(8,1806,'LA PICADA',3118),(8,1807,'LA CLARITA',3269),(8,1808,'LA CRIOLLA (ENTRE RIOS)',3212),(8,1809,'LAS MOSCAS',3244),(8,1810,'LA PAZ (ENTRE RIOS)',3190),(8,1811,'LARROQUE',2854),(8,1812,'LOS CHARRUAS',3212),(8,1813,'LIBAROS',3244),(8,1814,'LEGUIZAMON',3285),(8,1815,'LIEBIG',3281),(8,1816,'LAZO',2841),(8,1817,'LOS CONQUISTADORES',3183),(8,1820,'NOGOYA',3150),(8,1821,'NUEVA ESCOCIA',3201),(8,1824,'ORO VERDE',3100),(8,1827,'PUEBLO CAZES',3269),(8,1828,'PARANA',3100),(8,1829,'PIEDRAS BLANCAS',3129),(8,1830,'PUEBLO BRUGO',3125),(8,1831,'PRONUNCIAMIENTO',3263),(8,1832,'PERDICES',2823),(8,1833,'PRIMERO DE MAYO',3263),(8,1834,'PASO DE LA LAGUNA',3241),(8,1835,'RAICES',3177),(8,1837,'ROCAMORA',3172),(8,1838,'ROSARIO DEL TALA',3174),(8,1845,'SAN BENITO',3107),(8,1846,'SAN GUSTAVO',3191),(8,1847,'SAN JAIME',3185),(8,1848,'SAN JOSE (ENTRE RIOS)',3283),(8,1849,'S JOSE DE FELICIANO',3187),(8,1850,'SAN SALVADOR',3218),(8,1851,'SANTA ELENA',3192),(8,1852,'SAUCE DE LUNA',3144),(8,1853,'SANTA ANITA',3248),(8,1854,'SAN JUSTO (ENTRE RIOS)',3262),(8,1855,'SAUCE PINTO',3107),(8,1856,'STROBEL',3101),(8,1857,'TABOSSI',3111),(8,1858,'TRES BOCAS',3155),(8,1859,'UBAJAY',3287),(8,1860,'URDINARRAIN',2826),(8,1861,'URQUIZA (ENTRE RIOS)',3248),(8,1862,'TEZANOS PINTO',3114),(8,1867,'VALLE MARIA',3101),(8,1868,'VICTORIA (ENTRE RIOS)',3153),(8,1869,'VILLA CLARA',3252),(8,1870,'VILLA DEL ROSARIO-ER',3229),(8,1871,'VILLA DOMINGUEZ',3246),(8,1872,'COLONIA ELIA',3261),(8,1873,'VILLA ELISA (ENTRE RIOS)',3265),(8,1874,'VILLAGUAY',3240),(8,1875,'VILLA HERNANDARIAS',3127),(8,1876,'VILLA MARIA GRANDE',3133),(8,1877,'GRAL RAMIREZ',3164),(8,1878,'SEGUI',3117),(8,1879,'VIALE (ENTRE RIOS)',3109),(8,1880,'HERNANDEZ',3156),(8,1881,'VILLA MANTERO',3272),(8,1882,'VILLA L G SAN MARTIN',3103),(8,1883,'COLONIA N MONTEVIDEO',2828),(8,1884,'VILLA ZORRAQUIN',3201),(8,1885,'VILLA FONTANA (ENTRE RIOS)',3114),(8,1886,'VILLA URQUIZA',3113),(8,1887,'VILLA PARANACITO',2823),(8,1893,'YUQUERI',3214),(8,10101,'VILLA SAN MARCIAL',3248),(8,10102,'COLONIA AVELLANEDA',3107),(8,10103,'ALDEA JACOBI',3116),(8,10105,'COLONIA BERTOZZI',3137),(8,10106,'ESTAFETA EL SOLAR',3137),(8,10107,'COLONIA VAZQUEZ',3267),(8,10108,'ALDEA SPATZENKUTTER',3101),(8,10109,'PUEBLO BELGRANO',2821),(8,10110,'COLONIA LA LLAVE',3158),(9,1900,'AG ARGENTINO ALEGRE',3608),(9,1906,'BOUVIER',3610),(9,1909,'CLORINDA',3610),(9,1910,'COLONIA VILLAFAÑE',3600),(9,1911,'COLONIA PASTORIL',3601),(9,1912,'CTE FONTANA',3620),(9,1920,'ESTANISLAO DEL CAMPO',3626),(9,1930,'EL COLORADO',3603),(9,1931,'EL ESPINILLO',3615),(9,1941,'FORMOSA',3600),(9,1944,'GRAN GUARDIA',3604),(9,1945,'GRAL MANUEL BELGRANO',3615),(9,1951,'IBARRETA',3624),(9,1952,'ING JUAREZ',3636),(9,1960,'LAGUNA NAICH NECK',3611),(9,1961,'LAGUNA BLANCA',3613),(9,1962,'LAS LOMITAS',3630),(9,1963,'LAGUNA YEMA',3634),(9,1967,'MISION F TAGAAGLE',3606),(9,1972,'PIRANE',3606),(9,1973,'POZO DEL TIGRE',3628),(9,1975,'PUERTO PILCOMAYO',3611),(9,1976,'PUERTO VELAZ',3526),(9,1977,'PUERTO DALMACIA',3600),(9,1978,'PALO SANTO',3608),(9,1984,'RIACHO HE HE',3611),(9,1988,'SAN FCO DEL LAISHI',3601),(9,1991,'TRES LAGUNAS (FORMOSA)',3611),(9,1995,'VILLA DOS TRECE',3603),(10,2000,'ABRA PAMPA',4640),(10,2001,'AGUA CALIENTE',4641),(10,2005,'CALILEGUA',4514),(10,2006,'CAIMANCITO',4516),(10,2008,'CHALICAN',4504),(10,2016,'LEON',4616),(10,2023,'EL AGUILAR',4634),(10,2024,'EL CARMEN',4608),(10,2025,'EL PIQUETE',4501),(10,2026,'EST PERICO',4608),(10,2034,'FRAILE PINTADO',4506),(10,2041,'HUACALERA',4626),(10,2042,'HUMAHUACA',4630),(10,2044,'ITURBE',4632),(10,2059,'LA MENDIETA',4522),(10,2060,'LA QUIACA',4650),(10,2061,'LEDESMA',4512),(10,2062,'LIBERTADOR S MARTIN',4512),(10,2063,'LOS ALISOS',4600),(10,2064,'LOZANO',4616),(10,2067,'MAIMARA',4622),(10,2069,'MINA PIRQUITAS',4643),(10,2070,'MONTE RICO',4608),(10,2075,'OROSMAYO',4643),(10,2076,'PALMA SOLA',4501),(10,2077,'PAMPA BLANCA',4606),(10,2078,'PALPALA',4612),(10,2079,'PERICO DEL CARMEN',4603),(10,2080,'PURMAMARCA',4618),(10,2084,'REYES',4600),(10,2085,'RIO BLANCO',4601),(10,2087,'SAN PEDRITO DPTO CAP',4600),(10,2088,'SAN PEDRO DE JUJUY',4500),(10,2089,'SAN SALVADOR DE JUJUY',4600),(10,2090,'SAN ANTONIO (JUJUY)',4503),(10,2091,'SANTO DOMINGO (JUJUY)',4608),(10,2092,'SANTA CLARA',4501),(10,2094,'TILCARA',4624),(10,2097,'VILLA GORRITI',4600),(10,2098,'VOLCAN',4616),(10,2099,'YUTO',4518),(11,2100,'ABRAMO',8212),(11,2101,'ALPACHIRI',6309),(11,2102,'ALTA ITALIA',6207),(11,2103,'TOMAS M DE ANCHORENA',6301),(11,2104,'ANGUIL',6326),(11,2105,'ARATA',6385),(11,2106,'JACINTO ARAUZ',8208),(11,2107,'ATALIVA ROCA',6301),(11,2108,'AGUSTONI',6361),(11,2109,'ARBOL SOLO',6323),(11,2116,'BERNASCONI',8204),(11,2125,'CARRO QUEMADO',6319),(11,2126,'CALEUFU',6387),(11,2127,'MIGUEL CANE',6331),(11,2128,'EDUARDO CASTEX',6380),(11,2129,'CATRILO',6330),(11,2130,'CEBALLOS',6221),(11,2131,'COLONIA BARON',6315),(11,2132,'COLONIA SANTA MARIA',8214),(11,2133,'CONHELLO',6381),(11,2134,'CNEL HILARIO LAGOS',6228),(11,2135,'CASA DE PIEDRA',6300),(11,2140,'CHACHARRAMENDI',8201),(11,2144,'DOBLAS',6305),(11,2145,'DORILA',6365),(11,2154,'EMBAJADOR MARTINI',6203),(11,2163,'GRAL MANUEL CAMPOS',6309),(11,2164,'GRAL ACHA',8200),(11,2165,'GRAL PICO',6360),(11,2166,'G.SAN MARTIN (LA PAMPA)',8206),(11,2167,'GUATRACHE',6311),(11,2172,'HUCAL',8212),(11,2177,'ING LUIGGI',6205),(11,2178,'INTENDENTE ALVEAR',6221),(11,2184,'LIMAY MAHUIDA',8201),(11,2185,'LA GLORIA',6348),(11,2186,'LA ADELA',8138),(11,2187,'LA MARUJA',6385),(11,2188,'BERNARDO LARROUDE',6220),(11,2189,'LONQUIMAY',6352),(11,2190,'LUAN TORO',6380),(11,2191,'MARIANO MIRO',6228),(11,2199,'MAISONNAVE',6212),(11,2200,'MACACHIN',6307),(11,2201,'MAURICIO MAYER',6315),(11,2202,'MONTE NIEVAS',6383),(11,2203,'METILEO',6360),(11,2204,'EMILIO MITRE',6323),(11,2212,'PARERA',6213),(11,2213,'PICHI HUINCA',6385),(11,2214,'PUELCHES',8201),(11,2215,'PERU',8212),(11,2216,'PUELEN',8201),(11,2222,'QUEHUE',6325),(11,2223,'QUEMU QUEMU',6333),(11,2224,'QUETQUEN',6360),(11,2234,'RANCUL',6214),(11,2235,'REALICO',6200),(11,2236,'MIGUEL RIGLOS',6301),(11,2237,'ROLON',6305),(11,2247,'SANTA ROSA (LA PAMPA)',6300),(11,2248,'SANTA ISABEL (LA PAMPA)',6323),(11,2249,'SPELUZZI',6365),(11,2257,'TELEN',6321),(11,2258,'TOAY',6303),(11,2259,'TRENEL',6369),(11,2260,'TREBOLARES',6361),(11,2269,'URIBURU',6354),(11,2278,'ADOLFO VAN PRAET',6212),(11,2279,'VERTIZ',6365),(11,2280,'VICTORICA',6319),(11,2281,'VILLA MIRASOL',6315),(11,2282,'COLONIA 25 DE MAYO',8307),(11,2291,'WINIFREDA',6313),(12,2300,'AIMOGASTA',5310),(12,2301,'ANILLACO',5301),(12,2309,'CATUNA',5275),(12,2310,'COCHANGASTA',5300),(12,2311,'CAMPANAS',5361),(12,2312,'CHEPES',5470),(12,2313,'CHAMICAL',5380),(12,2314,'CHILECITO',5360),(12,2315,'CHEPES VIEJO',5470),(12,2316,'CHUQUIS',5301),(12,2320,'EST MAZAN',5313),(12,2321,'FAMATINA',5365),(12,2325,'GDOR GORDILLO',5380),(12,2335,'LA RIOJA',5300),(12,2336,'LOS MOLINOS (LA RIOJA)',5301),(12,2356,'MILAGRO',5274),(12,2367,'NONOGASTA',5372),(12,2373,'OLTA',5383),(12,2378,'PATQUIA',5386),(12,2379,'PINCHAS',5301),(12,2381,'SALICAS',5327),(12,2382,'SCHAQUI',5329),(12,2385,'TALVA',5381),(12,2386,'ULAPES',5473),(12,2387,'RIVADAVIA (LA RIOJA)',5355),(12,2388,'VILLA BUSTOS (LA RIOJA)',5301),(12,2389,'VILLA MAZAN',5313),(12,2390,'VILLA UNION',5350),(12,2391,'VINCHINA',5357),(12,2395,'TALAMUYUNA',5304),(13,2400,'ALGARROBAL',5541),(13,2401,'ALTO VERDE (MENDOZA)',5582),(13,2402,'RODOLFO ISELIN',5603),(13,2403,'BERMEJO',5523),(13,2404,'BOWEN',5634),(13,2405,'BARRANCAS (MENDOZA)',5517),(13,2406,'EUGENIO BUSTOS',5569),(13,2407,'BUEN ORDEN',5570),(13,2408,'BUENA NUEVA',5223),(13,2409,'CUADRO BOMBAL',5607),(13,2410,'CUADRO BENEGAS',5603),(13,2411,'CENTRO',5500),(13,2412,'CARRODILLA',5505),(13,2413,'CARRIZAL DE ABAJO',5509),(13,2414,'COSTA DE ARAUJO',5535),(13,2415,'COQUIMBITO',5513),(13,2416,'COLONIA ALVEAR OESTE',5632),(13,2417,'CUADRO NACIONAL',5607),(13,2418,'CHACRAS DE CORIA',5505),(13,2419,'CHAPANAY',5589),(13,2420,'COLONIA LAS ROSAS',5565),(13,2421,'CARMENSA',5621),(13,2422,'COLONIA  TRES DE MAYO',5543),(13,2423,'CAÑADA SECA (MENDOZA)',5603),(13,2424,'CNEL DORREGO (MENDOZA)',5519),(13,2425,'EL SAUCE',5533),(13,2426,'MAYOR DRUMMOND',5507),(13,2427,'EL NIHUIL',5605),(13,2428,'EL PLUMERILLO',5541),(13,2429,'FRAY L.BELTRAN (MENDOZA)',5531),(13,2430,'GRAL ALVEAR (MENDOZA)',5620),(13,2431,'GRAL GUTIERREZ',5511),(13,2432,'GODOY CRUZ',5501),(13,2433,'ING GIAGNONI',5582),(13,2434,'GDOR BENEGAS',5544),(13,2435,'GOUDGE',5603),(13,2436,'EL CERRITO',5600),(13,2437,'JESUS NAZARENO',5523),(13,2438,'JUNIN (MENDOZA)',5573),(13,2439,'CAPITAN MONTOYA',5601),(13,2440,'JAIME PRATS',5623),(13,2441,'LAS MALVINAS-MZA',5605),(13,2442,'LAS COMPUERTAS',5549),(13,2443,'LA DORMIDA',5592),(13,2444,'LA CONSULTA',5567),(13,2445,'LA PAZ (MENDOZA)',5590),(13,2446,'LAS CATITAS',5594),(13,2447,'LAS HERAS (MENDOZA)',5539),(13,2448,'LAVALLE (MENDOZA)',5533),(13,2449,'LUJAN DE CUYO',5507),(13,2450,'LUZURIAGA',5513),(13,2451,'LOS CORRALITOS',5527),(13,2452,'LOS ARBOLES',5575),(13,2453,'LOS REYUNOS (MENDOZA)',5615),(13,2454,'LUNLUNTA',5517),(13,2455,'LAS PAREDES',5601),(13,2456,'MAIPU (MENDOZA)',5515),(13,2457,'MALARGUE',5613),(13,2458,'MEDRANO',5585),(13,2459,'MENDOZA',5500),(13,2460,'MONTE CASEROS (MENDOZA)',5571),(13,2461,'COLONIA LOPEZ',5623),(13,2462,'RAMA CAIDA',5603),(13,2463,'MONTE COMAN',5609),(13,2464,'NUEVA CALIFORNIA',5535),(13,2465,'PALMIRA',5584),(13,2466,'C PIAZZA',5500),(13,2467,'PAREDITAS',5569),(13,2468,'LA PUNTILLA',5505),(13,2469,'PERDRIEL',5509),(13,2470,'PANQUEUA',5539),(13,2471,'RIVADAVIA (MENDOZA)',5577),(13,2472,'RODEO DEL MEDIO',5529),(13,2473,'RODEO DE LA CRUZ',5525),(13,2474,'REAL DEL PADRE',5624),(13,2475,'RUSSELL',5517),(13,2476,'RODRIGUEZ PEÑA',5585),(13,2477,'SAN ROQUE (MENDOZA)',5587),(13,2478,'SALTO DE LAS ROSAS',5603),(13,2479,'S J DE GUAYMALLEN',5519),(13,2480,'GRAL SAN MARTIN (MENDOZA)',5570),(13,2481,'SAN RAFAEL',5600),(13,2482,'SAN CARLOS (MENDOZA)',5569),(13,2483,'SANTA ROSA (MENDOZA)',5596),(13,2484,'SAN FCO DEL MONTE',5503),(13,2485,'SAN JOSE',5519),(13,2486,'SAN PEDRO DE ATUEL',5621),(13,2487,'TUNUYAN',5560),(13,2488,'TUPUNGATO',5561),(13,2489,'TRES PORTE~AS',5589),(13,2490,'LA COLONIA (MENDOZA)',5572),(13,2491,'LA LLAVE',5603),(13,2492,'USPALLATA',5545),(13,2493,'UGARTECHE',5509),(13,2494,'VILLA ATUEL',5622),(13,2495,'VILLA NUEVA (MENDOZA)',5521),(13,2496,'VILLA 25 DE MAYO',5570),(13,2497,'VISTA FLORES',5565),(13,2498,'VILLA HIPODROMO',5547),(13,2499,'VISTALBA',5509),(14,2500,'LEANDRO N ALEM (MISIONES)',3315),(14,2501,'APOSTOLES',3350),(14,2502,'ALMAFUERTE (MISIONES)',3317),(14,2503,'ALBA POSSE',3363),(14,2504,'BONPLAND',3317),(14,2505,'BERNARDO DE IRIGOYEN',3366),(14,2506,'CAPIOVI',3332),(14,2507,'CAMPO GRANDE (MISIONES)',3362),(14,2508,'CAMPO VIERA',3362),(14,2509,'CANDELARIA (MISIONES)',3308),(14,2510,'CERRO AZUL',3313),(14,2511,'COLONIA WANDA',3376),(14,2512,'COLONIA YABEBIRY',3361),(14,2513,'CTE ANDRESITO',3370),(14,2514,'CORPUS',3327),(14,2517,'CONC DE LA SIERRA',3355),(14,2518,'COLONIA M. BELGRANO',3316),(14,2519,'CAMPO RAMON',3361),(14,2521,'SANTIAGO DE LINIERS',3381),(14,2522,'DOS DE MAYO',3364),(14,2527,'EL ALCAZAR',3384),(14,2528,'ELDORADO',3380),(14,2529,'EL SOBERBIO',3364),(14,2530,'FRACRAN',3364),(14,2532,'GDOR LOPEZ',3315),(14,2533,'GARUHAPE',3334),(14,2534,'GDOR ROCA',3324),(14,2535,'GUARANI',3361),(14,2536,'GRAL ALVEAR (MISIONES)',3361),(14,2537,'GARUPA',3304),(14,2538,'H.YRIGOYEN (MISIONES)',3328),(14,2540,'ITACARUARE',3353),(14,2543,'AZARA',3351),(14,2546,'JARDIN AMERICA',3328),(14,2548,'LOS HELECHOS',3361),(14,2550,'MARTIRES',3361),(14,2551,'MBOPICUA',3332),(14,2552,'MONTECARLO',3384),(14,2553,'MIGUEL LANUS',3304),(14,2554,'MOJON GRANDE',3315),(14,2558,'OBERA',3360),(14,2563,'PANAMBI',3361),(14,2564,'POSADAS',3300),(14,2565,'PUERTO ESPERANZA',3378),(14,2566,'PUERTO LEONI',3332),(14,2567,'PUERTO RICO',3334),(14,2568,'PUERTO IGUAZU',3370),(14,2569,'PUERTO MINERAL',3332),(14,2570,'PUERTO GISELA',3326),(14,2571,'PUERTO PIRAY',3381),(14,2572,'PUERTO LIBERTAD',3374),(14,2573,'PUERTO ESPAÑA',3326),(14,2574,'RUIZ DE MONTOYA',3334),(14,2577,'SAN FCO DE ASIS',3363),(14,2578,'SAN VICENTE (MISIONES)',3364),(14,2579,'SAN ANTONIO (MISIONES)',3366),(14,2580,'SAN IGNACIO (MISIONES)',3322),(14,2581,'SAN JAVIER (MISIONES)',3357),(14,2582,'SAN JOSE (MISIONES)',3306),(14,2583,'SAN PEDRO (MISIONES)',3364),(14,2584,'SANTA ANA (MISIONES)',3316),(14,2585,'SANTO PIPO',3326),(14,2587,'SANTA RITA',3363),(14,2588,'TOBUNAS',3364),(14,2592,'ARISTOBULO DEL VALLE',3364),(14,2594,'V SALTO ENCANTADO',3364),(14,2595,'25 DE MAYO (MISIONES)',3363),(14,2596,'VILLA SVEA',3361),(14,10104,'COLONIA DELICIA',3380),(15,2600,'ALUMINE',8345),(15,2601,'ANDACOLLO',8353),(15,2602,'ARROYITO CHALACO',8313),(15,2603,'ALICURA',8403),(15,2604,'ANELO',8305),(15,2605,'BAJADA QUILI DEL A M',8351),(15,2606,'BUTA RANQUIL',8353),(15,2611,'CENTENARIO',8309),(15,2612,'CUTRAL CO',8322),(15,2613,'COLONIA VALENTINA',8301),(15,2614,'COPAHUE',8349),(15,2623,'CHOS MALAL',8353),(15,2628,'VILLA EL CHOCON',8311),(15,2629,'EL HUECU',8349),(15,2630,'HUECHULAFQUEN',8371),(15,2634,'JUNIN DE LOS ANDES',8371),(15,2645,'LAS LAJAS',8347),(15,2651,'LOMA DE LA LATA',8300),(15,2652,'LONCOPUE',8349),(15,2655,'MARIANO MORENO',8351),(15,2656,'NEUQUEN',8300),(15,2665,'PICUN LEUFU',8313),(15,2666,'PIEDRA DEL AGUILA',8315),(15,2667,'PLAZA HUINCUL',8318),(15,2668,'PLOTTIER',8316),(15,2670,'PORTEZUELO GRANDE',8300),(15,2674,'RINCON DE LOS SAUCES',8319),(15,2679,'SAN M DE LOS ANDES',8370),(15,2680,'SAN PATRICIO CHAÑAR',8305),(15,2681,'SENILLOSA',8316),(15,2682,'SANTO TOMAS',8315),(15,2684,'TRAFUL',8403),(15,2686,'VILLA LA ANGOSTURA',8407),(15,2687,'VISTA ALEGRE',8309),(15,2690,'ZAPALA',8340),(15,2699,'P.I.A.P.',8313),(16,2700,'ALLEN',8328),(16,2704,'BARDA DEL MEDIO',8305),(16,2706,'LUIS BELTRAN',8361),(16,2710,'COMALLO',8416),(16,2711,'CAMPO GRANDE-R.NEGRO',8332),(16,2712,'CATRIEL',8307),(16,2713,'CINCO SALTOS',8303),(16,2714,'CIPOLLETTI',8324),(16,2715,'CERVANTES',8326),(16,2716,'CNEL JUAN J GOMEZ',8333),(16,2717,'COLONIA  JULIA Y ECHARREN',8138),(16,2718,'CNEL BELISLE',8364),(16,2719,'CHIMPAY',8364),(16,2720,'CHOELE CHOEL',8360),(16,2721,'CLTE CORDERO',8301),(16,2722,'CLTE MARTIN GUERRICO',8326),(16,2723,'CUBANEA',8501),(16,2724,'CHELFORO',8366),(16,2725,'CHICHINALES',8336),(16,2726,'EL BOLSON',8430),(16,2727,'DARWIN',8364),(16,2728,'DINA HUAPI',8402),(16,2732,'GRAL FERNANDEZ ORO',8324),(16,2738,'JUAN DE GARAY',8138),(16,2739,'GRAL CONESA (RIO NEGRO)',8503),(16,2740,'GRAL E GODOY',8336),(16,2741,'GRAL ROCA (RIO NEGRO)',8332),(16,2747,'ING HUERGO',8334),(16,2748,'ING JACOBACCI',8418),(16,2752,'LAMARQUE',8363),(16,2753,'LAS GRUTAS',8520),(16,2755,'LOS MENUCOS',8326),(16,2756,'LLAO LLAO',8409),(16,2760,'MAINQUE',8326),(16,2761,'MAQUINCHAO',8422),(16,2767,'PASO CORDOVA',8333),(16,2768,'PILCANIYEU',8412),(16,2769,'POMONA',8363),(16,2770,'PASO FLORES',8403),(16,2775,'RIO COLORADO (RIO NEGRO)',8138),(16,2781,'SAN ANTONIO OESTE',8520),(16,2782,'SAN C DE BARILOCHE',8400),(16,2783,'P A STEFANELLI',8332),(16,2784,'SIERRA GRANDE',8532),(16,2786,'SIERRA COLORADA',8534),(16,2789,'VALCHETA',8536),(16,2790,'VIEDMA',8500),(16,2792,'VILLA REGINA',8336),(16,2793,'VILLA MASCARDI',8401),(16,10019,'LAS GRUTAS (NO USAR)',8521),(17,2800,'AGUARAY',4566),(17,2801,'AGUAS BLANCAS',4531),(17,2802,'ANTILLA',4193),(17,2804,'AMPASCACHI',4421),(17,2805,'ANIMANA',4427),(17,2808,'LUIS BURELA',4449),(17,2814,'CABEZA DE BUEY',4434),(17,2815,'CAMPO ALEGRE',4423),(17,2816,'CAFAYATE',4447),(17,2817,'CAMPO QUIJANO',4407),(17,2818,'CERRILLOS',4403),(17,2819,'CNEL CORNEJO',4552),(17,2820,'CAMPO SANTO',4432),(17,2823,'COLONIA STA ROSA',4531),(17,2824,'CNEL MOLDES (SALTA)',4421),(17,2825,'EL ENCON',4407),(17,2826,'CHICOANA',4423),(17,2827,'EL TALA',4026),(17,2828,'EL GALPON',4444),(17,2829,'EST ALVARADO',4401),(17,2830,'EMBARCACION',4550),(17,2831,'EL BORDO',4432),(17,2832,'EL CARRIL',4421),(17,2833,'GRAL E MOSCONI',4562),(17,2834,'GRAL GUEMES',4430),(17,2835,'JOAQUIN V GONZALEZ',4448),(17,2838,'GUACHIPAS',4425),(17,2840,'LA CALDERA',6216),(17,2841,'LA MERCED (SALTA)',4421),(17,2842,'LA VIÑA',4425),(17,2843,'LIMACHE',4400),(17,2844,'LOS BLANCOS',4554),(17,2845,'LUMBRERAS',4434),(17,2846,'LAS LAJITAS',4449),(17,2847,'LA SILLETA',4407),(17,2848,'LA ISLA',4400),(17,2850,'LURACATAO',4419),(17,2851,'METAN',4440),(17,2852,'MORILLO',4554),(17,2853,'MOLINOS',4419),(17,2855,'NTRA SRA DE TALAVERA',4452),(17,2859,'PIQUETE CABADO',4449),(17,2860,'PICHANAL',4534),(17,2862,'SALVADOR MAZZA P',4568),(17,2865,'EL QUEBRACHAL',4452),(17,2866,'TABACAL',4533),(17,2870,'R DE LA FRONTERA',4190),(17,2871,'ROSARIO DE LERMA',4405),(17,2872,'RECAREDO',4563),(17,2873,'RIVADAVIA (SALTA)',4535),(17,2874,'CACHI',4417),(17,2879,'SALTA',4400),(17,2880,'ORAN',4530),(17,2881,'APOLINARIO SARAVIA',4449),(17,2882,'SAN CARLOS (SALTA)',4427),(17,2884,'SAN LORENZO (SALTA)',4401),(17,2889,'TARTAGAL (SALTA)',4560),(17,2893,'VILLA SAAVEDRA',4560),(17,2896,'H.YRIGOYEN (SALTA)',4533),(17,2897,'YATASTO',4440),(18,2900,'ALBARDON',5419),(18,2901,'ANGACO',5415),(18,2904,'BARREAL',5405),(18,2909,'CALINGASTA',5403),(18,2910,'CAUCETE',5442),(18,2911,'BARRIO CONCEPCION',5400),(18,2919,'CHIMBAS',5413),(18,2927,'DESAMPARADOS',5400),(18,2935,'IGLESIAS',5467),(18,2936,'JACHAL',5460),(18,2939,'LAS CASUARINAS',5443),(18,2940,'LOS BERROS',5431),(18,2944,'MARQUESADO',5407),(18,2945,'MEDIA AGUA',5435),(18,2946,'MEDANO DE ORO',5421),(18,2950,'NUEVE DE JULIO (SAN JUAN)',5417),(18,2953,'POCITOS',5400),(18,2961,'BRRIO RAWSON',5425),(18,2962,'RINCONADA',5429),(18,2963,'RIVADAVIA (SAN JUAN)',5400),(18,2964,'RODEO',5465),(18,2970,'SANCHEZ DE LORIA',5427),(18,2971,'SAN JUAN',5400),(18,2972,'SAN MARTIN (SAN JUAN)',5439),(18,2973,'SANTA LUCIA (SAN JUAN)',5411),(18,2981,'TRINIDAD',5400),(18,2985,'ULLUM',5409),(18,2989,'VALLE FERTIL',5449),(18,2990,'VILLA ABERASTAIN',5427),(18,2991,'VILLA AMERICA',5400),(18,2992,'VILLA DEL CARRIL',5400),(18,2993,'VILLA KRAUSE',5425),(18,2994,'VILLA SANTA ROSA',5443),(18,2995,'VILLA SARMIENTO (SAN JUAN)',5400),(18,2996,'VILLA NUEVA (SAN JUAN)',5401),(18,2998,'ZONDA',5401),(18,2999,'CEC SAN JUAN',5400),(19,3000,'ALTO PENCOSO',5724),(19,3001,'ARIZONA',6389),(19,3002,'ANCHORENA',6389),(19,3003,'ALTO BLANCO',5700),(19,3005,'BALDE',5724),(19,3006,'BATAVIA',6279),(19,3008,'BEAZLEY',5721),(19,3009,'B ESPERANZA',6277),(19,3017,'CANDELARIA (SAN LUIS)',5713),(19,3018,'CONCARAN',5770),(19,3019,'CRAMER',5733),(19,3026,'JUSTO DARACT',5738),(19,3030,'DEL MORRO SAN JOSE',5730),(19,3031,'JUANA KOSLAY',5701),(19,3032,'EL VOLCAN',5701),(19,3033,'EL DURAZNO',5701),(19,3034,'FORTUNA',6216),(19,3035,'FRAGA',5736),(19,3038,'JUAN JORBA',5731),(19,3040,'LAS CHACRAS DPTO CAP',5701),(19,3041,'LAS CHACRAS',5753),(19,3042,'LA TOMA',5750),(19,3043,'LUJAN (SAN LUIS)',5709),(19,3044,'LIBORIO LUNA',5730),(19,3045,'LA HUERTITA',5755),(19,3046,'PUNILLA',5831),(19,3047,'LA PUNTA',5710),(19,3051,'JUAN LLERENA',5735),(19,3052,'LOS MOLLES',5883),(19,3059,'VILLA MERCEDES',5730),(19,3060,'MERLO (SAN LUIS)',5881),(19,3068,'NASCHEL',5759),(19,3069,'NUEVA GALIA',6216),(19,3070,'NOGOLI',5703),(19,3072,'P DE LAS CARRETAS',5721),(19,3073,'GRAL PEDERNERA',5738),(19,3074,'PASO GRANDE',5753),(19,3075,'POTRERO DE LOS FUNES',5701),(19,3076,'QUINES',5711),(19,3077,'RINCON DEL ESTE',5881),(19,3084,'SAN FRANCISCO (SAN LUIS)',5705),(19,3085,'SAN LUIS',5700),(19,3086,'SANTA ROSA (SAN LUIS)',5719),(19,3087,'S MARTIN ALTO NEGRO',5719),(19,3088,'STA CLARA DE CONLARA',5777),(19,3094,'TILISARAO',5773),(19,3095,'TRAPICHE',5701),(19,3097,'UNION',6216),(19,3098,'VILLA DEL CARMEN',5837),(19,3099,'VILLA LARCA',5883),(19,10098,'SANTA ROSA DEL CONLARA',5777),(20,3104,'BAJO CARACOLES',9315),(20,3109,'EL CALAFATE',9405),(20,3110,'CAÑADON SECO',9013),(20,3111,'CALETA OLIVIA',9011),(20,3112,'CTE LUIS PIEDRABUENA',9303),(20,3123,'EL TURBIO',9407),(20,3124,'EL CHALTEN',9301),(20,3125,'FITZ ROY',9019),(20,3128,'GDOR GREGORES',9311),(20,3133,'JARAMILLO',9053),(20,3143,'LA ESPERANZA',9401),(20,3144,'LAS HERAS (STA.CRUZ)',9017),(20,3145,'LOS ANTIGUOS',9041),(20,3146,'LAS HORQUETAS',9400),(20,3164,'PERITO MORENO',9040),(20,3165,'PICO TRUNCADO',9015),(20,3166,'PUERTO DESEADO',9050),(20,3167,'PUERTO SANTA CRUZ',9300),(20,3178,'RIO GALLEGOS',9400),(20,3189,'PUERTO SAN JULIAN',9310),(20,3195,'RIO TURBIO',9407),(20,3196,'28 DE NOVIEMBRE',9407),(21,3200,'ACEBAL',2109),(21,3201,'ALCORTA',2117),(21,3202,'ALDAO',2214),(21,3203,'ALEJANDRA',3051),(21,3204,'ALVAREZ',2107),(21,3205,'DIEGO DE ALVEAR',6036),(21,3206,'AMENABAR',6103),(21,3207,'ANGELICA',2303),(21,3208,'AREQUITO',2183),(21,3209,'ARMINDA',2119),(21,3210,'ARMSTRONG',2508),(21,3211,'AROCENA',2242),(21,3212,'ARROYO CEIBAL',3575),(21,3213,'ARROYO SECO',2128),(21,3214,'ARRUFO',2344),(21,3215,'ARTEAGA',2187),(21,3216,'ATALIVA',2307),(21,3217,'AVELLANEDA (SANTA FE)',3561),(21,3218,'ANDINO',2214),(21,3219,'ALBARELLOS',2101),(21,3220,'AMBROSETTI',2352),(21,3221,'AGUARA GRANDE',3071),(21,3222,'ARROYO AGUIAR',3014),(21,3223,'ALVEAR (SANTA FE)',2126),(21,3224,'ALTO VERDE (SANTA FE)',3001),(21,3229,'BELLA ITALIA (SANTA FE)',2301),(21,3230,'BARRANCAS (SANTA FE)',2246),(21,3231,'BAUER Y SIGUEL',2403),(21,3232,'BERAVEBU',2639),(21,3233,'BIGAND',2177),(21,3234,'BOMBAL',2179),(21,3235,'BOUQUET',2523),(21,3236,'BUSTINZA',2501),(21,3237,'BERNA',3569),(21,3238,'COLONIA ROSA',2347),(21,3239,'CAPIVARA',2311),(21,3240,'COLONIA ALDAO',2317),(21,3241,'PLAZA CLUCELLAS',2407),(21,3242,'CAYASTA',3001),(21,3243,'COLONIA  SAN MANUEL',3563),(21,3244,'CLASON',2146),(21,3245,'CONSTANZA',2311),(21,3246,'CAMPO GARAY',3066),(21,3247,'CAVOUR',3081),(21,3248,'CAMPO ANDINO',3021),(21,3249,'CAFFERATA',2646),(21,3250,'CALCHAQUI',3050),(21,3251,'CAMPO CRESPO',3001),(21,3252,'CAÑADA DE GOMEZ',2500),(21,3253,'CAÑADA DEL UCLE',2635),(21,3254,'CAÑADA RICA',2101),(21,3255,'CAÑADA ROSQUIN',2454),(21,3256,'CAP BERMUDEZ',2154),(21,3257,'CARCARAÑA',2138),(21,3258,'CARMEN',2618),(21,3259,'CARRERAS',2729),(21,3260,'CASAS',2148),(21,3261,'CASILDA',2170),(21,3262,'CAÑADA OMBU',3551),(21,3263,'AARON CASTELLANOS',6106),(21,3264,'CENTENO',2148),(21,3265,'CERES',2340),(21,3266,'COLASTINE NORTE',3001),(21,3267,'COLONIA BELGRANO',2257),(21,3268,'COLONIA CASTELAR',2401),(21,3269,'COLONIA SAN JOAQUIN',3001),(21,3270,'CORONDA',2240),(21,3271,'CNEL ARNOLD',2123),(21,3272,'CNEL BOGADO',2103),(21,3273,'CNEL R S DOMINGUEZ',2105),(21,3274,'CURUPAITY',2342),(21,3275,'CORREA',2506),(21,3276,'CHABAS',2173),(21,3277,'CHAÑAR LADEADO',2643),(21,3278,'CHOVET',2633),(21,3279,'CHRISTOPHERSEN',2611),(21,3280,'CLARKE',2218),(21,3281,'COLONIA  SILVA',3042),(21,3282,'COLONIA CELLO',2405),(21,3283,'COLONIA BOSSI',2326),(21,3284,'COLONIA MASCIAS',3001),(21,3285,'CEPEDA',2105),(21,3286,'CRISPI',2441),(21,3287,'COLONIA CASTELLANOS',2301),(21,3288,'COLONIA BICHA',2317),(21,3289,'COLONIA MONTEFIORE',2341),(21,3290,'CNEL FRAGA',2301),(21,3291,'COLONIA MEDICI',2144),(21,3292,'DESVIO ARIJON',2242),(21,3293,'DIAZ',2222),(21,3294,'DR BARROS PAZOS',3569),(21,3304,'CHAPUY',2603),(21,3305,'CASALEGNO',2248),(21,3306,'COLONIA LA CAMILA',3054),(21,3307,'EGUSQUIZA',2301),(21,3308,'ELISA',3029),(21,3309,'ELORTONDO',2732),(21,3310,'EL TREBOL',2535),(21,3311,'EMILIA',3036),(21,3312,'ELME V CONSTITUCION',2918),(21,3313,'MARCELINO ESCALADA',3042),(21,3314,'ESMERALDA',2456),(21,3315,'ESPERANZA',3080),(21,3316,'EUSEBIA',2317),(21,3317,'EST CLUCELLAS',2407),(21,3318,'EL TAJAMAR',3565),(21,3319,'EL NOCHERO',3061),(21,3320,'EL ARAZA',3563),(21,3321,'EL RABON',3592),(21,3322,'EL SOMBRERITO',3585),(21,3329,'FELICIA',3087),(21,3330,'FIGHIERA',2126),(21,3331,'FIRMAT',2630),(21,3332,'FLORENCIA',3516),(21,3333,'FORTIN OLMOS',3553),(21,3334,'FRANCK',3009),(21,3335,'FRAY L.BELTRAN (SANTA FE)',2156),(21,3336,'FUENTES',2123),(21,3337,'FUNES',2132),(21,3338,'FORTIN CHILCAS',3553),(21,3339,'FORTIN ATAHUALPA',3061),(21,3350,'GABOTO',2208),(21,3351,'GALVEZ',2252),(21,3352,'GRAL GELLY',2701),(21,3353,'GRAL LAGOS',2126),(21,3354,'GESSLER',2253),(21,3355,'GDOR CANDIOTI',3018),(21,3356,'GDOR CRESPO',3044),(21,3357,'GODEKEN',2639),(21,3358,'GODOY',2971),(21,3359,'GRANADERO BAIGORRIA',2152),(21,3360,'GRUTLY',3083),(21,3361,'GUADALUPE NORTE',3574),(21,3362,'PEDRO GOMEZ CELLO',3054),(21,3374,'HELVECIA',3003),(21,3375,'HERSILIA',2352),(21,3376,'HUANQUEROS',3076),(21,3377,'HUGHES',2725),(21,3378,'HUMBERTO I',2309),(21,3379,'HUMBOLDT',3081),(21,3380,'HIPATIA',3023),(21,3388,'IBARLUCEA',2142),(21,3389,'INDEPENDENCIA',3060),(21,3390,'IRIGOYEN',2248),(21,3391,'INTIYACO',3551),(21,3392,'BDO. DE IRIGOYEN',2248),(21,3393,'ISLETA',3581),(21,3394,'ITURRALDE',2340),(21,3395,'IRIONDO',3018),(21,3396,'ING CHANOURDIE',3575),(21,3406,'JESUS MARIA (SANTA FE)',2204),(21,3407,'JOBSON',3550),(21,3408,'JUNCAL',2723),(21,3409,'COLONIA JOSEFINA',2403),(21,3412,'LOS NOGALES (SANTA FE)',2183),(21,3413,'KM 302',3551),(21,3414,'LA PENCA',3557),(21,3415,'LUCIO V LOPEZ',2142),(21,3416,'LA SARITA',3563),(21,3417,'LA LUCILA (SANTA FE)',3072),(21,3418,'LA CABRAL',3074),(21,3419,'LA LOLA',3567),(21,3420,'LABORDEBOY',2726),(21,3421,'LA CHISPA',2601),(21,3422,'LA CRIOLLA (SANTA FE)',3052),(21,3423,'LA ESQUINA',3000),(21,3424,'LA GALLARETA',3057),(21,3425,'LA GUARDIA',3001),(21,3426,'LAGUNA PAIVA',3020),(21,3427,'LA LUISA (SANTA FE)',3000),(21,3428,'LANDETA',2531),(21,3429,'LA PELADA',3027),(21,3430,'LARRECHEA',2252),(21,3431,'LA RUBIA',2342),(21,3432,'LA SALADA (SANTA FE)',2142),(21,3433,'LA VANGUARDIA',3561),(21,3434,'LARGUIA',2144),(21,3435,'LAS PAREJAS',2505),(21,3436,'LAS PETACAS',2451),(21,3437,'LAS ROSAS',2520),(21,3438,'LAS TOSCAS (SANTA FE)',3586),(21,3439,'LEHMANN',2305),(21,3440,'LOPEZ',2255),(21,3441,'LOS CARDOS',2533),(21,3442,'LOS LAURELES',3567),(21,3443,'LOS MOLINOS (SANTA FE)',2181),(21,3444,'LOS QUIRQUINCHOS',2637),(21,3445,'LLAMBI CAMPBELL',3036),(21,3446,'LOS TABANOS',3551),(21,3447,'LAZZARINO',6103),(21,3448,'LAS GARZAS',3574),(21,3449,'LOS CHARABONES',3060),(21,3450,'LOGROÑO',3066),(21,3451,'LAS PALMERAS',2326),(21,3452,'LANTERI',3575),(21,3453,'LOMA ALTA',2253),(21,3454,'LAS FLORES (SANTA FE)',3000),(21,3455,'LAS TUNAS',3009),(21,3456,'LAS AVISPAS',3074),(21,3457,'LAS BANDURRIAS',2148),(21,3458,'MACIEL',2208),(21,3459,'MAGGIOLO',2622),(21,3460,'MALABRIGO',3572),(21,3461,'MARGARITA',3056),(21,3462,'MARIA JUANA',2443),(21,3463,'MARIA SUSANA',2527),(21,3464,'MARIA TERESA',2609),(21,3465,'EST MATILDE',3013),(21,3466,'MAXIMO PAZ (SANTA FE)',2115),(21,3467,'MELINCUE',2728),(21,3468,'MOISES VILLE',2313),(21,3469,'J B MOLINA',2103),(21,3470,'MONJE',2212),(21,3471,'MONTE VERA',3014),(21,3472,'MONTES DE OCA',2521),(21,3473,'MURPHY',2601),(21,3474,'MONSERRAT',3000),(21,3475,'MOUSSY',3561),(21,3476,'MARIA LUISA',3025),(21,3477,'MONIGOTES',2342),(21,3478,'MARIA EUGENIA',3072),(21,3479,'MAIZALES',2119),(21,3486,'NELSON',3032),(21,3487,'NUEVA ITALIA',3074),(21,3488,'NANDUCITA',3072),(21,3489,'NUEVO TORINO',3087),(21,3500,'OLIVEROS',2206),(21,3501,'PIÑERO',2119),(21,3511,'PUEBLO NUEVO',2124),(21,3512,'PUEBLO ESTHER',2126),(21,3513,'PALACIOS',2326),(21,3514,'PAVON ARRIBA',2109),(21,3515,'CARLOS PELLEGRINI',2453),(21,3516,'ZENON PEREYRA',2409),(21,3517,'PEREZ',2121),(21,3518,'PEYRANO',2113),(21,3519,'PIAMONTE',2529),(21,3520,'PILAR (SANTA FE)',3085),(21,3521,'PRESIDENTE ROCA (SANTA FE)',2301),(21,3522,'POZO BORRADO',3061),(21,3523,'PROGRESO',3023),(21,3524,'PUEBLO MARINI',2301),(21,3525,'PUEBLO MUÑOZ',2119),(21,3526,'PUERTO GRAL S MARTIN',2202),(21,3527,'PUJATO',2123),(21,3528,'PROVIDENCIA',3025),(21,3529,'PAVON',2918),(21,3540,'RAFAELA',2300),(21,3541,'RAMAYON',3042),(21,3542,'RAMONA',3070),(21,3543,'RAQUEL',2322),(21,3544,'RECONQUISTA',3560),(21,3545,'RECREO (SANTA FE)',3018),(21,3546,'RICARDONE',2201),(21,3547,'ROLDAN',2134),(21,3548,'ROMANG',3555),(21,3549,'ROSARIO',2000),(21,3550,'RUEDA',2921),(21,3551,'RUFINO',6100),(21,3552,'ESTEBAN RAMS',3066),(21,3553,'RUNCIMAN',2611),(21,3564,'SAGUIER',2301),(21,3565,'SALADERO M CABAL',3001),(21,3566,'SALTO GRANDE',2142),(21,3567,'SAN AGUSTIN (SANTA FE)',3017),(21,3568,'SANCTI SPIRITU',2617),(21,3569,'SAN CARLOS CENTRO',3013),(21,3570,'SAN CARLOS NORTE',3009),(21,3571,'SAN CRISTOBAL',3070),(21,3572,'SANFORD',2173),(21,3573,'SAN EDUARDO',2615),(21,3574,'SAN EUGENIO',2253),(21,3575,'SAN FABIAN',2242),(21,3576,'SAN FRANCISCO DE S F',2601),(21,3577,'SAN GENARO',2146),(21,3578,'SAN GENARO NORTE',2147),(21,3579,'SAN GREGORIO',2613),(21,3580,'SAN GUILLERMO',2347),(21,3581,'SAN JAVIER (SANTA FE)',3005),(21,3582,'S JERONIMO DEL SAUCE',3009),(21,3583,'SAN JERONIMO NORTE',3011),(21,3584,'SAN JERONIMO SUD',2136),(21,3586,'SAN JORGE (SANTA FE)',2451),(21,3587,'S JOSE DE LA ESQUINA',2185),(21,3588,'SAN JOSE DEL RINCON',3001),(21,3589,'SAN JUSTO (SANTA FE)',3040),(21,3590,'SAN LORENZO (SANTA FE)',2200),(21,3591,'SAN M DE LAS ESCOBAS',2449),(21,3592,'SAN VICENTE (SANTA FE)',2447),(21,3593,'SANTA CLARA B VISTA',2258),(21,3594,'STA CLARA DE SAGUIER',2405),(21,3595,'SANTA FE',3000),(21,3596,'SANTA ISABEL (SANTA FE)',2605),(21,3597,'SANTA ROSA (SANTA FE)',3001),(21,3598,'SANTA TERESA',2111),(21,3599,'SANTO DOMINGO (SANTA FE)',3025),(21,3600,'SANTO TOME (SANTA FE)',3016),(21,3601,'SA PEREIRA',3011),(21,3602,'SARGENTO CABRAL',2105),(21,3603,'SARMIENTO (SANTA FE)',3023),(21,3604,'SASTRE',2440),(21,3605,'SAUCE VIEJO',3017),(21,3606,'SERODINO',2216),(21,3608,'SOLEDAD',3025),(21,3609,'SUARDI',2349),(21,3610,'SUNCHALES',2322),(21,3611,'SOLDINI',2107),(21,3612,'SAN ANTONIO (SANTA FE)',2301),(21,3613,'SAN CARLOS SUD',3013),(21,3614,'SUSANA',2301),(21,3615,'SAN ANTONIO OBLIGADO',3587),(21,3616,'SANTA MARGARITA',3061),(21,3621,'TARRAGONA',6103),(21,3622,'TARTAGAL (SANTA FE)',3565),(21,3623,'TACURAL',2324),(21,3624,'TEODELINA',6009),(21,3625,'THEOBALD',2918),(21,3626,'TIMBUES',2204),(21,3627,'MIGUEL TORRES',2631),(21,3628,'TORTUGAS',2512),(21,3629,'TOSTADO',3060),(21,3630,'TOTORAS',2144),(21,3631,'TRAILL',2451),(21,3643,'URANGA',2105),(21,3655,'VERA',3550),(21,3656,'VENADO TUERTO',2600),(21,3657,'VERA Y PINTADO',3054),(21,3658,'VIDELA',3048),(21,3659,'VILA',2301),(21,3660,'VILLA ANA',3581),(21,3661,'VILLA CAÑAS',2607),(21,3662,'VILLA CONSTITUCION',2919),(21,3663,'VILLA DIEGO',2124),(21,3664,'VILLA ELOISA',2503),(21,3665,'VILLA GDOR GALVEZ',2124),(21,3666,'VILLA GUILLERMINA',3589),(21,3667,'VILLA MUGUETA',2175),(21,3668,'VILLA OCAMPO',3580),(21,3669,'VILLA SAN JOSE',2301),(21,3670,'VILLA TRINIDAD',2345),(21,3671,'VILLADA',2173),(21,3672,'VILLA MINETTI',3161),(21,3673,'VILLA SARALEGUI',3046),(21,3674,'VILLA AMELIA',2101),(21,3675,'VIRGINIA (SANTA FE)',2311),(21,3680,'WHEELWRIGHT',2722),(21,3690,'ZAVALLA',2123),(21,9998,'GARABATO',3551),(22,3700,'AÑATUYA',3760),(22,3707,'BANDERA',3064),(22,3708,'BELTRAN',4308),(22,3709,'BREA POZO',4313),(22,3714,'CASARES',2354),(22,3715,'CLODOMIRA',4338),(22,3716,'CAMPO GALLO',3747),(22,3717,'COLONIA DORA',4332),(22,3718,'COLONIA ALPINA',2341),(22,3720,'EL BOBADAL',4187),(22,3721,'CHOYA',4233),(22,3722,'FERNANDEZ',4322),(22,3723,'FORRES',4312),(22,3724,'FRIAS',4230),(22,3730,'GARZA',4324),(22,3731,'GRAMILLA',4304),(22,3732,'GUARDIA ESCOLTA',3062),(22,3737,'HERRERA (S. DEL ESTERO)',4328),(22,3738,'HUAICO HONDO',4200),(22,3745,'ICAÑO',4334),(22,3749,'LA CAÑADA (S. DEL ESTERO)',4302),(22,3750,'LAS TINAJAS',4351),(22,3751,'LAVALLE (S. DEL ESTERO)',4234),(22,3752,'LA BANDA',4300),(22,3753,'LORETO (S. DEL ESTERO)',4208),(22,3754,'LOS JURIES',3773),(22,3755,'LUGONES',4326),(22,3756,'MEDELLIN',4313),(22,3757,'MONTE QUEMADO',4195),(22,3758,'NUEVA ESPERANZA',4197),(22,3759,'LOS TELARES',4321),(22,3761,'OJO DE AGUA',5250),(22,3762,'OTUMPA',3741),(22,3765,'P DE LOS GUANACOS',3712),(22,3768,'PINTO',2356),(22,3769,'POZO HONDO',4184),(22,3774,'ROVERSI',3736),(22,3775,'QUIMILI',3470),(22,3776,'REAL SAYANA',4334),(22,3777,'RAPELLI',4189),(22,3778,'SIMBOLAR-DTO MORENO',4351),(22,3779,'SIMBOLAR DTO BANDA',4339),(22,3780,'SOL DE JULIO',5255),(22,3781,'SAN PEDRO (S. DEL ESTERO)',4238),(22,3782,'SANTIAGO DEL ESTERO',4200),(22,3783,'SACHAYOJ',3731),(22,3784,'SUMAMPA',5253),(22,3785,'SELVA',2354),(22,3786,'SUNCHO CORRAL',4350),(22,3787,'TINTINA',3743),(22,3788,'TABOADA',4324),(22,3791,'TERMAS DE RIO HONDO',4220),(22,3793,'VILELAS',3752),(22,3794,'VILLA NUEVA (S. DEL ESTERO)',4313),(22,3795,'VILLA ATAMISQUI',4317),(22,3796,'VILLA SAN MARTIN',4208),(22,3797,'ZANJON',4206),(22,3798,'WEISBURD',4351),(22,3799,'YANDA',4206),(23,3800,'AGUILARES',4152),(23,3801,'J B ALBERDI (TUCUMAN)',4158),(23,3802,'ALDERETES',4178),(23,3803,'AMBERES',4144),(23,3804,'ALTO VERDE (TUCUMAN)',4153),(23,3805,'ACHERAL',4134),(23,3806,'ALTO N SRA DEL VALLE',4000),(23,3807,'ARCADIA',4147),(23,3808,'BENJAMIN ARAOZ',4178),(23,3810,'BANDA RIO SALI',4109),(23,3811,'BELLA VISTA (TUCUMAN)',4168),(23,3812,'TENIENTE BERDINA',4132),(23,3813,'INGENIO CRUZ ALTA',4184),(23,3814,'BURRUYACU',4119),(23,3815,'CEVIL REDONDO',4105),(23,3816,'CEVIL POZO',4178),(23,3817,'COLOMBRES',4111),(23,3818,'CONCEPCION (TUCUMAN)',4146),(23,3819,'CHICLIGASTA',4174),(23,3820,'COLALAO DEL VALLE',4141),(23,3821,'DELFIN GALLO',4117),(23,3822,'EL SIAMBON',4105),(23,3823,'EL COLMENAL',4101),(23,3824,'EL MANANTIAL',4105),(23,3825,'EL CHAÑAR',4117),(23,3826,'EL MIRADOR',4000),(23,3827,'ESQUINA DTO LEALES',4111),(23,3828,'PADILLA',4133),(23,3829,'PEDRO G MENDEZ',4117),(23,3830,'FAMAILLA',4132),(23,3831,'CHOROMORO',4122),(23,3832,'GASTONA',4146),(23,3833,'GRANEROS',4159),(23,3834,'ING LA FLORIDA',4117),(23,3835,'INGENIO SANTA ANA',4155),(23,3836,'ING SANTA LUCIA',4135),(23,3837,'INGENIO SAN JUAN',4109),(23,3838,'LA CAÑADA (TUCUMAN)',4159),(23,3839,'LA TRINIDAD',4151),(23,3840,'LAMADRID',4176),(23,3841,'LA INVERNADA',4132),(23,3842,'LA FRONTERITA',4111),(23,3843,'LA RAMADA',4119),(23,3844,'LASTENIA',4111),(23,3845,'LOS RALOS',4182),(23,3846,'LULES',4128),(23,3847,'LOS POCITOS',4101),(23,3848,'LOS NOGALES',4101),(23,3849,'LEALES',4113),(23,3850,'LA COCHA',4162),(23,3851,'MARCOS PAZ (TUCUMAN)',4107),(23,3852,'MONTEROS',4142),(23,3853,'LAS CEJAS',4200),(23,3854,'LOS SARMIENTO',4157),(23,3855,'OHUANTA',4132),(23,3856,'LOS GUCHEAS',4151),(23,3857,'LOS PUESTOS',4115),(23,3858,'RANCHILLOS',4178),(23,3859,'RIO COLORADO (TUCUMAN)',4166),(23,3860,'RIO SECO',4145),(23,3861,'RUMI PUNCO',4164),(23,3862,'LEON ROUGES',4143),(23,3863,'RIO CHICO',4153),(23,3864,'LOS GUTIERREZ',4178),(23,3865,'LAS TALITAS',4101),(23,3866,'SAN JAVIER (TUCUMAN)',4105),(23,3867,'SAN ANDRES (TUCUMAN)',4111),(23,3868,'SAN M DE TUCUMAN',4000),(23,3869,'SIMOCA',4172),(23,3870,'SOLEDAD FRONTERITA',4000),(23,3871,'SAN PABLO',4129),(23,3872,'SAN PEDRO DE COLALAO',4124),(23,3875,'TACO RALO',4242),(23,3876,'TAFI DEL VALLE',4137),(23,3877,'TAFI VIEJO',4103),(23,3878,'TRANCAS',4124),(23,3884,'VILLA ALBERDI',4158),(23,3885,'VILLA FIAD',4111),(23,3886,'VILLA CARMELA',4105),(23,3891,'VILLA C HILERET',4155),(23,3892,'VILLA QUINTEROS',4144),(23,3893,'VILLA MARIANO MORENO',4101),(23,3894,'VILLA NUEVA (TUCUMAN)',4142),(23,3896,'YERBA BUENA',4107),(23,3941,'SIETE DE ABRIL',4195),(24,3930,'RIO GRANDE',9420),(24,3935,'TOLHUIN',9420),(24,3940,'USHUAIA',9410),(24,10090,'TOLHIUN',9120);
/*!40000 ALTER TABLE `localidades` ENABLE KEYS */;
UNLOCK TABLES;

--
-- Table structure for table `marcastarjetas`
--

DROP TABLE IF EXISTS `marcastarjetas`;
/*!40101 SET @saved_cs_client     = @@character_set_client */;
/*!40101 SET character_set_client = utf8 */;
CREATE TABLE `marcastarjetas` (
  `IdMarca` int(11) NOT NULL AUTO_INCREMENT,
  `Nombre` varchar(20) NOT NULL,
  PRIMARY KEY (`IdMarca`)
) ENGINE=InnoDB DEFAULT CHARSET=latin1;
/*!40101 SET character_set_client = @saved_cs_client */;

--
-- Dumping data for table `marcastarjetas`
--

LOCK TABLES `marcastarjetas` WRITE;
/*!40000 ALTER TABLE `marcastarjetas` DISABLE KEYS */;
/*!40000 ALTER TABLE `marcastarjetas` ENABLE KEYS */;
UNLOCK TABLES;

--
-- Table structure for table `personas`
--

DROP TABLE IF EXISTS `personas`;
/*!40101 SET @saved_cs_client     = @@character_set_client */;
/*!40101 SET character_set_client = utf8 */;
CREATE TABLE `personas` (
  `IdPersona` int(11) NOT NULL AUTO_INCREMENT,
  `Nombre` varchar(60) NOT NULL,
  `Apellido` varchar(60) NOT NULL,
  `IdTipoDoc` int(11) NOT NULL,
  `NroDoc` int(11) NOT NULL,
  `Email` varchar(60) NOT NULL,
  PRIMARY KEY (`IdPersona`),
  UNIQUE KEY `NroDoc` (`NroDoc`),
  UNIQUE KEY `Email` (`Email`),
  KEY `IdTipoDoc` (`IdTipoDoc`),
  CONSTRAINT `personas_ibfk_1` FOREIGN KEY (`IdTipoDoc`) REFERENCES `tiposdoc` (`IdTipoDoc`)
) ENGINE=InnoDB AUTO_INCREMENT=40 DEFAULT CHARSET=latin1;
/*!40101 SET character_set_client = @saved_cs_client */;

--
-- Dumping data for table `personas`
--

LOCK TABLES `personas` WRITE;
/*!40000 ALTER TABLE `personas` DISABLE KEYS */;
INSERT INTO `personas` VALUES (2,'unCliente','unApellido',2,99999999,'cliente@hotmail.com'),(3,'asdasd','sadsadsa',1,1342131,'sadas@sada.com'),(4,'asdasdas','sadsadsa',1,2312321,'bbbb@asdas.com'),(5,'asdasd','asdasd',1,222453,'dddddd@sad.com'),(6,'asdsad','sadsad',1,4444343,'sadsadsa@asd.com'),(7,'Pepeee','asdsadsa',1,0,'asdsadas@asdsa.com'),(11,'asdasd','sadsada',1,56595653,'asdas@sadas.com'),(12,'asdasdsad','sadsadsa',1,23423,'asdsa@dasda.com'),(13,'Enrique','Cito',1,99885653,'enri@yahoo.com.ar'),(14,'leonardo','gomez',1,99896223,'atpatp@hotmail.com'),(15,'diego','forlan',1,23232221,'loffdso@gmail.com'),(16,'taladro','del sur',1,899983423,'banfield@hotmail.com'),(17,'Leonardo','Fernandez',1,988532221,'leocab@hotmail.com'),(18,'carlos','tevez',1,30565995,'tevez@hotmail.com'),(19,'pruebitaaa','pruebon',1,234337786,'pruebita@hotmail.com'),(20,'asdasd','asdsad',1,34343,'czx@sdsa.com'),(21,'jhhj','23',1,2132,'adsadasdsadsadsadasdsa@sad.com'),(22,'ivancito','fernandito',1,123454,'ivan@hotmail.com'),(23,'matiii','fumacooooo',1,1321222225,'sadsad@dsadas.com'),(24,'asdasdsa','sadsadsa',1,32432437,'asdsa@sadas.com'),(25,'asdsad','asdasdas',1,343333331,'asdsa@sasdas.com'),(26,'asdasd','dasdsa',1,2223988,'bb@sdas.com'),(27,'asdasda','sadasdas',1,3434,'asdsa@dsadas.com'),(28,'asdasd','asdsada',1,3434333,'sad3as@sadas.com'),(29,'asdasd','sadf',1,9983632,'dsad@hmail.casom'),(30,'asdsadsa','asdsad',2,3334331,'sss@sasss.com'),(31,'asdasd','3434asdas',1,33314,'asdas@sadsada.com'),(32,'pendientee','apependiente',2,2223232,'pendiente@hotmail.com'),(33,'Reynaldo','Lardapide',1,12052624,'todoFutbol@hotmail.com'),(34,'Carlos','Delgadillo',1,28236550,'oasis_banfield@hotmail.com'),(35,'Daniel','Gentile',1,14522303,'maracana_escalada@yahoo.com.ar'),(36,'Maximiliano','Gonzalez',1,30262559,'loslagartosfutbol@yahoo.com.ar'),(37,'Gustavo','Castro',1,20374469,'flasheras5@hotmail.com'),(38,'juancho','Vazques',1,32123123,'juan@gmail.com'),(39,'Torneo','Torneo',1,999999999,'torneos@gmail.com');
/*!40000 ALTER TABLE `personas` ENABLE KEYS */;
UNLOCK TABLES;

--
-- Table structure for table `provincias`
--

DROP TABLE IF EXISTS `provincias`;
/*!40101 SET @saved_cs_client     = @@character_set_client */;
/*!40101 SET character_set_client = utf8 */;
CREATE TABLE `provincias` (
  `IdProvincia` int(11) NOT NULL,
  `Nombre` varchar(30) NOT NULL,
  PRIMARY KEY (`IdProvincia`)
) ENGINE=InnoDB DEFAULT CHARSET=latin1;
/*!40101 SET character_set_client = @saved_cs_client */;

--
-- Dumping data for table `provincias`
--

LOCK TABLES `provincias` WRITE;
/*!40000 ALTER TABLE `provincias` DISABLE KEYS */;
INSERT INTO `provincias` VALUES (1,'Buenos Aires'),(2,'Capital Federal'),(3,'Catamarca'),(4,'Córdoba'),(5,'Corrientes'),(6,'Chaco'),(7,'Chubut'),(8,'Entre Ríos'),(9,'Formosa'),(10,'Jujuy'),(11,'La Pampa'),(12,'La Rioja'),(13,'Mendoza'),(14,'Misiones'),(15,'Neuquen'),(16,'Río Negro'),(17,'Salta'),(18,'San Juan'),(19,'San Luis'),(20,'Santa Cruz'),(21,'Santa Fe'),(22,'Santiago del Estero'),(23,'Tucuman'),(24,'Tierra del Fuego');
/*!40000 ALTER TABLE `provincias` ENABLE KEYS */;
UNLOCK TABLES;

--
-- Table structure for table `puntajesporfechas`
--

DROP TABLE IF EXISTS `puntajesporfechas`;
/*!40101 SET @saved_cs_client     = @@character_set_client */;
/*!40101 SET character_set_client = utf8 */;
CREATE TABLE `puntajesporfechas` (
  `IdTorneo` int(11) NOT NULL,
  `IdFecha` int(11) NOT NULL,
  `IdEquipo` int(11) NOT NULL,
  `CantPuntos` int(11) NOT NULL,
  `Jugados` int(11) NOT NULL,
  `Ganados` int(11) NOT NULL,
  `Empatados` int(11) NOT NULL,
  `Perdidos` int(11) NOT NULL,
  PRIMARY KEY (`IdTorneo`,`IdFecha`,`IdEquipo`),
  KEY `PuntajesPorFechas_Equipo_fk` (`IdEquipo`),
  CONSTRAINT `PuntajesPorFechas_Equipo_fk` FOREIGN KEY (`IdEquipo`) REFERENCES `equipos` (`IdEquipo`),
  CONSTRAINT `PuntajesPorFechas_Torneo_fk` FOREIGN KEY (`IdTorneo`) REFERENCES `torneos` (`IdTorneo`)
) ENGINE=InnoDB DEFAULT CHARSET=latin1;
/*!40101 SET character_set_client = @saved_cs_client */;

--
-- Dumping data for table `puntajesporfechas`
--

LOCK TABLES `puntajesporfechas` WRITE;
/*!40000 ALTER TABLE `puntajesporfechas` DISABLE KEYS */;
INSERT INTO `puntajesporfechas` VALUES (13,1,1,0,0,0,0,0),(13,1,2,0,0,0,0,0),(13,1,3,0,0,0,0,0),(13,1,4,0,0,0,0,0),(13,1,5,0,0,0,0,0),(13,1,6,0,0,0,0,0),(13,1,7,0,0,0,0,0),(13,1,8,0,0,0,0,0);
/*!40000 ALTER TABLE `puntajesporfechas` ENABLE KEYS */;
UNLOCK TABLES;

--
-- Table structure for table `puntuaciones`
--

DROP TABLE IF EXISTS `puntuaciones`;
/*!40101 SET @saved_cs_client     = @@character_set_client */;
/*!40101 SET character_set_client = utf8 */;
CREATE TABLE `puntuaciones` (
  `IdPuntuacion` int(11) NOT NULL AUTO_INCREMENT,
  `Puntos` int(11) NOT NULL,
  `Descripcion` varchar(30) NOT NULL,
  PRIMARY KEY (`IdPuntuacion`)
) ENGINE=InnoDB DEFAULT CHARSET=latin1;
/*!40101 SET character_set_client = @saved_cs_client */;

--
-- Dumping data for table `puntuaciones`
--

LOCK TABLES `puntuaciones` WRITE;
/*!40000 ALTER TABLE `puntuaciones` DISABLE KEYS */;
/*!40000 ALTER TABLE `puntuaciones` ENABLE KEYS */;
UNLOCK TABLES;

--
-- Table structure for table `reservas`
--

DROP TABLE IF EXISTS `reservas`;
/*!40101 SET @saved_cs_client     = @@character_set_client */;
/*!40101 SET character_set_client = utf8 */;
CREATE TABLE `reservas` (
  `IdReserva` int(11) NOT NULL AUTO_INCREMENT,
  `IdComplejo` int(11) NOT NULL,
  `IdCancha` int(11) NOT NULL,
  `IdCliente` int(11) NOT NULL,
  `Fecha` date NOT NULL,
  `HoraInicio` time NOT NULL,
  `HoraFin` time NOT NULL,
  `APagar` double NOT NULL,
  `PorcentajePago` int(11) NOT NULL,
  `IdEstado` int(11) NOT NULL,
  `FechaReserva` datetime NOT NULL,
  `Pagado` double NOT NULL,
  `idTorneo` int(11) DEFAULT NULL,
  PRIMARY KEY (`IdReserva`),
  KEY `Reservas_Canchas_fk` (`IdComplejo`,`IdCancha`),
  KEY `Reservas_Clientes_fk` (`IdCliente`),
  KEY `Reservas_Estados_fk` (`IdEstado`),
  CONSTRAINT `Reservas_Canchas_fk` FOREIGN KEY (`IdComplejo`, `IdCancha`) REFERENCES `canchas` (`IdComplejo`, `IdCancha`),
  CONSTRAINT `Reservas_Clientes_fk` FOREIGN KEY (`IdCliente`) REFERENCES `clientes` (`IdCliente`),
  CONSTRAINT `Reservas_Estados_fk` FOREIGN KEY (`IdEstado`) REFERENCES `reservasestados` (`IdEstado`)
) ENGINE=InnoDB AUTO_INCREMENT=1973 DEFAULT CHARSET=latin1;
/*!40101 SET character_set_client = @saved_cs_client */;

--
-- Dumping data for table `reservas`
--

LOCK TABLES `reservas` WRITE;
/*!40000 ALTER TABLE `reservas` DISABLE KEYS */;
INSERT INTO `reservas` VALUES (1,5,12,20,'2016-06-26','16:00:00','18:00:00',500,20,1,'2016-05-25 00:00:00',0,NULL),(18,6,16,20,'2016-06-19','18:00:00','19:00:00',800,110,2,'2016-06-03 00:00:00',800,NULL),(1401,1,1,32,'2016-06-16','10:00:00','11:00:00',0,0,1,'2016-06-09 00:00:00',0,13),(1402,1,1,32,'2016-06-16','11:00:00','12:00:00',0,0,1,'2016-06-09 00:00:00',0,13),(1403,1,1,32,'2016-06-16','12:00:00','13:00:00',0,0,1,'2016-06-09 00:00:00',0,13),(1404,1,1,32,'2016-06-16','13:00:00','14:00:00',0,0,1,'2016-06-09 00:00:00',0,13),(1405,1,1,32,'2016-06-16','14:00:00','15:00:00',0,0,1,'2016-06-09 00:00:00',0,13),(1406,1,1,32,'2016-06-16','15:00:00','16:00:00',0,0,1,'2016-06-09 00:00:00',0,13),(1407,1,1,32,'2016-06-16','16:00:00','17:00:00',0,0,1,'2016-06-09 00:00:00',0,13),(1408,1,1,32,'2016-06-16','17:00:00','18:00:00',0,0,1,'2016-06-09 00:00:00',0,13),(1409,1,1,32,'2016-06-16','18:00:00','19:00:00',0,0,1,'2016-06-09 00:00:00',0,13),(1410,1,1,32,'2016-06-16','19:00:00','20:00:00',0,0,1,'2016-06-09 00:00:00',0,13),(1411,1,1,32,'2016-06-16','20:00:00','21:00:00',0,0,1,'2016-06-09 00:00:00',0,13),(1412,1,1,32,'2016-06-16','21:00:00','22:00:00',0,0,1,'2016-06-09 00:00:00',0,13),(1413,1,2,32,'2016-06-16','10:00:00','11:00:00',0,0,1,'2016-06-09 00:00:00',0,13),(1414,1,2,32,'2016-06-16','11:00:00','12:00:00',0,0,1,'2016-06-09 00:00:00',0,13),(1415,1,2,32,'2016-06-16','12:00:00','13:00:00',0,0,1,'2016-06-09 00:00:00',0,13),(1416,1,2,32,'2016-06-16','13:00:00','14:00:00',0,0,1,'2016-06-09 00:00:00',0,13),(1417,1,2,32,'2016-06-16','14:00:00','15:00:00',0,0,1,'2016-06-09 00:00:00',0,13),(1418,1,2,32,'2016-06-16','15:00:00','16:00:00',0,0,1,'2016-06-09 00:00:00',0,13),(1419,1,2,32,'2016-06-16','16:00:00','17:00:00',0,0,1,'2016-06-09 00:00:00',0,13),(1420,1,2,32,'2016-06-16','17:00:00','18:00:00',0,0,1,'2016-06-09 00:00:00',0,13),(1421,1,2,32,'2016-06-16','18:00:00','19:00:00',0,0,1,'2016-06-09 00:00:00',0,13),(1422,1,2,32,'2016-06-16','19:00:00','20:00:00',0,0,1,'2016-06-09 00:00:00',0,13),(1423,1,2,32,'2016-06-16','20:00:00','21:00:00',0,0,1,'2016-06-09 00:00:00',0,13),(1424,1,2,32,'2016-06-16','21:00:00','22:00:00',0,0,1,'2016-06-09 00:00:00',0,13),(1425,1,1,32,'2016-06-22','10:00:00','11:00:00',0,0,1,'2016-06-09 00:00:00',0,13),(1426,1,1,32,'2016-06-22','11:00:00','12:00:00',0,0,1,'2016-06-09 00:00:00',0,13),(1427,1,1,32,'2016-06-22','12:00:00','13:00:00',0,0,1,'2016-06-09 00:00:00',0,13),(1428,1,1,32,'2016-06-22','13:00:00','14:00:00',0,0,1,'2016-06-09 00:00:00',0,13),(1429,1,1,32,'2016-06-22','14:00:00','15:00:00',0,0,1,'2016-06-09 00:00:00',0,13),(1430,1,1,32,'2016-06-22','15:00:00','16:00:00',0,0,1,'2016-06-09 00:00:00',0,13),(1431,1,1,32,'2016-06-22','16:00:00','17:00:00',0,0,1,'2016-06-09 00:00:00',0,13),(1432,1,1,32,'2016-06-22','17:00:00','18:00:00',0,0,1,'2016-06-09 00:00:00',0,13),(1433,1,1,32,'2016-06-22','18:00:00','19:00:00',0,0,1,'2016-06-09 00:00:00',0,13),(1434,1,1,32,'2016-06-22','19:00:00','20:00:00',0,0,1,'2016-06-09 00:00:00',0,13),(1435,1,1,32,'2016-06-22','20:00:00','21:00:00',0,0,1,'2016-06-09 00:00:00',0,13),(1436,1,1,32,'2016-06-22','21:00:00','22:00:00',0,0,1,'2016-06-09 00:00:00',0,13),(1437,1,2,32,'2016-06-22','10:00:00','11:00:00',0,0,1,'2016-06-09 00:00:00',0,13),(1438,1,2,32,'2016-06-22','11:00:00','12:00:00',0,0,1,'2016-06-09 00:00:00',0,13),(1439,1,2,32,'2016-06-22','12:00:00','13:00:00',0,0,1,'2016-06-09 00:00:00',0,13),(1440,1,2,32,'2016-06-22','13:00:00','14:00:00',0,0,1,'2016-06-09 00:00:00',0,13),(1441,1,2,32,'2016-06-22','14:00:00','15:00:00',0,0,1,'2016-06-09 00:00:00',0,13),(1442,1,2,32,'2016-06-22','15:00:00','16:00:00',0,0,1,'2016-06-09 00:00:00',0,13),(1443,1,2,32,'2016-06-22','16:00:00','17:00:00',0,0,1,'2016-06-09 00:00:00',0,13),(1444,1,2,32,'2016-06-22','17:00:00','18:00:00',0,0,1,'2016-06-09 00:00:00',0,13),(1445,1,2,32,'2016-06-22','18:00:00','19:00:00',0,0,1,'2016-06-09 00:00:00',0,13),(1446,1,2,32,'2016-06-22','19:00:00','20:00:00',0,0,1,'2016-06-09 00:00:00',0,13),(1447,1,2,32,'2016-06-22','20:00:00','21:00:00',0,0,1,'2016-06-09 00:00:00',0,13),(1448,1,2,32,'2016-06-22','21:00:00','22:00:00',0,0,1,'2016-06-09 00:00:00',0,13),(1449,1,1,32,'2016-06-23','10:00:00','11:00:00',0,0,1,'2016-06-09 00:00:00',0,13),(1450,1,1,32,'2016-06-23','11:00:00','12:00:00',0,0,1,'2016-06-09 00:00:00',0,13),(1451,1,1,32,'2016-06-23','12:00:00','13:00:00',0,0,1,'2016-06-09 00:00:00',0,13),(1452,1,1,32,'2016-06-23','13:00:00','14:00:00',0,0,1,'2016-06-09 00:00:00',0,13),(1453,1,1,32,'2016-06-23','14:00:00','15:00:00',0,0,1,'2016-06-09 00:00:00',0,13),(1454,1,1,32,'2016-06-23','15:00:00','16:00:00',0,0,1,'2016-06-09 00:00:00',0,13),(1455,1,1,32,'2016-06-23','16:00:00','17:00:00',0,0,1,'2016-06-09 00:00:00',0,13),(1456,1,1,32,'2016-06-23','17:00:00','18:00:00',0,0,1,'2016-06-09 00:00:00',0,13),(1471,6,16,2,'2016-06-30','14:00:00','15:00:00',800,100,2,'2016-06-23 00:00:00',800,NULL),(1472,6,16,2,'2016-06-25','18:00:00','19:00:00',800,100,2,'2016-06-23 00:00:00',800,NULL),(1473,6,16,2,'2016-06-25','21:00:00','22:00:00',800,100,2,'2016-06-23 20:55:57',800,NULL),(1474,6,16,2,'2016-06-25','19:00:00','20:00:00',885,100,2,'2016-06-23 21:22:30',885,NULL),(1475,5,12,2,'2016-06-25','22:00:00','23:00:00',747.5,20,1,'2016-06-23 21:25:32',149.5,NULL),(1476,5,12,2,'2016-06-25','21:00:00','22:00:00',747.5,100,2,'2016-06-23 21:27:53',747.5,NULL),(1477,6,16,2,'2016-06-25','20:00:00','21:00:00',885,100,2,'2016-06-23 22:53:14',885,NULL),(1478,6,16,2,'2016-07-01','14:00:00','15:00:00',750,100,2,'2016-06-23 23:40:54',750,NULL),(1479,6,16,2,'2016-07-02','14:00:00','15:00:00',750,100,2,'2016-06-23 23:45:42',750,NULL),(1480,6,16,2,'2016-06-25','22:00:00','23:00:00',885,100,2,'2016-06-23 23:47:32',885,NULL),(1481,6,16,2,'2016-07-01','15:00:00','16:00:00',750,100,2,'2016-06-23 23:53:41',750,NULL),(1482,6,16,2,'2016-07-01','17:00:00','20:00:00',2520,100,2,'2016-06-28 01:41:28',2520,NULL),(1483,6,16,2,'2016-07-08','20:00:00','22:00:00',1770,100,2,'2016-06-28 01:42:30',1770,NULL),(1509,6,16,2,'2016-07-09','18:00:00','20:00:00',1770,100,2,'2016-06-28 01:44:42',1770,NULL),(1510,6,16,2,'2016-07-16','18:00:00','20:00:00',1770,0,3,'2016-06-28 01:44:42',0,NULL),(1511,6,16,2,'2016-07-23','18:00:00','20:00:00',1770,0,3,'2016-06-28 01:44:42',0,NULL),(1512,6,16,2,'2016-07-30','18:00:00','20:00:00',1770,0,3,'2016-06-28 01:44:42',0,NULL),(1513,6,16,2,'2016-08-06','18:00:00','20:00:00',1770,0,3,'2016-06-28 01:44:42',0,NULL),(1514,6,16,2,'2016-08-13','18:00:00','20:00:00',1770,0,3,'2016-06-28 01:44:42',0,NULL),(1515,6,16,2,'2016-08-20','18:00:00','20:00:00',1770,0,3,'2016-06-28 01:44:42',0,NULL),(1516,6,16,2,'2016-08-27','18:00:00','20:00:00',1770,0,3,'2016-06-28 01:44:42',0,NULL),(1517,6,16,2,'2016-09-03','18:00:00','20:00:00',1770,0,3,'2016-06-28 01:44:42',0,NULL),(1518,6,16,2,'2016-09-10','18:00:00','20:00:00',1770,0,3,'2016-06-28 01:44:42',0,NULL),(1519,6,16,2,'2016-09-17','18:00:00','20:00:00',1770,0,3,'2016-06-28 01:44:42',0,NULL),(1520,6,16,2,'2016-09-24','18:00:00','20:00:00',1770,0,3,'2016-06-28 01:44:42',0,NULL),(1521,6,16,2,'2016-10-01','18:00:00','20:00:00',1770,0,3,'2016-06-28 01:44:42',0,NULL),(1522,6,16,2,'2016-10-08','18:00:00','20:00:00',1770,0,3,'2016-06-28 01:44:42',0,NULL),(1523,6,16,2,'2016-10-15','18:00:00','20:00:00',1770,0,3,'2016-06-28 01:44:42',0,NULL),(1524,6,16,2,'2016-10-22','18:00:00','20:00:00',1770,0,3,'2016-06-28 01:44:42',0,NULL),(1525,6,16,2,'2016-10-29','18:00:00','20:00:00',1770,0,3,'2016-06-28 01:44:42',0,NULL),(1526,6,16,2,'2016-11-05','18:00:00','20:00:00',1770,0,3,'2016-06-28 01:44:42',0,NULL),(1527,6,16,2,'2016-11-12','18:00:00','20:00:00',1770,0,3,'2016-06-28 01:44:42',0,NULL),(1528,6,16,2,'2016-11-19','18:00:00','20:00:00',1770,0,3,'2016-06-28 01:44:42',0,NULL),(1529,6,16,2,'2016-11-26','18:00:00','20:00:00',1770,0,3,'2016-06-28 01:44:42',0,NULL),(1530,6,16,2,'2016-12-03','18:00:00','20:00:00',1770,0,3,'2016-06-28 01:44:42',0,NULL),(1531,6,16,2,'2016-12-10','18:00:00','20:00:00',1770,0,3,'2016-06-28 01:44:42',0,NULL),(1532,6,16,2,'2016-12-17','18:00:00','20:00:00',1770,0,3,'2016-06-28 01:44:42',0,NULL),(1533,6,16,2,'2016-12-24','18:00:00','20:00:00',1770,0,3,'2016-06-28 01:44:42',0,NULL),(1534,6,16,2,'2016-12-31','18:00:00','20:00:00',1770,0,3,'2016-06-28 01:44:42',0,NULL),(1535,6,16,2,'2016-06-30','18:00:00','19:00:00',885,100,2,'2016-06-28 22:42:10',885,NULL),(1536,6,16,2,'2016-07-07','18:00:00','19:00:00',885,0,3,'2016-06-28 22:42:10',0,NULL),(1537,6,16,2,'2016-07-14','18:00:00','19:00:00',885,0,3,'2016-06-28 22:42:10',0,NULL),(1538,6,16,2,'2016-07-21','18:00:00','19:00:00',885,0,3,'2016-06-28 22:42:10',0,NULL),(1539,6,16,2,'2016-07-28','18:00:00','19:00:00',885,0,3,'2016-06-28 22:42:10',0,NULL),(1540,6,16,2,'2016-08-04','18:00:00','19:00:00',885,0,3,'2016-06-28 22:42:10',0,NULL),(1541,6,16,2,'2016-08-11','18:00:00','19:00:00',885,0,3,'2016-06-28 22:42:10',0,NULL),(1542,6,16,2,'2016-08-18','18:00:00','19:00:00',885,0,3,'2016-06-28 22:42:10',0,NULL),(1543,6,16,2,'2016-08-25','18:00:00','19:00:00',885,0,3,'2016-06-28 22:42:10',0,NULL),(1544,6,16,2,'2016-09-01','18:00:00','19:00:00',885,0,3,'2016-06-28 22:42:10',0,NULL),(1545,6,16,2,'2016-09-08','18:00:00','19:00:00',885,0,3,'2016-06-28 22:42:10',0,NULL),(1546,6,16,2,'2016-09-15','18:00:00','19:00:00',885,0,3,'2016-06-28 22:42:10',0,NULL),(1547,6,16,2,'2016-09-22','18:00:00','19:00:00',885,0,3,'2016-06-28 22:42:10',0,NULL),(1548,6,16,2,'2016-09-29','18:00:00','19:00:00',885,0,3,'2016-06-28 22:42:10',0,NULL),(1549,6,16,2,'2016-10-06','18:00:00','19:00:00',885,0,3,'2016-06-28 22:42:10',0,NULL),(1550,6,16,2,'2016-10-13','18:00:00','19:00:00',885,0,3,'2016-06-28 22:42:10',0,NULL),(1551,6,16,2,'2016-10-20','18:00:00','19:00:00',885,0,3,'2016-06-28 22:42:10',0,NULL),(1552,6,16,2,'2016-10-27','18:00:00','19:00:00',885,0,3,'2016-06-28 22:42:10',0,NULL),(1553,6,16,2,'2016-11-03','18:00:00','19:00:00',885,0,3,'2016-06-28 22:42:10',0,NULL),(1554,6,16,2,'2016-11-10','18:00:00','19:00:00',885,0,3,'2016-06-28 22:42:10',0,NULL),(1555,6,16,2,'2016-11-17','18:00:00','19:00:00',885,0,3,'2016-06-28 22:42:10',0,NULL),(1556,6,16,2,'2016-11-24','18:00:00','19:00:00',885,0,3,'2016-06-28 22:42:10',0,NULL),(1557,6,16,2,'2016-12-01','18:00:00','19:00:00',885,0,3,'2016-06-28 22:42:10',0,NULL),(1558,6,16,2,'2016-12-08','18:00:00','19:00:00',885,0,3,'2016-06-28 22:42:10',0,NULL),(1559,6,16,2,'2016-12-15','18:00:00','19:00:00',885,0,3,'2016-06-28 22:42:10',0,NULL),(1560,6,16,2,'2016-12-22','18:00:00','19:00:00',885,0,3,'2016-06-28 22:42:10',0,NULL),(1561,6,16,2,'2016-12-29','18:00:00','19:00:00',885,0,3,'2016-06-28 22:42:10',0,NULL),(1562,6,16,2,'2016-07-01','16:00:00','17:00:00',750,100,2,'2016-06-29 23:10:19',750,NULL),(1941,1,1,32,'2016-06-18','20:00:00','21:00:00',0,0,1,'2016-07-02 00:00:00',0,12),(1942,1,1,32,'2016-06-18','21:00:00','22:00:00',0,0,1,'2016-07-02 00:00:00',0,12),(1943,1,2,32,'2016-06-18','20:00:00','21:00:00',0,0,1,'2016-07-02 00:00:00',0,12),(1944,1,2,32,'2016-06-18','21:00:00','22:00:00',0,0,1,'2016-07-02 00:00:00',0,12),(1945,1,1,32,'2016-06-19','17:00:00','18:00:00',0,0,1,'2016-07-02 00:00:00',0,12),(1946,1,1,32,'2016-06-19','18:00:00','19:00:00',0,0,1,'2016-07-02 00:00:00',0,12),(1947,1,1,32,'2016-06-19','19:00:00','20:00:00',0,0,1,'2016-07-02 00:00:00',0,12),(1948,1,1,32,'2016-06-19','20:00:00','21:00:00',0,0,1,'2016-07-02 00:00:00',0,12),(1949,1,1,32,'2016-06-19','21:00:00','22:00:00',0,0,1,'2016-07-02 00:00:00',0,12),(1950,1,2,32,'2016-06-19','17:00:00','18:00:00',0,0,1,'2016-07-02 00:00:00',0,12),(1951,1,2,32,'2016-06-19','18:00:00','19:00:00',0,0,1,'2016-07-02 00:00:00',0,12),(1952,1,2,32,'2016-06-19','19:00:00','20:00:00',0,0,1,'2016-07-02 00:00:00',0,12),(1953,1,2,32,'2016-06-19','20:00:00','21:00:00',0,0,1,'2016-07-02 00:00:00',0,12),(1954,1,2,32,'2016-06-19','21:00:00','22:00:00',0,0,1,'2016-07-02 00:00:00',0,12),(1955,1,1,32,'2016-06-25','20:00:00','21:00:00',0,0,1,'2016-07-02 00:00:00',0,12),(1956,1,1,32,'2016-06-25','21:00:00','22:00:00',0,0,1,'2016-07-02 00:00:00',0,12),(1957,1,2,32,'2016-06-25','20:00:00','21:00:00',0,0,1,'2016-07-02 00:00:00',0,12),(1958,1,2,32,'2016-06-25','21:00:00','22:00:00',0,0,1,'2016-07-02 00:00:00',0,12),(1959,1,1,32,'2016-06-26','17:00:00','18:00:00',0,0,1,'2016-07-02 00:00:00',0,12),(1960,1,1,32,'2016-06-26','18:00:00','19:00:00',0,0,1,'2016-07-02 00:00:00',0,12),(1961,1,1,32,'2016-06-26','19:00:00','20:00:00',0,0,1,'2016-07-02 00:00:00',0,12),(1962,1,1,32,'2016-06-26','20:00:00','21:00:00',0,0,1,'2016-07-02 00:00:00',0,12),(1963,1,1,32,'2016-06-26','21:00:00','22:00:00',0,0,1,'2016-07-02 00:00:00',0,12),(1964,1,2,32,'2016-06-26','17:00:00','18:00:00',0,0,1,'2016-07-02 00:00:00',0,12),(1965,1,2,32,'2016-06-26','18:00:00','19:00:00',0,0,1,'2016-07-02 00:00:00',0,12),(1966,1,2,32,'2016-06-26','19:00:00','20:00:00',0,0,1,'2016-07-02 00:00:00',0,12),(1967,1,2,32,'2016-06-26','20:00:00','21:00:00',0,0,1,'2016-07-02 00:00:00',0,12),(1968,1,2,32,'2016-06-26','21:00:00','22:00:00',0,0,1,'2016-07-02 00:00:00',0,12),(1969,1,1,32,'2016-07-02','20:00:00','21:00:00',0,0,1,'2016-07-02 00:00:00',0,12),(1970,1,1,32,'2016-07-02','21:00:00','22:00:00',0,0,1,'2016-07-02 00:00:00',0,12),(1971,1,2,32,'2016-07-02','20:00:00','21:00:00',0,0,1,'2016-07-02 00:00:00',0,12),(1972,1,2,32,'2016-07-02','21:00:00','22:00:00',0,0,1,'2016-07-02 00:00:00',0,12);
/*!40000 ALTER TABLE `reservas` ENABLE KEYS */;
UNLOCK TABLES;

--
-- Table structure for table `reservasestados`
--

DROP TABLE IF EXISTS `reservasestados`;
/*!40101 SET @saved_cs_client     = @@character_set_client */;
/*!40101 SET character_set_client = utf8 */;
CREATE TABLE `reservasestados` (
  `IdEstado` int(11) NOT NULL AUTO_INCREMENT,
  `Descripcion` varchar(30) NOT NULL,
  PRIMARY KEY (`IdEstado`)
) ENGINE=InnoDB AUTO_INCREMENT=4 DEFAULT CHARSET=latin1;
/*!40101 SET character_set_client = @saved_cs_client */;

--
-- Dumping data for table `reservasestados`
--

LOCK TABLES `reservasestados` WRITE;
/*!40000 ALTER TABLE `reservasestados` DISABLE KEYS */;
INSERT INTO `reservasestados` VALUES (1,'Señada'),(2,'Pagada completa'),(3,'Fija');
/*!40000 ALTER TABLE `reservasestados` ENABLE KEYS */;
UNLOCK TABLES;

--
-- Table structure for table `reservastemporal`
--

DROP TABLE IF EXISTS `reservastemporal`;
/*!40101 SET @saved_cs_client     = @@character_set_client */;
/*!40101 SET character_set_client = utf8 */;
CREATE TABLE `reservastemporal` (
  `idComplejo` int(11) NOT NULL,
  `idCancha` int(11) NOT NULL
) ENGINE=InnoDB DEFAULT CHARSET=latin1;
/*!40101 SET character_set_client = @saved_cs_client */;

--
-- Dumping data for table `reservastemporal`
--

LOCK TABLES `reservastemporal` WRITE;
/*!40000 ALTER TABLE `reservastemporal` DISABLE KEYS */;
INSERT INTO `reservastemporal` VALUES (6,16);
/*!40000 ALTER TABLE `reservastemporal` ENABLE KEYS */;
UNLOCK TABLES;

--
-- Table structure for table `tiposdoc`
--

DROP TABLE IF EXISTS `tiposdoc`;
/*!40101 SET @saved_cs_client     = @@character_set_client */;
/*!40101 SET character_set_client = utf8 */;
CREATE TABLE `tiposdoc` (
  `IdTipoDoc` int(11) NOT NULL AUTO_INCREMENT,
  `Descripcion` varchar(30) NOT NULL,
  `IdEstado` int(11) NOT NULL,
  PRIMARY KEY (`IdTipoDoc`),
  KEY `IdEstado` (`IdEstado`),
  CONSTRAINT `tiposdoc_ibfk_1` FOREIGN KEY (`IdEstado`) REFERENCES `docestados` (`IdEstado`)
) ENGINE=InnoDB AUTO_INCREMENT=5 DEFAULT CHARSET=latin1;
/*!40101 SET character_set_client = @saved_cs_client */;

--
-- Dumping data for table `tiposdoc`
--

LOCK TABLES `tiposdoc` WRITE;
/*!40000 ALTER TABLE `tiposdoc` DISABLE KEYS */;
INSERT INTO `tiposdoc` VALUES (1,'DNI',1),(2,'CUIL',1),(3,'DNI',1),(4,'CUIL',1);
/*!40000 ALTER TABLE `tiposdoc` ENABLE KEYS */;
UNLOCK TABLES;

--
-- Table structure for table `tipossuperficie`
--

DROP TABLE IF EXISTS `tipossuperficie`;
/*!40101 SET @saved_cs_client     = @@character_set_client */;
/*!40101 SET character_set_client = utf8 */;
CREATE TABLE `tipossuperficie` (
  `IdSuperficie` int(11) NOT NULL AUTO_INCREMENT,
  `Descripcion` varchar(30) NOT NULL,
  PRIMARY KEY (`IdSuperficie`)
) ENGINE=InnoDB AUTO_INCREMENT=7 DEFAULT CHARSET=latin1;
/*!40101 SET character_set_client = @saved_cs_client */;

--
-- Dumping data for table `tipossuperficie`
--

LOCK TABLES `tipossuperficie` WRITE;
/*!40000 ALTER TABLE `tipossuperficie` DISABLE KEYS */;
INSERT INTO `tipossuperficie` VALUES (1,'Alfombra'),(2,'Baldosa'),(3,'Cemento'),(4,'Césped'),(5,'Cesped sintético'),(6,'Tierra');
/*!40000 ALTER TABLE `tipossuperficie` ENABLE KEYS */;
UNLOCK TABLES;

--
-- Table structure for table `tipotorneos`
--

DROP TABLE IF EXISTS `tipotorneos`;
/*!40101 SET @saved_cs_client     = @@character_set_client */;
/*!40101 SET character_set_client = utf8 */;
CREATE TABLE `tipotorneos` (
  `IdTipoTorneo` int(11) NOT NULL AUTO_INCREMENT,
  `Nombre` varchar(30) NOT NULL,
  PRIMARY KEY (`IdTipoTorneo`)
) ENGINE=InnoDB AUTO_INCREMENT=3 DEFAULT CHARSET=latin1;
/*!40101 SET character_set_client = @saved_cs_client */;

--
-- Dumping data for table `tipotorneos`
--

LOCK TABLES `tipotorneos` WRITE;
/*!40000 ALTER TABLE `tipotorneos` DISABLE KEYS */;
INSERT INTO `tipotorneos` VALUES (1,'Liga'),(2,'Copa');
/*!40000 ALTER TABLE `tipotorneos` ENABLE KEYS */;
UNLOCK TABLES;

--
-- Table structure for table `tipotorneosequipos`
--

DROP TABLE IF EXISTS `tipotorneosequipos`;
/*!40101 SET @saved_cs_client     = @@character_set_client */;
/*!40101 SET character_set_client = utf8 */;
CREATE TABLE `tipotorneosequipos` (
  `IdTipoTorneo` int(11) NOT NULL,
  `cantidad` int(11) NOT NULL,
  PRIMARY KEY (`IdTipoTorneo`,`cantidad`)
) ENGINE=InnoDB DEFAULT CHARSET=latin1;
/*!40101 SET character_set_client = @saved_cs_client */;

--
-- Dumping data for table `tipotorneosequipos`
--

LOCK TABLES `tipotorneosequipos` WRITE;
/*!40000 ALTER TABLE `tipotorneosequipos` DISABLE KEYS */;
INSERT INTO `tipotorneosequipos` VALUES (1,4),(1,6),(1,8),(1,10),(1,12),(1,14),(1,16),(1,18),(1,20),(1,22),(1,24),(1,26),(1,28),(1,30),(2,4),(2,8),(2,16),(2,32);
/*!40000 ALTER TABLE `tipotorneosequipos` ENABLE KEYS */;
UNLOCK TABLES;

--
-- Table structure for table `tmpequipos`
--

DROP TABLE IF EXISTS `tmpequipos`;
/*!40101 SET @saved_cs_client     = @@character_set_client */;
/*!40101 SET character_set_client = utf8 */;
CREATE TABLE `tmpequipos` (
  `posicion` int(11) DEFAULT NULL,
  `idtorneo` int(11) DEFAULT NULL,
  `idReserva` int(11) DEFAULT NULL,
  `IdEquipo1` int(11) DEFAULT NULL,
  `IdEquipo2` int(11) DEFAULT NULL,
  `idFecha` int(11) DEFAULT NULL
) ENGINE=InnoDB DEFAULT CHARSET=latin1;
/*!40101 SET character_set_client = @saved_cs_client */;

--
-- Dumping data for table `tmpequipos`
--

LOCK TABLES `tmpequipos` WRITE;
/*!40000 ALTER TABLE `tmpequipos` DISABLE KEYS */;
/*!40000 ALTER TABLE `tmpequipos` ENABLE KEYS */;
UNLOCK TABLES;

--
-- Table structure for table `torneos`
--

DROP TABLE IF EXISTS `torneos`;
/*!40101 SET @saved_cs_client     = @@character_set_client */;
/*!40101 SET character_set_client = utf8 */;
CREATE TABLE `torneos` (
  `IdTorneo` int(11) NOT NULL AUTO_INCREMENT,
  `IdDuenio` int(11) NOT NULL,
  `IdTipoTorneo` int(11) NOT NULL,
  `Nombre` varchar(30) NOT NULL,
  `CantEquipos` int(11) NOT NULL,
  `CantJugadores` int(11) NOT NULL,
  `IdSuperficie` int(11) NOT NULL,
  `IdaYvuelta` tinyint(1) NOT NULL,
  `PrecioInscripcion` double(6,2) NOT NULL,
  `FecIniInscripcion` date NOT NULL,
  `FecFinInscripcion` date NOT NULL,
  `HorasCancelacion` int(11) NOT NULL,
  `FechaInicio` date NOT NULL,
  `FechaFin` date NOT NULL,
  `Descripcion` varchar(300) NOT NULL,
  `Reglas` varchar(300) NOT NULL,
  `IdEstado` int(11) NOT NULL,
  `tiempoPArtido` int(11) DEFAULT NULL,
  PRIMARY KEY (`IdTorneo`),
  KEY `Torneo_duenio_fk` (`IdDuenio`),
  KEY `Torneo_Tipos_fk` (`IdTipoTorneo`),
  KEY `Torneo_Superficie_fk` (`IdSuperficie`),
  KEY `Torneo_Estados_fk` (`IdEstado`),
  CONSTRAINT `Torneo_Estados_fk` FOREIGN KEY (`IdEstado`) REFERENCES `torneosestados` (`IdEstado`),
  CONSTRAINT `Torneo_Superficie_fk` FOREIGN KEY (`IdSuperficie`) REFERENCES `tipossuperficie` (`IdSuperficie`),
  CONSTRAINT `Torneo_Tipos_fk` FOREIGN KEY (`IdTipoTorneo`) REFERENCES `tipotorneos` (`IdTipoTorneo`),
  CONSTRAINT `Torneo_duenio_fk` FOREIGN KEY (`IdDuenio`) REFERENCES `duenios` (`IdDuenio`)
) ENGINE=InnoDB AUTO_INCREMENT=16 DEFAULT CHARSET=latin1;
/*!40101 SET character_set_client = @saved_cs_client */;

--
-- Dumping data for table `torneos`
--

LOCK TABLES `torneos` WRITE;
/*!40000 ALTER TABLE `torneos` DISABLE KEYS */;
INSERT INTO `torneos` VALUES (1,1,1,'pepe',4,5,1,0,0.00,'2016-05-29','2016-05-29',72,'2016-05-29','2016-05-29','Inscripcion','fdfd',1,NULL),(2,1,1,'fdf',4,5,1,0,0.00,'2016-05-29','2016-05-29',72,'2016-05-29','2016-05-29','Inscripcion','dfdfdf',2,NULL),(3,1,1,'lanus',4,5,1,0,0.00,'2016-05-29','2016-05-29',72,'2016-05-29','2016-05-29','Inscripcion','dsda',2,NULL),(4,1,1,'dsds',4,5,1,0,0.00,'2016-05-29','2016-05-29',72,'2016-05-29','2016-05-29','Inscripcion','dsadsdsd',2,NULL),(5,1,1,'ddd',4,5,1,0,0.00,'2016-05-29','2016-05-29',72,'2016-05-29','2016-05-29','Inscripcion','dsdsd',2,NULL),(6,1,1,'hhhh',4,5,1,0,0.00,'2016-05-29','2016-05-29',72,'2016-05-29','2016-05-29','Inscripcion','hhh',2,NULL),(7,1,1,'ssas',4,5,1,0,0.00,'2016-05-29','2016-05-29',72,'2016-05-29','2016-05-29','Inscripcion','dfdfdf',2,NULL),(8,1,1,'ddd',4,5,1,0,0.00,'2016-05-29','2016-05-29',72,'2016-05-29','2016-05-29','Inscripcion','d',2,NULL),(9,1,1,'xdccc',4,5,1,0,0.00,'2016-05-29','2016-05-29',72,'2016-05-29','2016-05-29','Inscripcion','cdf',2,NULL),(10,1,1,'ddd',4,5,1,0,0.00,'2016-05-29','2016-05-29',72,'2016-05-29','2016-05-29','Inscripcion','fgfgf',2,NULL),(11,1,1,'lanus cup',4,5,1,0,0.00,'2016-05-30','2016-05-30',72,'2016-05-30','2016-05-30','Inscripcion','mis reglas',2,NULL),(12,1,2,'Centenario',32,5,1,0,50.00,'2016-06-04','2016-06-07',72,'2016-06-15','2016-07-19','Inscripcion','se vale todo amigo.',1,60),(13,1,1,'Superliga',8,7,1,1,150.00,'2016-06-08','2016-06-15',72,'2016-06-16','2016-08-25','Inscripcion','fdfdfdf',1,40),(14,1,1,'ligaGol',8,5,1,0,10.00,'2016-06-08','2016-06-10',72,'2016-06-10','2016-08-30','Inscripcion','fdfdf',2,20),(15,1,2,'Eurocopa',8,5,1,0,0.00,'2016-06-12','2016-06-19',72,'2016-06-23','2016-09-03','nuevo torneo','no valen patadas',2,20);
/*!40000 ALTER TABLE `torneos` ENABLE KEYS */;
UNLOCK TABLES;

--
-- Table structure for table `torneoscanchas`
--

DROP TABLE IF EXISTS `torneoscanchas`;
/*!40101 SET @saved_cs_client     = @@character_set_client */;
/*!40101 SET character_set_client = utf8 */;
CREATE TABLE `torneoscanchas` (
  `IdTorneo` int(11) NOT NULL,
  `IdComplejo` int(11) NOT NULL,
  `IdCancha` int(11) NOT NULL,
  PRIMARY KEY (`IdTorneo`,`IdComplejo`,`IdCancha`),
  KEY `com_Torneos_fk` (`IdComplejo`,`IdCancha`),
  CONSTRAINT `canchas_Torneos_fk` FOREIGN KEY (`IdTorneo`) REFERENCES `torneos` (`IdTorneo`),
  CONSTRAINT `com_Torneos_fk` FOREIGN KEY (`IdComplejo`, `IdCancha`) REFERENCES `canchas` (`IdComplejo`, `IdCancha`)
) ENGINE=InnoDB DEFAULT CHARSET=latin1;
/*!40101 SET character_set_client = @saved_cs_client */;

--
-- Dumping data for table `torneoscanchas`
--

LOCK TABLES `torneoscanchas` WRITE;
/*!40000 ALTER TABLE `torneoscanchas` DISABLE KEYS */;
INSERT INTO `torneoscanchas` VALUES (12,1,1),(13,1,1),(12,1,2),(13,1,2);
/*!40000 ALTER TABLE `torneoscanchas` ENABLE KEYS */;
UNLOCK TABLES;

--
-- Table structure for table `torneosdias`
--

DROP TABLE IF EXISTS `torneosdias`;
/*!40101 SET @saved_cs_client     = @@character_set_client */;
/*!40101 SET character_set_client = utf8 */;
CREATE TABLE `torneosdias` (
  `IdTorneo` int(11) NOT NULL,
  `IdDia` int(11) NOT NULL,
  `HoraDesde` time NOT NULL,
  `HoraHasta` time NOT NULL,
  PRIMARY KEY (`IdTorneo`,`IdDia`),
  KEY `DiaDesde_TDias_fk` (`IdDia`),
  CONSTRAINT `DiaDesde_TDias_fk` FOREIGN KEY (`IdDia`) REFERENCES `dias` (`IdDia`),
  CONSTRAINT `Dias_Torneos_fk` FOREIGN KEY (`IdTorneo`) REFERENCES `torneos` (`IdTorneo`)
) ENGINE=InnoDB DEFAULT CHARSET=latin1;
/*!40101 SET character_set_client = @saved_cs_client */;

--
-- Dumping data for table `torneosdias`
--

LOCK TABLES `torneosdias` WRITE;
/*!40000 ALTER TABLE `torneosdias` DISABLE KEYS */;
INSERT INTO `torneosdias` VALUES (1,2,'10:00:00','22:00:00'),(2,4,'10:00:00','22:00:00'),(3,7,'17:00:00','22:00:00'),(4,6,'17:00:00','22:00:00'),(5,7,'17:00:00','22:00:00'),(6,7,'17:00:00','22:00:00'),(7,6,'17:00:00','22:00:00'),(8,4,'10:00:00','22:00:00'),(9,7,'17:00:00','22:00:00'),(10,6,'17:00:00','22:00:00'),(11,7,'17:00:00','22:00:00'),(12,6,'20:00:00','22:00:00'),(12,7,'17:00:00','22:00:00'),(13,3,'10:00:00','22:00:00'),(13,4,'10:00:00','22:00:00'),(14,3,'10:00:00','22:00:00'),(14,4,'10:00:00','22:00:00'),(15,6,'17:00:00','22:00:00'),(15,7,'17:00:00','22:00:00');
/*!40000 ALTER TABLE `torneosdias` ENABLE KEYS */;
UNLOCK TABLES;

--
-- Table structure for table `torneosequipos`
--

DROP TABLE IF EXISTS `torneosequipos`;
/*!40101 SET @saved_cs_client     = @@character_set_client */;
/*!40101 SET character_set_client = utf8 */;
CREATE TABLE `torneosequipos` (
  `IdTorneo` int(11) NOT NULL,
  `IdEquipo` int(11) NOT NULL,
  `IdEstado` int(11) NOT NULL,
  `fechaInscipcion` date DEFAULT NULL,
  PRIMARY KEY (`IdTorneo`,`IdEquipo`),
  KEY `TorneoEquipo_Equipo_fk` (`IdEquipo`),
  KEY `TorneoEquipo_Estado_fk` (`IdEstado`),
  CONSTRAINT `TorneoEquipo_Equipo_fk` FOREIGN KEY (`IdEquipo`) REFERENCES `equipos` (`IdEquipo`),
  CONSTRAINT `TorneoEquipo_Estado_fk` FOREIGN KEY (`IdEstado`) REFERENCES `torneosestados` (`IdEstado`),
  CONSTRAINT `TorneoEquipo_Torneo_fk` FOREIGN KEY (`IdTorneo`) REFERENCES `torneos` (`IdTorneo`)
) ENGINE=InnoDB DEFAULT CHARSET=latin1;
/*!40101 SET character_set_client = @saved_cs_client */;

--
-- Dumping data for table `torneosequipos`
--

LOCK TABLES `torneosequipos` WRITE;
/*!40000 ALTER TABLE `torneosequipos` DISABLE KEYS */;
INSERT INTO `torneosequipos` VALUES (12,1,1,NULL),(12,2,1,NULL),(12,3,1,NULL),(12,4,1,NULL),(12,5,1,NULL),(12,6,1,NULL),(12,7,1,NULL),(12,8,1,NULL),(12,9,1,NULL),(12,10,1,NULL),(12,11,1,NULL),(12,12,1,NULL),(12,13,1,NULL),(12,14,1,NULL),(12,15,1,NULL),(12,16,1,NULL),(12,17,1,NULL),(12,18,1,NULL),(12,19,1,NULL),(12,20,1,NULL),(12,21,1,NULL),(12,22,1,NULL),(12,23,1,NULL),(12,24,1,NULL),(12,25,1,NULL),(12,26,1,NULL),(12,27,1,NULL),(12,28,1,NULL),(12,29,1,NULL),(12,30,1,NULL),(12,31,1,NULL),(12,32,1,NULL),(13,1,1,'2016-06-12'),(13,2,1,'2016-06-12'),(13,3,1,'2016-06-12'),(13,4,1,'2016-06-12'),(13,5,1,'2016-06-12'),(13,6,1,'2016-06-12'),(13,7,1,'2016-06-12'),(13,8,1,'2016-06-12');
/*!40000 ALTER TABLE `torneosequipos` ENABLE KEYS */;
UNLOCK TABLES;

--
-- Table structure for table `torneosestados`
--

DROP TABLE IF EXISTS `torneosestados`;
/*!40101 SET @saved_cs_client     = @@character_set_client */;
/*!40101 SET character_set_client = utf8 */;
CREATE TABLE `torneosestados` (
  `IdEstado` int(11) NOT NULL AUTO_INCREMENT,
  `Descripcion` varchar(30) NOT NULL,
  PRIMARY KEY (`IdEstado`)
) ENGINE=InnoDB AUTO_INCREMENT=4 DEFAULT CHARSET=latin1;
/*!40101 SET character_set_client = @saved_cs_client */;

--
-- Dumping data for table `torneosestados`
--

LOCK TABLES `torneosestados` WRITE;
/*!40000 ALTER TABLE `torneosestados` DISABLE KEYS */;
INSERT INTO `torneosestados` VALUES (1,'Activo'),(2,'Inscripcion'),(3,'Finalizado');
/*!40000 ALTER TABLE `torneosestados` ENABLE KEYS */;
UNLOCK TABLES;

--
-- Table structure for table `torneosimagenes`
--

DROP TABLE IF EXISTS `torneosimagenes`;
/*!40101 SET @saved_cs_client     = @@character_set_client */;
/*!40101 SET character_set_client = utf8 */;
CREATE TABLE `torneosimagenes` (
  `IdTorneo` int(11) NOT NULL,
  `url` varchar(150) NOT NULL,
  `fechaAlta` datetime NOT NULL,
  PRIMARY KEY (`IdTorneo`,`url`),
  CONSTRAINT `Imagenes_Torneos_fk` FOREIGN KEY (`IdTorneo`) REFERENCES `torneos` (`IdTorneo`)
) ENGINE=InnoDB DEFAULT CHARSET=latin1;
/*!40101 SET character_set_client = @saved_cs_client */;

--
-- Dumping data for table `torneosimagenes`
--

LOCK TABLES `torneosimagenes` WRITE;
/*!40000 ALTER TABLE `torneosimagenes` DISABLE KEYS */;
/*!40000 ALTER TABLE `torneosimagenes` ENABLE KEYS */;
UNLOCK TABLES;

--
-- Table structure for table `tornosfases`
--

DROP TABLE IF EXISTS `tornosfases`;
/*!40101 SET @saved_cs_client     = @@character_set_client */;
/*!40101 SET character_set_client = utf8 */;
CREATE TABLE `tornosfases` (
  `idFase` int(11) NOT NULL,
  `fase` varchar(50) DEFAULT NULL,
  PRIMARY KEY (`idFase`)
) ENGINE=InnoDB DEFAULT CHARSET=latin1;
/*!40101 SET character_set_client = @saved_cs_client */;

--
-- Dumping data for table `tornosfases`
--

LOCK TABLES `tornosfases` WRITE;
/*!40000 ALTER TABLE `tornosfases` DISABLE KEYS */;
INSERT INTO `tornosfases` VALUES (1,'16avos'),(2,'Octavos'),(3,'Cuartos'),(4,'Semis'),(5,'Final');
/*!40000 ALTER TABLE `tornosfases` ENABLE KEYS */;
UNLOCK TABLES;

--
-- Dumping routines for database 'resergol'
--
/*!50003 DROP PROCEDURE IF EXISTS `SP_administrarDuePendiente` */;
/*!50003 SET @saved_cs_client      = @@character_set_client */ ;
/*!50003 SET @saved_cs_results     = @@character_set_results */ ;
/*!50003 SET @saved_col_connection = @@collation_connection */ ;
/*!50003 SET character_set_client  = utf8mb4 */ ;
/*!50003 SET character_set_results = utf8mb4 */ ;
/*!50003 SET collation_connection  = utf8mb4_unicode_ci */ ;
/*!50003 SET @saved_sql_mode       = @@sql_mode */ ;
/*!50003 SET sql_mode              = 'NO_AUTO_VALUE_ON_ZERO' */ ;
DELIMITER ;;
CREATE DEFINER=`root`@`localhost` PROCEDURE `SP_administrarDuePendiente`(IN `pIdDuenio` INT(11), IN `pAcepta` INT, OUT `pResultado` INT)
    NO SQL
BEGIN 









































DECLARE Error INT DEFAULT 0;




















DECLARE CONTINUE HANDLER FOR SQLEXCEPTION  SET Error = -1;









































if (pAcepta = 1) then









































update duenios set




















IdEstado = 2




















where IdDuenio = pIdDuenio;









































ELSE









































update duenios set




















IdEstado = 4




















where IdDuenio = pIdDuenio;









































end IF;






























































    IF Error=-1 THEN




















        SET pResultado = -1; 




















    ELSE




















        SET pResultado = 1;




















	end IF;









































end ;;
DELIMITER ;
/*!50003 SET sql_mode              = @saved_sql_mode */ ;
/*!50003 SET character_set_client  = @saved_cs_client */ ;
/*!50003 SET character_set_results = @saved_cs_results */ ;
/*!50003 SET collation_connection  = @saved_col_connection */ ;
/*!50003 DROP PROCEDURE IF EXISTS `SP_armarCalendario` */;
/*!50003 SET @saved_cs_client      = @@character_set_client */ ;
/*!50003 SET @saved_cs_results     = @@character_set_results */ ;
/*!50003 SET @saved_col_connection = @@collation_connection */ ;
/*!50003 SET character_set_client  = utf8 */ ;
/*!50003 SET character_set_results = utf8 */ ;
/*!50003 SET collation_connection  = utf8_general_ci */ ;
/*!50003 SET @saved_sql_mode       = @@sql_mode */ ;
/*!50003 SET sql_mode              = 'NO_ENGINE_SUBSTITUTION' */ ;
DELIMITER ;;
CREATE DEFINER=`root`@`localhost` PROCEDURE `SP_armarCalendario`()
BEGIN




	DECLARE vFecIni DATETIME;




    DECLARE vIdDia 	INT;




    




    SET vFecIni = STR_TO_DATE('01/06/2016', '%d/%m/%Y');




    




    




    




    WHILE vFecIni <= STR_TO_DATE('01/01/2018', '%d/%m/%Y') DO




	




	  SET vIdDia = (select iddia from dias where idDiaEquivalente = dayofweek(vFecIni));




	  









      INSERT INTO calendario (fecha, idDia) VALUES(vFecIni, vIdDia);




      




      




	  SET vFecIni = DATE_ADD(vFecIni,INTERVAL 1 DAY);




      




	END WHILE;









END ;;
DELIMITER ;
/*!50003 SET sql_mode              = @saved_sql_mode */ ;
/*!50003 SET character_set_client  = @saved_cs_client */ ;
/*!50003 SET character_set_results = @saved_cs_results */ ;
/*!50003 SET collation_connection  = @saved_col_connection */ ;
/*!50003 DROP PROCEDURE IF EXISTS `sp_atest` */;
/*!50003 SET @saved_cs_client      = @@character_set_client */ ;
/*!50003 SET @saved_cs_results     = @@character_set_results */ ;
/*!50003 SET @saved_col_connection = @@collation_connection */ ;
/*!50003 SET character_set_client  = utf8 */ ;
/*!50003 SET character_set_results = utf8 */ ;
/*!50003 SET collation_connection  = utf8_general_ci */ ;
/*!50003 SET @saved_sql_mode       = @@sql_mode */ ;
/*!50003 SET sql_mode              = 'NO_ENGINE_SUBSTITUTION' */ ;
DELIMITER ;;
CREATE DEFINER=`root`@`localhost` PROCEDURE `sp_atest`(




  pIdTorneo	   INT,




  pLimite	   INT




)
BEGIN 




	DECLARE done INT DEFAULT FALSE;




    DECLARE vidReserva INT;




    DECLARE vidEquipo INT;




    DECLARE i INT;




	DECLARE cur1 CURSOR FOR SELECT idreserva from tmpEquipos where pIdTorneo =pIdTorneo;




    DECLARE cur2 CURSOR FOR SELECT idequipo from torneosequipos where IdTorneo =pIdTorneo order by idequipo limit pLimite;




    DECLARE cur3 CURSOR FOR SELECT idequipo from torneosequipos where IdTorneo =pIdTorneo order by idequipo desc limit pLimite;




    




    




     




	DECLARE CONTINUE HANDLER FOR NOT FOUND SET done = TRUE;




  




    




    /*Cargo la tabla de fixture con los datos que tengo*/




	INSERT INTO fixture( idTorneo,




						 idFecha,




						 idReserva,




						 IdEquipo1,




						 IdEquipo2




						 )




	SELECT  t.idTorneo,




			R.idReserva,




			R.idReserva,




			1,2




	FROM reservas as R




	INNER JOIN torneos as T on t.idTorneo = R.idTorneo




	WHERE T.idtorneo = pIdTorneo




	ORDER BY R.fecha




	LIMIT pLimite;









    




    




    SET i =1;




     




    /*Cursor de posiciones*/ 




	OPEN cur1;




       




	read_loop: LOOP




		FETCH cur1 INTO vidReserva;




		




		IF done THEN




		  LEAVE read_loop;




		END IF;









		UPDATE tmpEquipos




        SET posicion = i




        WHERE idreserva = vidReserva;




        




         SET i =i + 1;




	END LOOP;




	




    CLOSE cur1;




	




    




	/*Cursor de equipo 1*/ 




    SET done = false;




    SET i =1;




	OPEN cur2;




    




       




	read_loop: LOOP




		FETCH cur2 INTO vidEquipo;




		 




		IF done THEN




		  LEAVE read_loop;




		END IF;









		UPDATE tmpEquipos




        SET idequipo1 = vidEquipo




        WHERE posicion = i;




       




         SET i =i + 1;




	END LOOP;









	CLOSE cur2;









	/*Cursor de equipo 1*/ 




    SET done = false;




    SET i =1;




	OPEN cur3;




    




       




	read_loop: LOOP




		FETCH cur3 INTO vidEquipo;




		 




		IF done THEN




		  LEAVE read_loop;




		END IF;









		UPDATE tmpEquipos




        SET idequipo2 = vidEquipo




        WHERE posicion = i;




       




         SET i =i + 1;




	END LOOP;









	




	CLOSE cur3;




    




    




    /*Finalizo el fixture*/




    UPDATE fixture as f




	INNER JOIN  tmpEquipos as t ON f.idTorneo = t.idtorneo AND f.idReserva = t.idReserva




	SET f.IdEquipo1 = t.IdEquipo1,




		f.IdEquipo2 = t.IdEquipo2;




END ;;
DELIMITER ;
/*!50003 SET sql_mode              = @saved_sql_mode */ ;
/*!50003 SET character_set_client  = @saved_cs_client */ ;
/*!50003 SET character_set_results = @saved_cs_results */ ;
/*!50003 SET collation_connection  = @saved_col_connection */ ;
/*!50003 DROP PROCEDURE IF EXISTS `SP_deleteComplejosDias` */;
/*!50003 SET @saved_cs_client      = @@character_set_client */ ;
/*!50003 SET @saved_cs_results     = @@character_set_results */ ;
/*!50003 SET @saved_col_connection = @@collation_connection */ ;
/*!50003 SET character_set_client  = utf8mb4 */ ;
/*!50003 SET character_set_results = utf8mb4 */ ;
/*!50003 SET collation_connection  = utf8mb4_unicode_ci */ ;
/*!50003 SET @saved_sql_mode       = @@sql_mode */ ;
/*!50003 SET sql_mode              = 'NO_AUTO_CREATE_USER,NO_ENGINE_SUBSTITUTION' */ ;
DELIMITER ;;
CREATE DEFINER=`root`@`localhost` PROCEDURE `SP_deleteComplejosDias`(IN `pIdComplejo` INT)
BEGIN





    DELETE FROM complejosdias 


    WHERE IdComplejo = pIdComplejo;





END ;;
DELIMITER ;
/*!50003 SET sql_mode              = @saved_sql_mode */ ;
/*!50003 SET character_set_client  = @saved_cs_client */ ;
/*!50003 SET character_set_results = @saved_cs_results */ ;
/*!50003 SET collation_connection  = @saved_col_connection */ ;
/*!50003 DROP PROCEDURE IF EXISTS `SP_deleteReservaTemp` */;
/*!50003 SET @saved_cs_client      = @@character_set_client */ ;
/*!50003 SET @saved_cs_results     = @@character_set_results */ ;
/*!50003 SET @saved_col_connection = @@collation_connection */ ;
/*!50003 SET character_set_client  = utf8mb4 */ ;
/*!50003 SET character_set_results = utf8mb4 */ ;
/*!50003 SET collation_connection  = utf8mb4_unicode_ci */ ;
/*!50003 SET @saved_sql_mode       = @@sql_mode */ ;
/*!50003 SET sql_mode              = 'NO_AUTO_CREATE_USER,NO_ENGINE_SUBSTITUTION' */ ;
DELIMITER ;;
CREATE DEFINER=`root`@`localhost` PROCEDURE `SP_deleteReservaTemp`(IN `pIdCancha` INT(11), IN `pIdComplejo` INT(11), OUT `pValor` INT)
BEGIN 





    DECLARE Error INT DEFAULT 0;


    DECLARE CONTINUE HANDLER FOR SQLEXCEPTION  SET Error = -1;





        DELETE FROM reservastemporal


        WHERE idComplejo = pIdComplejo and idCancha = pIdCancha;





    IF Error=-1 THEN





        SET pValor = -1; 





    ELSE


        SET pValor = 1; 


    END IF;





END ;;
DELIMITER ;
/*!50003 SET sql_mode              = @saved_sql_mode */ ;
/*!50003 SET character_set_client  = @saved_cs_client */ ;
/*!50003 SET character_set_results = @saved_cs_results */ ;
/*!50003 SET collation_connection  = @saved_col_connection */ ;
/*!50003 DROP PROCEDURE IF EXISTS `SP_deleteTorneosImagenes` */;
/*!50003 SET @saved_cs_client      = @@character_set_client */ ;
/*!50003 SET @saved_cs_results     = @@character_set_results */ ;
/*!50003 SET @saved_col_connection = @@collation_connection */ ;
/*!50003 SET character_set_client  = utf8mb4 */ ;
/*!50003 SET character_set_results = utf8mb4 */ ;
/*!50003 SET collation_connection  = utf8mb4_unicode_ci */ ;
/*!50003 SET @saved_sql_mode       = @@sql_mode */ ;
/*!50003 SET sql_mode              = 'NO_AUTO_VALUE_ON_ZERO' */ ;
DELIMITER ;;
CREATE DEFINER=`root`@`localhost` PROCEDURE `SP_deleteTorneosImagenes`(












    pIdTorneo	        INT        ,












	pUrl                VARCHAR(150),












    OUT vResultado       INT












)
BEGIN 












    DECLARE Error INT DEFAULT 0;












    DECLARE CONTINUE HANDLER FOR SQLEXCEPTION  SET Error = -1;












    












    SET vResultado = 1;












    












    DELETE FROM torneosimagenes












    WHERE IdTorneo =  pIdTorneo 












    AND   url = pUrl;

























	IF (Error=-1)  THEN












        SET vResultado = -1; /*Devuelve -1 en caso de error*/












    END IF;












END ;;
DELIMITER ;
/*!50003 SET sql_mode              = @saved_sql_mode */ ;
/*!50003 SET character_set_client  = @saved_cs_client */ ;
/*!50003 SET character_set_results = @saved_cs_results */ ;
/*!50003 SET collation_connection  = @saved_col_connection */ ;
/*!50003 DROP PROCEDURE IF EXISTS `SP_existeComplejo` */;
/*!50003 SET @saved_cs_client      = @@character_set_client */ ;
/*!50003 SET @saved_cs_results     = @@character_set_results */ ;
/*!50003 SET @saved_col_connection = @@collation_connection */ ;
/*!50003 SET character_set_client  = utf8mb4 */ ;
/*!50003 SET character_set_results = utf8mb4 */ ;
/*!50003 SET collation_connection  = utf8mb4_unicode_ci */ ;
/*!50003 SET @saved_sql_mode       = @@sql_mode */ ;
/*!50003 SET sql_mode              = 'NO_AUTO_CREATE_USER,NO_ENGINE_SUBSTITUTION' */ ;
DELIMITER ;;
CREATE DEFINER=`root`@`localhost` PROCEDURE `SP_existeComplejo`(IN `pIdComplejo` INT(11))
BEGIN





SELECT COUNT(*) as existe 


FROM complejos


where IdComplejo = pIdComplejo;





END ;;
DELIMITER ;
/*!50003 SET sql_mode              = @saved_sql_mode */ ;
/*!50003 SET character_set_client  = @saved_cs_client */ ;
/*!50003 SET character_set_results = @saved_cs_results */ ;
/*!50003 SET collation_connection  = @saved_col_connection */ ;
/*!50003 DROP PROCEDURE IF EXISTS `SP_existeComplejoDireccion` */;
/*!50003 SET @saved_cs_client      = @@character_set_client */ ;
/*!50003 SET @saved_cs_results     = @@character_set_results */ ;
/*!50003 SET @saved_col_connection = @@collation_connection */ ;
/*!50003 SET character_set_client  = utf8mb4 */ ;
/*!50003 SET character_set_results = utf8mb4 */ ;
/*!50003 SET collation_connection  = utf8mb4_unicode_ci */ ;
/*!50003 SET @saved_sql_mode       = @@sql_mode */ ;
/*!50003 SET sql_mode              = 'NO_AUTO_CREATE_USER,NO_ENGINE_SUBSTITUTION' */ ;
DELIMITER ;;
CREATE DEFINER=`root`@`localhost` PROCEDURE `SP_existeComplejoDireccion`(IN `pIdComplejoDireccion` INT)
BEGIN





SELECT COUNT(*) AS existe


FROM complejosdireccion


where IdComplejo = pIdComplejoDireccion;





END ;;
DELIMITER ;
/*!50003 SET sql_mode              = @saved_sql_mode */ ;
/*!50003 SET character_set_client  = @saved_cs_client */ ;
/*!50003 SET character_set_results = @saved_cs_results */ ;
/*!50003 SET collation_connection  = @saved_col_connection */ ;
/*!50003 DROP PROCEDURE IF EXISTS `SP_existeComplejoPagos` */;
/*!50003 SET @saved_cs_client      = @@character_set_client */ ;
/*!50003 SET @saved_cs_results     = @@character_set_results */ ;
/*!50003 SET @saved_col_connection = @@collation_connection */ ;
/*!50003 SET character_set_client  = utf8mb4 */ ;
/*!50003 SET character_set_results = utf8mb4 */ ;
/*!50003 SET collation_connection  = utf8mb4_unicode_ci */ ;
/*!50003 SET @saved_sql_mode       = @@sql_mode */ ;
/*!50003 SET sql_mode              = 'NO_AUTO_CREATE_USER,NO_ENGINE_SUBSTITUTION' */ ;
DELIMITER ;;
CREATE DEFINER=`root`@`localhost` PROCEDURE `SP_existeComplejoPagos`(IN `pIdComplejoPagos` INT(11))
BEGIN





SELECT COUNT(*) AS existe


from complejospagos


where idComplejo = pIdComplejoPagos;





END ;;
DELIMITER ;
/*!50003 SET sql_mode              = @saved_sql_mode */ ;
/*!50003 SET character_set_client  = @saved_cs_client */ ;
/*!50003 SET character_set_results = @saved_cs_results */ ;
/*!50003 SET collation_connection  = @saved_col_connection */ ;
/*!50003 DROP PROCEDURE IF EXISTS `SP_existeDocumento` */;
/*!50003 SET @saved_cs_client      = @@character_set_client */ ;
/*!50003 SET @saved_cs_results     = @@character_set_results */ ;
/*!50003 SET @saved_col_connection = @@collation_connection */ ;
/*!50003 SET character_set_client  = utf8mb4 */ ;
/*!50003 SET character_set_results = utf8mb4 */ ;
/*!50003 SET collation_connection  = utf8mb4_unicode_ci */ ;
/*!50003 SET @saved_sql_mode       = @@sql_mode */ ;
/*!50003 SET sql_mode              = 'NO_AUTO_VALUE_ON_ZERO' */ ;
DELIMITER ;;
CREATE DEFINER=`root`@`localhost` PROCEDURE `SP_existeDocumento`( 




















    pIdTipoDoc 	    INT,




















    pNroDoc	        INT,




















    pTipo           VARCHAR(1),




















    OUT resultado   INT




















)
BEGIN 









































    




















    




















    




















    DECLARE Aux   INT;




















    




















    SET resultado = 0;




















    SET Aux = -1;




















       




















    IF pTipo = 'D' THEN




















        




















        SELECT IFNULL(D.idDuenio, -1) INTO Aux 




















        FROM Duenios AS D




















        INNER JOIN Personas AS p ON D.idPersona = P.idPersona




















        WHERE P.IdTipoDoc = pIdTipoDoc 




















            AND P.NroDoc  = pNroDoc




















            AND D.FechaBaja IS NULL;




















            




















    ELSE









































        SELECT IFNULL(C.idCliente, -1) INTO Aux 




















        FROM Clientes AS C




















        INNER JOIN Personas AS p ON C.idPersona = P.idPersona




















        WHERE P.IdTipoDoc = pIdTipoDoc 




















            AND P.NroDoc  = pNroDoc




















            AND C.FechaBaja IS NULL;




















            





















    END IF;




















         




















    IF Aux > -1 THEN




















        SET resultado = 1;




















    END IF;




















    




















    




















END ;;
DELIMITER ;
/*!50003 SET sql_mode              = @saved_sql_mode */ ;
/*!50003 SET character_set_client  = @saved_cs_client */ ;
/*!50003 SET character_set_results = @saved_cs_results */ ;
/*!50003 SET collation_connection  = @saved_col_connection */ ;
/*!50003 DROP PROCEDURE IF EXISTS `SP_existeEmail` */;
/*!50003 SET @saved_cs_client      = @@character_set_client */ ;
/*!50003 SET @saved_cs_results     = @@character_set_results */ ;
/*!50003 SET @saved_col_connection = @@collation_connection */ ;
/*!50003 SET character_set_client  = utf8mb4 */ ;
/*!50003 SET character_set_results = utf8mb4 */ ;
/*!50003 SET collation_connection  = utf8mb4_unicode_ci */ ;
/*!50003 SET @saved_sql_mode       = @@sql_mode */ ;
/*!50003 SET sql_mode              = 'NO_AUTO_VALUE_ON_ZERO' */ ;
DELIMITER ;;
CREATE DEFINER=`root`@`localhost` PROCEDURE `SP_existeEmail`( 




















    pEmail  		VARCHAR(60),




















    OUT resultado   INT




















)
BEGIN 









































    




















    




















    




















    DECLARE Aux   INT;




















    




















    SET resultado = 0;




















    SET Aux = -1;




















        




















	SELECT IFNULL(IdPersona, -1) INTO Aux 




















	FROM Personas 




















	WHERE Email = pEmail;




















		




















	




















    IF Aux > -1 THEN




















        SET resultado = 1;




















    END IF;




















END ;;
DELIMITER ;
/*!50003 SET sql_mode              = @saved_sql_mode */ ;
/*!50003 SET character_set_client  = @saved_cs_client */ ;
/*!50003 SET character_set_results = @saved_cs_results */ ;
/*!50003 SET collation_connection  = @saved_col_connection */ ;
/*!50003 DROP PROCEDURE IF EXISTS `SP_existeEmailComplejo` */;
/*!50003 SET @saved_cs_client      = @@character_set_client */ ;
/*!50003 SET @saved_cs_results     = @@character_set_results */ ;
/*!50003 SET @saved_col_connection = @@collation_connection */ ;
/*!50003 SET character_set_client  = utf8mb4 */ ;
/*!50003 SET character_set_results = utf8mb4 */ ;
/*!50003 SET collation_connection  = utf8mb4_unicode_ci */ ;
/*!50003 SET @saved_sql_mode       = @@sql_mode */ ;
/*!50003 SET sql_mode              = 'NO_AUTO_CREATE_USER,NO_ENGINE_SUBSTITUTION' */ ;
DELIMITER ;;
CREATE DEFINER=`root`@`localhost` PROCEDURE `SP_existeEmailComplejo`(IN `pEmail` VARCHAR(60), IN `idComplejo` INT, OUT `resultado` INT)
BEGIN 





    DECLARE Aux INT;


    SET resultado = 0;


    SET Aux = -1;





	SELECT IFNULL(IdComplejo, -1) INTO Aux 


	FROM complejos 


	WHERE Email = pEmail


    AND IdComplejo != idComplejo;





    IF Aux > -1 THEN


        SET resultado = 1;


    END IF;





END ;;
DELIMITER ;
/*!50003 SET sql_mode              = @saved_sql_mode */ ;
/*!50003 SET character_set_client  = @saved_cs_client */ ;
/*!50003 SET character_set_results = @saved_cs_results */ ;
/*!50003 SET collation_connection  = @saved_col_connection */ ;
/*!50003 DROP PROCEDURE IF EXISTS `SP_existeEmailDuenio` */;
/*!50003 SET @saved_cs_client      = @@character_set_client */ ;
/*!50003 SET @saved_cs_results     = @@character_set_results */ ;
/*!50003 SET @saved_col_connection = @@collation_connection */ ;
/*!50003 SET character_set_client  = utf8mb4 */ ;
/*!50003 SET character_set_results = utf8mb4 */ ;
/*!50003 SET collation_connection  = utf8mb4_unicode_ci */ ;
/*!50003 SET @saved_sql_mode       = @@sql_mode */ ;
/*!50003 SET sql_mode              = 'NO_AUTO_CREATE_USER,NO_ENGINE_SUBSTITUTION' */ ;
DELIMITER ;;
CREATE DEFINER=`root`@`localhost` PROCEDURE `SP_existeEmailDuenio`(IN `pEmail` VARCHAR(60), IN `pIdDuenio` INT, OUT `resultado` INT)
    NO SQL
BEGIN 





    DECLARE Aux INT;


    SET resultado = 0;


    SET Aux = -1;





	SELECT IFNULL(per.idPersona, -1) INTO Aux 


	FROM personas per


    INNER JOIN duenios due


    ON per.IdPersona = due.IdDuenio


	WHERE per.Email = pEmail


    AND due.IdDuenio != pIdDuenio;





    IF Aux > -1 THEN


        SET resultado = 1;


    END IF;





END ;;
DELIMITER ;
/*!50003 SET sql_mode              = @saved_sql_mode */ ;
/*!50003 SET character_set_client  = @saved_cs_client */ ;
/*!50003 SET character_set_results = @saved_cs_results */ ;
/*!50003 SET collation_connection  = @saved_col_connection */ ;
/*!50003 DROP PROCEDURE IF EXISTS `SP_existeUsuario` */;
/*!50003 SET @saved_cs_client      = @@character_set_client */ ;
/*!50003 SET @saved_cs_results     = @@character_set_results */ ;
/*!50003 SET @saved_col_connection = @@collation_connection */ ;
/*!50003 SET character_set_client  = utf8mb4 */ ;
/*!50003 SET character_set_results = utf8mb4 */ ;
/*!50003 SET collation_connection  = utf8mb4_unicode_ci */ ;
/*!50003 SET @saved_sql_mode       = @@sql_mode */ ;
/*!50003 SET sql_mode              = 'NO_AUTO_VALUE_ON_ZERO' */ ;
DELIMITER ;;
CREATE DEFINER=`root`@`localhost` PROCEDURE `SP_existeUsuario`( 




















    pUsuario	VARCHAR(25),




















    OUT Id      INT,




















    OUT tipo	VARCHAR(1)




















)
BEGIN 









































    




















    




















    




















    DECLARE IdAux   INT;




















    




















    SET IdAux = -1;




















    SET tipo = 'A';     




















         




















    SELECT IFNULL(a.id, -1) INTO IdAux




















    FROM Administradores as a




















    WHERE a.Usuario = pUsuario;




















    




















    IF (IdAux = -1) THEN




















    




















        SET tipo = 'D';     




















        




















        SELECT IFNULL(idDuenio, -1) INTO IdAux 




















        FROM Duenios 




















        WHERE Usuario = pUsuario AND FechaBaja IS NULL;




















        




















        IF (IdAux = -1) THEN




















        




















            SET tipo = 'C';     




















            




















            SELECT IFNULL(idCliente,-1) INTO IdAux 




















            FROM Clientes 




















            WHERE Usuario = pUsuario AND FechaBaja IS NULL;




















        END IF;




















        




















    END IF;




















    




















    SET Id = IdAux;




















END ;;
DELIMITER ;
/*!50003 SET sql_mode              = @saved_sql_mode */ ;
/*!50003 SET character_set_client  = @saved_cs_client */ ;
/*!50003 SET character_set_results = @saved_cs_results */ ;
/*!50003 SET collation_connection  = @saved_col_connection */ ;
/*!50003 DROP PROCEDURE IF EXISTS `SP_getAdministrador` */;
/*!50003 SET @saved_cs_client      = @@character_set_client */ ;
/*!50003 SET @saved_cs_results     = @@character_set_results */ ;
/*!50003 SET @saved_col_connection = @@collation_connection */ ;
/*!50003 SET character_set_client  = utf8mb4 */ ;
/*!50003 SET character_set_results = utf8mb4 */ ;
/*!50003 SET collation_connection  = utf8mb4_unicode_ci */ ;
/*!50003 SET @saved_sql_mode       = @@sql_mode */ ;
/*!50003 SET sql_mode              = 'NO_AUTO_VALUE_ON_ZERO' */ ;
DELIMITER ;;
CREATE DEFINER=`root`@`localhost` PROCEDURE `SP_getAdministrador`( 




















    pUsuario	    VARCHAR(25),




















    pContrasenia  VARCHAR(20)   




















    )
BEGIN 




















    




















   




















    




















    




















    




















    SELECT *




















    FROM administradores as Adm




















    WHERE Adm.Usuario = pUsuario 




















    AND Adm.Contrasenia = pContrasenia;




















    




















    




















   




















END ;;
DELIMITER ;
/*!50003 SET sql_mode              = @saved_sql_mode */ ;
/*!50003 SET character_set_client  = @saved_cs_client */ ;
/*!50003 SET character_set_results = @saved_cs_results */ ;
/*!50003 SET collation_connection  = @saved_col_connection */ ;
/*!50003 DROP PROCEDURE IF EXISTS `SP_getCancha` */;
/*!50003 SET @saved_cs_client      = @@character_set_client */ ;
/*!50003 SET @saved_cs_results     = @@character_set_results */ ;
/*!50003 SET @saved_col_connection = @@collation_connection */ ;
/*!50003 SET character_set_client  = utf8mb4 */ ;
/*!50003 SET character_set_results = utf8mb4 */ ;
/*!50003 SET collation_connection  = utf8mb4_unicode_ci */ ;
/*!50003 SET @saved_sql_mode       = @@sql_mode */ ;
/*!50003 SET sql_mode              = 'NO_AUTO_CREATE_USER,NO_ENGINE_SUBSTITUTION' */ ;
DELIMITER ;;
CREATE DEFINER=`root`@`localhost` PROCEDURE `SP_getCancha`(IN `idCancha` INT(11), IN `idComplejo` INT(11))
BEGIN 



































SELECT CO.IdDuenio, CA.IdCancha, CA.nombre, CO.IdComplejo, CO.Nombre as Complejo, P.Nombre AS Provincia, L.Nombre as Localidad,



































       CD.Calle, CD.Altura, CO.nroTelefono, CO.nroCelular, CA.CantJugadores, TS.Descripcion as Superficie, CA.Techada, CA.Luz,



































       CA.Precio, CO.PorcentajeSeña as PorcentSenia, CO.Buffet, CO.Parrillas, CO.Duchas, CO.WiFi, CO.Estacionamiento, CO.HoraCobroLuz,





CO.PorcentajeLuz



































       



































FROM CANCHAS CA



































INNER JOIN COMPLEJOS CO



































	ON CA.IdComplejo = CO.IdComplejo



































INNER JOIN complejosdireccion CD



































	ON CD.IdComplejo = CO.IdComplejo



































INNER JOIN provincias p



































	ON P.IdProvincia = CD.IdProvincia



































INNER JOIN localidades L



































	ON L.IdProvincia = CD.IdProvincia AND L.IdLocalidad = CD.IdLocalidad














INNER JOIN tipossuperficie TS



































	ON TS.IdSuperficie = CA.IdSuperficie



































WHERE CA.IdEstado = 1 and CO.IdEstado = 1 AND



































CA.IdCancha = idCancha AND CO.IdComplejo = idComplejo;



































  END ;;
DELIMITER ;
/*!50003 SET sql_mode              = @saved_sql_mode */ ;
/*!50003 SET character_set_client  = @saved_cs_client */ ;
/*!50003 SET character_set_results = @saved_cs_results */ ;
/*!50003 SET collation_connection  = @saved_col_connection */ ;
/*!50003 DROP PROCEDURE IF EXISTS `SP_getCanchas` */;
/*!50003 SET @saved_cs_client      = @@character_set_client */ ;
/*!50003 SET @saved_cs_results     = @@character_set_results */ ;
/*!50003 SET @saved_col_connection = @@collation_connection */ ;
/*!50003 SET character_set_client  = utf8mb4 */ ;
/*!50003 SET character_set_results = utf8mb4 */ ;
/*!50003 SET collation_connection  = utf8mb4_unicode_ci */ ;
/*!50003 SET @saved_sql_mode       = @@sql_mode */ ;
/*!50003 SET sql_mode              = 'NO_AUTO_CREATE_USER,NO_ENGINE_SUBSTITUTION' */ ;
DELIMITER ;;
CREATE DEFINER=`root`@`localhost` PROCEDURE `SP_getCanchas`(IN `pIdProv` INT(11), IN `pIdLoc` INT(11), IN `pCantJug` INT(11), IN `pIdSuperficie` INT(11), IN `pPrecioMax` DECIMAL(6,2), IN `pTechada` TINYINT(1), IN `pConLuz` TINYINT(1), IN `pConEstac` TINYINT(1), IN `pConDuchas` TINYINT(1), IN `pConBuffet` TINYINT(1), IN `pConParrilla` TINYINT(1), IN `pConWifi` TINYINT(1), IN `pFecha` DATE, IN `pHora` VARCHAR(10), IN `pDiaSemana` INT(10))
BEGIN 









































    IF pFecha = '19000101'




















    THEN SET pFecha = null;




















    END IF;




















    




















    IF pHora != '-1'




















    THEN SET pHora = CONCAT(pHora, ':00:00');




















    END IF;




















    




















    IF pHora = '-1'




















    THEN SET pHora = null;




















    END IF;




















    




















    IF pDiaSemana = '-1'




















    THEN SET pDiaSemana = null;




















    END IF;









































     SELECT ca.IdCancha, ca.IdComplejo, ca.nombre as NombreCancha, ca.CantJugadores, ca.Techada, ca.Luz, ca.Precio,




















    co.Nombre as NombreComplejo, prov.Nombre as Provincia, loc.Nombre as Localidad, ts.Descripcion as Superficie, cd.Calle, cd.Altura, CI.Imagen, IFNULL(AVG(CP.Puntaje),0) AS Puntaje, co.HoraCobroLuz, co.PorcentajeLuz, (ca.Precio + (ca.Precio * co.PorcentajeLuz / 100)) as PrecioConLuz




















    FROM canchas ca




















    INNER JOIN complejos co ON co.IdComplejo = ca.IdComplejo




















    INNER JOIN duenios d ON d.IdDuenio = co.IdDuenio




















    INNER JOIN personas p ON p.IdPersona = d.IdPersona




















    INNER JOIN complejosdireccion cd ON cd.IdComplejo = co.IdComplejo




















    INNER JOIN provincias prov ON prov.IdProvincia = cd.IdProvincia 




















    INNER JOIN localidades loc ON loc.IdLocalidad = cd.IdLocalidad AND loc.IdProvincia = prov.IdProvincia




















    INNER JOIN tipossuperficie ts ON ts.IdSuperficie = ca.IdSuperficie




















    LEFT JOIN canchasimagenes CI ON CI.IdCancha = CA.IdCancha




















    LEFT JOIN canchaspuntuacion CP ON CP.IdCancha = CA.IdCancha AND CP.IdComplejo = CO.IdComplejo




















    WHERE ca.IdEstado = 1 




















    AND (cd.IdProvincia = pIdProv AND cd.IdLocalidad = pIdLoc)    




















    AND (ca.CantJugadores = pCantJug OR pCantJug = -1)




















    AND (ca.IdSuperficie = pIdSuperficie OR pIdSuperficie = -1)




















    AND (ca.Precio <= pPrecioMax OR pPrecioMax = -1)




















    AND (ca.Techada = 1 OR pTechada = 0) 




















    AND (ca.Luz = pConLuz OR pConLuz = 0)




















    AND (co.Estacionamiento = pConEstac OR pConEstac = 0)




















    AND (co.Duchas = pConDuchas OR pConDuchas = 0)




















    AND (co.Buffet = pConBuffet OR pConBuffet = 0)




















    AND (co.Parrillas = pConParrilla OR pConParrilla = 0)




















    AND (co.WiFi = pConWifi OR pConWifi = 0)




















    AND exists(select idcomplejo




















                from complejosdias cd




















                where idcomplejo = co.IdComplejo




















                and ifnull(pDiaSemana,cd.iddiadesde) between cd.iddiadesde and cd.iddiahasta




















                and ifnull(pHora,horadesde) >= horadesde and ifnull(pHora,horahasta-1) < horahasta)  




















    AND not exists(select idcomplejo




















                    from reservas R




















                    where R.idcomplejo = co.IdComplejo




















                    and R.idCancha = ca.idcancha




















                    and R.fecha = ifnull(pFecha,'19000101')




















                    and ifnull(pHora,55) >= HoraInicio and ifnull(pHora,55) < horafin)









































GROUP BY ca.IdCancha, ca.IdComplejo, ca.nombre, ca.CantJugadores, ca.Techada, ca.Luz, ca.Precio,




















    co.Nombre, prov.Nombre, loc.Nombre, ts.Descripcion, cd.Calle, cd.Altura, CI.Imagen




















   




















ORDER BY IFNULL(AVG(CP.Puntaje),0) DESC;









































  END ;;
DELIMITER ;
/*!50003 SET sql_mode              = @saved_sql_mode */ ;
/*!50003 SET character_set_client  = @saved_cs_client */ ;
/*!50003 SET character_set_results = @saved_cs_results */ ;
/*!50003 SET collation_connection  = @saved_col_connection */ ;
/*!50003 DROP PROCEDURE IF EXISTS `SP_getCanchasByDuenio` */;
/*!50003 SET @saved_cs_client      = @@character_set_client */ ;
/*!50003 SET @saved_cs_results     = @@character_set_results */ ;
/*!50003 SET @saved_col_connection = @@collation_connection */ ;
/*!50003 SET character_set_client  = utf8mb4 */ ;
/*!50003 SET character_set_results = utf8mb4 */ ;
/*!50003 SET collation_connection  = utf8mb4_unicode_ci */ ;
/*!50003 SET @saved_sql_mode       = @@sql_mode */ ;
/*!50003 SET sql_mode              = 'NO_AUTO_VALUE_ON_ZERO' */ ;
DELIMITER ;;
CREATE DEFINER=`root`@`localhost` PROCEDURE `SP_getCanchasByDuenio`(




















    pIdDuenio  	  INT 




















)
BEGIN 




















    SELECT CA.idcancha, CA.nombre, CA.CantJugadores, ts.descripcion, CA.techada, CA.luz, CA.precio




















    FROM canchas      AS CA




















    INNER JOIN complejos    AS c ON (c.idcomplejo = ca.idcomplejo)




















    INNER JOIN tipossuperficie ts ON ts.IdSuperficie = ca.idSuperficie




















    WHERE c.idduenio = pIdDuenio




















        AND CA.idestado = 1




















        AND C.idestado = 1




















    ORDER BY 2;




















END ;;
DELIMITER ;
/*!50003 SET sql_mode              = @saved_sql_mode */ ;
/*!50003 SET character_set_client  = @saved_cs_client */ ;
/*!50003 SET character_set_results = @saved_cs_results */ ;
/*!50003 SET collation_connection  = @saved_col_connection */ ;
/*!50003 DROP PROCEDURE IF EXISTS `SP_getCanchasTOP` */;
/*!50003 SET @saved_cs_client      = @@character_set_client */ ;
/*!50003 SET @saved_cs_results     = @@character_set_results */ ;
/*!50003 SET @saved_col_connection = @@collation_connection */ ;
/*!50003 SET character_set_client  = utf8mb4 */ ;
/*!50003 SET character_set_results = utf8mb4 */ ;
/*!50003 SET collation_connection  = utf8mb4_unicode_ci */ ;
/*!50003 SET @saved_sql_mode       = @@sql_mode */ ;
/*!50003 SET sql_mode              = 'NO_AUTO_CREATE_USER,NO_ENGINE_SUBSTITUTION' */ ;
DELIMITER ;;
CREATE DEFINER=`root`@`localhost` PROCEDURE `SP_getCanchasTOP`()
    NO SQL
BEGIN 




















     SELECT ca.IdCancha, ca.IdComplejo, ca.nombre as NombreCancha, 




















    co.Nombre as NombreComplejo, prov.Nombre as Provincia, loc.Nombre as Localidad, cd.Calle, cd.Altura, CI.Imagen, IFNULL(AVG(CP.Puntaje),0) AS Puntaje




















    FROM canchas ca




















    INNER JOIN complejos co ON co.IdComplejo = ca.IdComplejo




















    INNER JOIN duenios d ON d.IdDuenio = co.IdDuenio




















    INNER JOIN complejosdireccion cd ON cd.IdComplejo = co.IdComplejo




















    INNER JOIN provincias prov ON prov.IdProvincia = cd.IdProvincia 




















    INNER JOIN localidades loc ON loc.IdLocalidad = cd.IdLocalidad AND loc.IdProvincia = prov.IdProvincia




















    LEFT JOIN canchasimagenes CI ON CI.IdCancha = CA.IdCancha




















    INNER JOIN canchaspuntuacion CP ON CP.IdCancha = CA.IdCancha AND CP.IdComplejo = CO.IdComplejo




















    /*INNER JOIN (select cp.IdCancha, cp.IdComplejo, count(*) as votos




















	from canchaspuntuacion cp




















	group by cp.IdCancha




















	order by votos DESC




















	) AS CANTVOTOS ON CA.IdCancha = CANTVOTOS.IdCancha AND CA.IdComplejo = CANTVOTOS.IdComplejo*/




















    WHERE ca.IdEstado = 1 and co.IdEstado = 1




















 




















GROUP BY ca.IdCancha, ca.IdComplejo, ca.nombre,




















    co.Nombre, prov.Nombre, loc.Nombre, cd.Calle, cd.Altura, CI.Imagen




















   




















ORDER BY IFNULL(AVG(CP.Puntaje),0) DESC




















LIMIT 3;




















  END ;;
DELIMITER ;
/*!50003 SET sql_mode              = @saved_sql_mode */ ;
/*!50003 SET character_set_client  = @saved_cs_client */ ;
/*!50003 SET character_set_results = @saved_cs_results */ ;
/*!50003 SET collation_connection  = @saved_col_connection */ ;
/*!50003 DROP PROCEDURE IF EXISTS `SP_getCantEquiposByTipoTorneo` */;
/*!50003 SET @saved_cs_client      = @@character_set_client */ ;
/*!50003 SET @saved_cs_results     = @@character_set_results */ ;
/*!50003 SET @saved_col_connection = @@collation_connection */ ;
/*!50003 SET character_set_client  = utf8mb4 */ ;
/*!50003 SET character_set_results = utf8mb4 */ ;
/*!50003 SET collation_connection  = utf8mb4_unicode_ci */ ;
/*!50003 SET @saved_sql_mode       = @@sql_mode */ ;
/*!50003 SET sql_mode              = 'NO_AUTO_VALUE_ON_ZERO' */ ;
DELIMITER ;;
CREATE DEFINER=`root`@`localhost` PROCEDURE `SP_getCantEquiposByTipoTorneo`(




















    pIdTipo 	  INT 




















)
BEGIN 




















    SELECT cantidad 




















    FROM tipotorneosEquipos 




















    WHERE IdTipoTorneo =pIdTipo;




















END ;;
DELIMITER ;
/*!50003 SET sql_mode              = @saved_sql_mode */ ;
/*!50003 SET character_set_client  = @saved_cs_client */ ;
/*!50003 SET character_set_results = @saved_cs_results */ ;
/*!50003 SET collation_connection  = @saved_col_connection */ ;
/*!50003 DROP PROCEDURE IF EXISTS `SP_getCantJugByDuenio` */;
/*!50003 SET @saved_cs_client      = @@character_set_client */ ;
/*!50003 SET @saved_cs_results     = @@character_set_results */ ;
/*!50003 SET @saved_col_connection = @@collation_connection */ ;
/*!50003 SET character_set_client  = utf8mb4 */ ;
/*!50003 SET character_set_results = utf8mb4 */ ;
/*!50003 SET collation_connection  = utf8mb4_unicode_ci */ ;
/*!50003 SET @saved_sql_mode       = @@sql_mode */ ;
/*!50003 SET sql_mode              = 'NO_AUTO_VALUE_ON_ZERO' */ ;
DELIMITER ;;
CREATE DEFINER=`root`@`localhost` PROCEDURE `SP_getCantJugByDuenio`(




















    pIdDuenio  	  INT 




















)
BEGIN 




















     SELECT distinct C.CantJugadores




















	FROM  canchas AS C 




















	INNER JOIN complejos AS CO ON CO.idcomplejo = C.idcomplejo




















	WHERE   C.idEstado = 1




















		AND CO.idestado = 1 




















		AND CO.idDuenio = pIdDuenio




















    ORDER BY 1;




















		




















END ;;
DELIMITER ;
/*!50003 SET sql_mode              = @saved_sql_mode */ ;
/*!50003 SET character_set_client  = @saved_cs_client */ ;
/*!50003 SET character_set_results = @saved_cs_results */ ;
/*!50003 SET collation_connection  = @saved_col_connection */ ;
/*!50003 DROP PROCEDURE IF EXISTS `SP_getCliente` */;
/*!50003 SET @saved_cs_client      = @@character_set_client */ ;
/*!50003 SET @saved_cs_results     = @@character_set_results */ ;
/*!50003 SET @saved_col_connection = @@collation_connection */ ;
/*!50003 SET character_set_client  = utf8mb4 */ ;
/*!50003 SET character_set_results = utf8mb4 */ ;
/*!50003 SET collation_connection  = utf8mb4_unicode_ci */ ;
/*!50003 SET @saved_sql_mode       = @@sql_mode */ ;
/*!50003 SET sql_mode              = 'NO_AUTO_VALUE_ON_ZERO' */ ;
DELIMITER ;;
CREATE DEFINER=`root`@`localhost` PROCEDURE `SP_getCliente`( 




















    pUsuario	    VARCHAR(25),




















    pContrasenia  VARCHAR(20)   




















    )
BEGIN 









































    




















    




















    




















    SELECT *




















    FROM personas as P




















    INNER JOIN clientes as C ON P.idPersona = C.idPersona




















    WHERE C.usuario = pUsuario 




















    AND C.contrasenia = pContrasenia




















    AND C.idEstado = 1; 




















    




















   




















END ;;
DELIMITER ;
/*!50003 SET sql_mode              = @saved_sql_mode */ ;
/*!50003 SET character_set_client  = @saved_cs_client */ ;
/*!50003 SET character_set_results = @saved_cs_results */ ;
/*!50003 SET collation_connection  = @saved_col_connection */ ;
/*!50003 DROP PROCEDURE IF EXISTS `SP_getComplejoByIdDuenio` */;
/*!50003 SET @saved_cs_client      = @@character_set_client */ ;
/*!50003 SET @saved_cs_results     = @@character_set_results */ ;
/*!50003 SET @saved_col_connection = @@collation_connection */ ;
/*!50003 SET character_set_client  = utf8 */ ;
/*!50003 SET character_set_results = utf8 */ ;
/*!50003 SET collation_connection  = utf8_general_ci */ ;
/*!50003 SET @saved_sql_mode       = @@sql_mode */ ;
/*!50003 SET sql_mode              = 'NO_AUTO_CREATE_USER,NO_ENGINE_SUBSTITUTION' */ ;
DELIMITER ;;
CREATE DEFINER=`root`@`localhost` PROCEDURE `SP_getComplejoByIdDuenio`(IN `pIdDuenio` INT)
    NO SQL
BEGIN





DECLARE estadoDuenio INT;


    


set estadoDuenio = -1;





select IdEstado into estadoDuenio


from duenios


where IdDuenio = pIdDuenio;





if estadoDuenio = 2 THEN





SELECT *


FROM duenios DUE 


INNER JOIN dueniospendientes duepen


on due.IdDuenio = duepen.IdDuenio


inner join personas per 


on due.IdPersona = per.IdPersona


where due.IdDuenio = pIdDuenio;





ELSE 





select * 


from duenios due


inner join complejos com 


on due.IdDuenio = com.IdDuenio


inner join personas per 


on due.IdPersona = per.IdPersona


left join complejospagos cp


on com.IdComplejo = cp.IdComplejo


left join complejosdireccion cd


on com.IdComplejo = cd.IdComplejo


where due.IdDuenio = pIdDuenio;





end if;


END ;;
DELIMITER ;
/*!50003 SET sql_mode              = @saved_sql_mode */ ;
/*!50003 SET character_set_client  = @saved_cs_client */ ;
/*!50003 SET character_set_results = @saved_cs_results */ ;
/*!50003 SET collation_connection  = @saved_col_connection */ ;
/*!50003 DROP PROCEDURE IF EXISTS `SP_getComplejosDias` */;
/*!50003 SET @saved_cs_client      = @@character_set_client */ ;
/*!50003 SET @saved_cs_results     = @@character_set_results */ ;
/*!50003 SET @saved_col_connection = @@collation_connection */ ;
/*!50003 SET character_set_client  = utf8mb4 */ ;
/*!50003 SET character_set_results = utf8mb4 */ ;
/*!50003 SET collation_connection  = utf8mb4_unicode_ci */ ;
/*!50003 SET @saved_sql_mode       = @@sql_mode */ ;
/*!50003 SET sql_mode              = 'NO_AUTO_CREATE_USER,NO_ENGINE_SUBSTITUTION' */ ;
DELIMITER ;;
CREATE DEFINER=`root`@`localhost` PROCEDURE `SP_getComplejosDias`(IN `pIdComplejo` INT)
BEGIN





    SELECT 


    	cd.IdDiaDesde idDiaDesde


        ,cd.IdDiaHasta idDiaHasta


        ,cd.HoraDesde horaDesde


        ,cd.HoraHasta horaHasta


        ,dDesde.Nombre diaDesde


        ,dHasta.Nombre diaHasta


    FROM complejosdias cd


    inner join dias dDesde


    on cd.IdDiaDesde = dDesde.IdDia


    inner join dias dHasta


    on cd.IdDiaHasta = dHasta.IdDia


    where IdComplejo = pIdComplejo;





END ;;
DELIMITER ;
/*!50003 SET sql_mode              = @saved_sql_mode */ ;
/*!50003 SET character_set_client  = @saved_cs_client */ ;
/*!50003 SET character_set_results = @saved_cs_results */ ;
/*!50003 SET collation_connection  = @saved_col_connection */ ;
/*!50003 DROP PROCEDURE IF EXISTS `SP_getDias` */;
/*!50003 SET @saved_cs_client      = @@character_set_client */ ;
/*!50003 SET @saved_cs_results     = @@character_set_results */ ;
/*!50003 SET @saved_col_connection = @@collation_connection */ ;
/*!50003 SET character_set_client  = utf8mb4 */ ;
/*!50003 SET character_set_results = utf8mb4 */ ;
/*!50003 SET collation_connection  = utf8mb4_unicode_ci */ ;
/*!50003 SET @saved_sql_mode       = @@sql_mode */ ;
/*!50003 SET sql_mode              = 'NO_AUTO_VALUE_ON_ZERO' */ ;
DELIMITER ;;
CREATE DEFINER=`root`@`localhost` PROCEDURE `SP_getDias`()
BEGIN 












select 












	idDia












	,Nombre 












from dias;












    












END ;;
DELIMITER ;
/*!50003 SET sql_mode              = @saved_sql_mode */ ;
/*!50003 SET character_set_client  = @saved_cs_client */ ;
/*!50003 SET character_set_results = @saved_cs_results */ ;
/*!50003 SET collation_connection  = @saved_col_connection */ ;
/*!50003 DROP PROCEDURE IF EXISTS `SP_getDiasByDuenio` */;
/*!50003 SET @saved_cs_client      = @@character_set_client */ ;
/*!50003 SET @saved_cs_results     = @@character_set_results */ ;
/*!50003 SET @saved_col_connection = @@collation_connection */ ;
/*!50003 SET character_set_client  = utf8mb4 */ ;
/*!50003 SET character_set_results = utf8mb4 */ ;
/*!50003 SET collation_connection  = utf8mb4_unicode_ci */ ;
/*!50003 SET @saved_sql_mode       = @@sql_mode */ ;
/*!50003 SET sql_mode              = 'NO_AUTO_VALUE_ON_ZERO' */ ;
DELIMITER ;;
CREATE DEFINER=`root`@`localhost` PROCEDURE `SP_getDiasByDuenio`(




















    pIdDuenio  	  INT 




















)
BEGIN 




















    SELECT d.iddia, d.nombre , TIME_FORMAT(cd.HoraDesde, "%H:%S" ) as HoraDesde ,  TIME_FORMAT(cd.HoraHasta, "%H:%S" ) as HoraHasta




















    FROM complejosdias      AS cd




















    INNER JOIN complejos    AS c ON (c.idcomplejo = cd.idcomplejo)




















    INNER JOIN dias         AS d ON (d.iddia between cd.iddiadesde and cd.iddiahasta)




















    WHERE c.idduenio = pIdDuenio




















    AND C.idestado = 1




















    ORDER BY 1;









































END ;;
DELIMITER ;
/*!50003 SET sql_mode              = @saved_sql_mode */ ;
/*!50003 SET character_set_client  = @saved_cs_client */ ;
/*!50003 SET character_set_results = @saved_cs_results */ ;
/*!50003 SET collation_connection  = @saved_col_connection */ ;
/*!50003 DROP PROCEDURE IF EXISTS `SP_getDuenio` */;
/*!50003 SET @saved_cs_client      = @@character_set_client */ ;
/*!50003 SET @saved_cs_results     = @@character_set_results */ ;
/*!50003 SET @saved_col_connection = @@collation_connection */ ;
/*!50003 SET character_set_client  = utf8mb4 */ ;
/*!50003 SET character_set_results = utf8mb4 */ ;
/*!50003 SET collation_connection  = utf8mb4_unicode_ci */ ;
/*!50003 SET @saved_sql_mode       = @@sql_mode */ ;
/*!50003 SET sql_mode              = 'NO_AUTO_CREATE_USER,NO_ENGINE_SUBSTITUTION' */ ;
DELIMITER ;;
CREATE DEFINER=`root`@`localhost` PROCEDURE `SP_getDuenio`(IN `pUsuario` VARCHAR(25), IN `pContrasenia` VARCHAR(20))
BEGIN 









    /*El SP devuelve el cliente para el usuario y contraseña ingresado*/




    /*call SP_getDuenio('CARMIE'  , 11);*/




    




    SELECT C.idComplejo, P.*, C.*, d.*




    FROM personas as P




    INNER JOIN duenios as D ON P.idPersona = D.idPersona




    LEFT JOIN complejos as C ON D.idDuenio = C.idDuenio




    WHERE D.usuario = pUsuario 




    AND D.contrasenia = pContrasenia




    AND (D.idEstado = 2 or D.idEstado = 3); /*Aceptado*/




    




   




END ;;
DELIMITER ;
/*!50003 SET sql_mode              = @saved_sql_mode */ ;
/*!50003 SET character_set_client  = @saved_cs_client */ ;
/*!50003 SET character_set_results = @saved_cs_results */ ;
/*!50003 SET collation_connection  = @saved_col_connection */ ;
/*!50003 DROP PROCEDURE IF EXISTS `SP_getDueniosPendientes` */;
/*!50003 SET @saved_cs_client      = @@character_set_client */ ;
/*!50003 SET @saved_cs_results     = @@character_set_results */ ;
/*!50003 SET @saved_col_connection = @@collation_connection */ ;
/*!50003 SET character_set_client  = utf8mb4 */ ;
/*!50003 SET character_set_results = utf8mb4 */ ;
/*!50003 SET collation_connection  = utf8mb4_unicode_ci */ ;
/*!50003 SET @saved_sql_mode       = @@sql_mode */ ;
/*!50003 SET sql_mode              = 'NO_AUTO_CREATE_USER,NO_ENGINE_SUBSTITUTION' */ ;
DELIMITER ;;
CREATE DEFINER=`root`@`localhost` PROCEDURE `SP_getDueniosPendientes`()
BEGIN 




















select due.IdDuenio,due.Usuario, due.FechaAlta, duep.nombreComplejo, duep.NroTelef, duep.Calle, duep.Altura,prov.Nombre as Provincia, loc.Nombre as Localidad




















    from duenios due




















    inner join dueniospendientes duep




















    on due.IdDuenio = duep.IdDuenio




















    inner join localidades loc 




















    on duep.IdLocalidad = loc.IdLocalidad




















    and duep.IdProvincia = loc.IdProvincia




















    inner join provincias prov




















    on duep.IdProvincia = prov.IdProvincia




















    where due.IdEstado = 1;




















  END ;;
DELIMITER ;
/*!50003 SET sql_mode              = @saved_sql_mode */ ;
/*!50003 SET character_set_client  = @saved_cs_client */ ;
/*!50003 SET character_set_results = @saved_cs_results */ ;
/*!50003 SET collation_connection  = @saved_col_connection */ ;
/*!50003 DROP PROCEDURE IF EXISTS `SP_getEquiposByIdTorneo` */;
/*!50003 SET @saved_cs_client      = @@character_set_client */ ;
/*!50003 SET @saved_cs_results     = @@character_set_results */ ;
/*!50003 SET @saved_col_connection = @@collation_connection */ ;
/*!50003 SET character_set_client  = utf8 */ ;
/*!50003 SET character_set_results = utf8 */ ;
/*!50003 SET collation_connection  = utf8_general_ci */ ;
/*!50003 SET @saved_sql_mode       = @@sql_mode */ ;
/*!50003 SET sql_mode              = 'NO_ENGINE_SUBSTITUTION' */ ;
DELIMITER ;;
CREATE DEFINER=`root`@`localhost` PROCEDURE `SP_getEquiposByIdTorneo`(


	pIdTorneo	INT


)
BEGIN 


	SELECT te.IdEquipo, e.nombre, Date_format(fechaInscipcion,'%d/%m/%Y') as 'fechaInscripcion', es.Descripcion as 'Estado'


	FROM torneosequipos AS te


	INNER JOIN equipos AS e ON e.IdEquipo = te.idequipo


	INNER JOIN torneosestados AS es ON es.idestado = te.idEstado


	WHERE te.idtorneo =pIdTorneo;


END ;;
DELIMITER ;
/*!50003 SET sql_mode              = @saved_sql_mode */ ;
/*!50003 SET character_set_client  = @saved_cs_client */ ;
/*!50003 SET character_set_results = @saved_cs_results */ ;
/*!50003 SET collation_connection  = @saved_col_connection */ ;
/*!50003 DROP PROCEDURE IF EXISTS `SP_getfechasLigaByIdTorneo` */;
/*!50003 SET @saved_cs_client      = @@character_set_client */ ;
/*!50003 SET @saved_cs_results     = @@character_set_results */ ;
/*!50003 SET @saved_col_connection = @@collation_connection */ ;
/*!50003 SET character_set_client  = utf8 */ ;
/*!50003 SET character_set_results = utf8 */ ;
/*!50003 SET collation_connection  = utf8_general_ci */ ;
/*!50003 SET @saved_sql_mode       = @@sql_mode */ ;
/*!50003 SET sql_mode              = 'NO_ENGINE_SUBSTITUTION' */ ;
DELIMITER ;;
CREATE DEFINER=`root`@`localhost` PROCEDURE `SP_getfechasLigaByIdTorneo`(

	pIdTorneo	INT

)
BEGIN

	SELECT DISTINCT idFecha 

    FROM fixture 

    WHERE idtorneo =pIdTorneo;

END ;;
DELIMITER ;
/*!50003 SET sql_mode              = @saved_sql_mode */ ;
/*!50003 SET character_set_client  = @saved_cs_client */ ;
/*!50003 SET character_set_results = @saved_cs_results */ ;
/*!50003 SET collation_connection  = @saved_col_connection */ ;
/*!50003 DROP PROCEDURE IF EXISTS `SP_getFechasReservaFija` */;
/*!50003 SET @saved_cs_client      = @@character_set_client */ ;
/*!50003 SET @saved_cs_results     = @@character_set_results */ ;
/*!50003 SET @saved_col_connection = @@collation_connection */ ;
/*!50003 SET character_set_client  = utf8 */ ;
/*!50003 SET character_set_results = utf8 */ ;
/*!50003 SET collation_connection  = utf8_general_ci */ ;
/*!50003 SET @saved_sql_mode       = @@sql_mode */ ;
/*!50003 SET sql_mode              = 'NO_AUTO_CREATE_USER,NO_ENGINE_SUBSTITUTION' */ ;
DELIMITER ;;
CREATE DEFINER=`root`@`localhost` PROCEDURE `SP_getFechasReservaFija`(pIdCancha INT(11), pIdComplejo INT(11), pHoraDesde VARCHAR(8), pIdDia INT, pAnio INT, pFechaPrimerReserva DATE)
SELECT date_format(c.fecha, '%d/%m/%Y') as fecha, c.idDia, d.nombre, NoDisp.fecha as NoDisponible



FROM complejos co



INNER JOIN canchas ca ON ca.idcomplejo = co.idcomplejo

INNER JOIN complejosdias td ON td.idComplejo = co.idComplejo

INNER JOIN calendario c

		ON c.idDia BETWEEN td.IdDiaDesde AND td.IdDiaHasta

INNER JOIN dias d ON d.iddia = c.iddia

LEFT JOIN (SELECT fecha, idcomplejo, idcancha

 FROM reservas WHERE idCancha = pIdCancha AND idcomplejo = pIdComplejo AND pHoraDesde >= HoraInicio AND pHoraDesde < HoraFin) AS NoDisp

 

ON NoDisp.idCancha = ca.idCancha and NoDisp.idComplejo = co.idComplejo

 AND NoDisp.fecha = c.fecha



WHERE ca.idcancha = pIdCancha AND co.idComplejo = pIdComplejo

AND d.iddia = pIdDia AND YEAR(c.fecha) = pAnio 

AND c.fecha > pFechaPrimerReserva ;;
DELIMITER ;
/*!50003 SET sql_mode              = @saved_sql_mode */ ;
/*!50003 SET character_set_client  = @saved_cs_client */ ;
/*!50003 SET character_set_results = @saved_cs_results */ ;
/*!50003 SET collation_connection  = @saved_col_connection */ ;
/*!50003 DROP PROCEDURE IF EXISTS `SP_getFixtureByFecha` */;
/*!50003 SET @saved_cs_client      = @@character_set_client */ ;
/*!50003 SET @saved_cs_results     = @@character_set_results */ ;
/*!50003 SET @saved_col_connection = @@collation_connection */ ;
/*!50003 SET character_set_client  = utf8 */ ;
/*!50003 SET character_set_results = utf8 */ ;
/*!50003 SET collation_connection  = utf8_general_ci */ ;
/*!50003 SET @saved_sql_mode       = @@sql_mode */ ;
/*!50003 SET sql_mode              = 'NO_ENGINE_SUBSTITUTION' */ ;
DELIMITER ;;
CREATE DEFINER=`root`@`localhost` PROCEDURE `SP_getFixtureByFecha`(

	pIdTorneo	INT,

    pIdFecha	INT

)
BEGIN 

	SELECT  fi.IdTorneo, fi.IdFecha, fi.idreserva, fi.idEquipo1, eq1.nombre as 'equipo1', fi.gol1, 'VS' as 'VS',

			fi.idEquipo2, eq2.nombre as 'equipo2', fi.gol2, SUBSTRING(r.horaInicio,1,5) as 'horaInicio', c.nombre as 'cancha', 

             Date_format(r.fecha,'%d/%m/%Y') as 'fecha'

	FROM  fixture AS fi

	INNER JOIN reservas AS r ON fi.idreserva = r.idreserva

	INNER JOIN equipos AS eq1 ON eq1.idEquipo = fi.idEquipo1

	INNER JOIN equipos AS eq2 ON eq2.idEquipo = fi.idEquipo2

	INNER JOIN canchas AS c ON c.idcancha = r.idcancha and c.idcomplejo = r.idComplejo

	WHERE  fi.idtorneo = pIdTorneo and fi.idfecha =pIdFecha
    ORDER BY fi.idreserva;

END ;;
DELIMITER ;
/*!50003 SET sql_mode              = @saved_sql_mode */ ;
/*!50003 SET character_set_client  = @saved_cs_client */ ;
/*!50003 SET character_set_results = @saved_cs_results */ ;
/*!50003 SET collation_connection  = @saved_col_connection */ ;
/*!50003 DROP PROCEDURE IF EXISTS `SP_getHorariosReservasByDia` */;
/*!50003 SET @saved_cs_client      = @@character_set_client */ ;
/*!50003 SET @saved_cs_results     = @@character_set_results */ ;
/*!50003 SET @saved_col_connection = @@collation_connection */ ;
/*!50003 SET character_set_client  = utf8 */ ;
/*!50003 SET character_set_results = utf8 */ ;
/*!50003 SET collation_connection  = utf8_general_ci */ ;
/*!50003 SET @saved_sql_mode       = @@sql_mode */ ;
/*!50003 SET sql_mode              = 'NO_AUTO_CREATE_USER,NO_ENGINE_SUBSTITUTION' */ ;
DELIMITER ;;
CREATE DEFINER=`root`@`localhost` PROCEDURE `SP_getHorariosReservasByDia`(pIdComplejo INT(11), pIdCancha INT(11), pFecha DATE)
SELECT r.HoraInicio, r.HoraFin



FROM reservas r



WHERE r.IdComplejo = pIdComplejo and r.IdCancha = pIdCancha



AND R.Fecha = pFecha ;;
DELIMITER ;
/*!50003 SET sql_mode              = @saved_sql_mode */ ;
/*!50003 SET character_set_client  = @saved_cs_client */ ;
/*!50003 SET character_set_results = @saved_cs_results */ ;
/*!50003 SET collation_connection  = @saved_col_connection */ ;
/*!50003 DROP PROCEDURE IF EXISTS `SP_getHorasDisponiblesByFecha` */;
/*!50003 SET @saved_cs_client      = @@character_set_client */ ;
/*!50003 SET @saved_cs_results     = @@character_set_results */ ;
/*!50003 SET @saved_col_connection = @@collation_connection */ ;
/*!50003 SET character_set_client  = utf8 */ ;
/*!50003 SET character_set_results = utf8 */ ;
/*!50003 SET collation_connection  = utf8_general_ci */ ;
/*!50003 SET @saved_sql_mode       = @@sql_mode */ ;
/*!50003 SET sql_mode              = 'NO_AUTO_CREATE_USER,NO_ENGINE_SUBSTITUTION' */ ;
DELIMITER ;;
CREATE DEFINER=`root`@`localhost` PROCEDURE `SP_getHorasDisponiblesByFecha`(pIdCancha INT(11), IN pIdComplejo INT(11), pFecha DATE)
SELECT DISTINCT h.hora



	FROM complejos c



    INNER JOIN complejosdias td ON td.idComplejo = c.idComplejo



    INNER JOIN canchas can on can.idComplejo = c.idComplejo



	INNER JOIN horas as H ON H.hora >= td.HoraDesde and H.hora < td.HoraHasta



	WHERE c.idComplejo = pIdComplejo and can.idCancha = pIdCancha



		AND not exists(select idcomplejo



						from reservas R



						where R.idcomplejo = c.IdComplejo



						and R.idCancha = can.idcancha



						and R.fecha = pFecha



						and h.hora >= HoraInicio and h.hora < horafin) ;;
DELIMITER ;
/*!50003 SET sql_mode              = @saved_sql_mode */ ;
/*!50003 SET character_set_client  = @saved_cs_client */ ;
/*!50003 SET character_set_results = @saved_cs_results */ ;
/*!50003 SET collation_connection  = @saved_col_connection */ ;
/*!50003 DROP PROCEDURE IF EXISTS `SP_getJugadoresByTipoTorneo` */;
/*!50003 SET @saved_cs_client      = @@character_set_client */ ;
/*!50003 SET @saved_cs_results     = @@character_set_results */ ;
/*!50003 SET @saved_col_connection = @@collation_connection */ ;
/*!50003 SET character_set_client  = utf8mb4 */ ;
/*!50003 SET character_set_results = utf8mb4 */ ;
/*!50003 SET collation_connection  = utf8mb4_unicode_ci */ ;
/*!50003 SET @saved_sql_mode       = @@sql_mode */ ;
/*!50003 SET sql_mode              = 'NO_AUTO_VALUE_ON_ZERO' */ ;
DELIMITER ;;
CREATE DEFINER=`root`@`localhost` PROCEDURE `SP_getJugadoresByTipoTorneo`(












    pIdTipo 	  INT 












)
BEGIN 












    SELECT cantidad 












    FROM tipotorneosEquipos 












    WHERE IdTipoTorneo =pIdTipo;












END ;;
DELIMITER ;
/*!50003 SET sql_mode              = @saved_sql_mode */ ;
/*!50003 SET character_set_client  = @saved_cs_client */ ;
/*!50003 SET character_set_results = @saved_cs_results */ ;
/*!50003 SET collation_connection  = @saved_col_connection */ ;
/*!50003 DROP PROCEDURE IF EXISTS `SP_getLocalidadesByProvincia` */;
/*!50003 SET @saved_cs_client      = @@character_set_client */ ;
/*!50003 SET @saved_cs_results     = @@character_set_results */ ;
/*!50003 SET @saved_col_connection = @@collation_connection */ ;
/*!50003 SET character_set_client  = utf8mb4 */ ;
/*!50003 SET character_set_results = utf8mb4 */ ;
/*!50003 SET collation_connection  = utf8mb4_unicode_ci */ ;
/*!50003 SET @saved_sql_mode       = @@sql_mode */ ;
/*!50003 SET sql_mode              = 'NO_AUTO_VALUE_ON_ZERO' */ ;
DELIMITER ;;
CREATE DEFINER=`root`@`localhost` PROCEDURE `SP_getLocalidadesByProvincia`(




















    pIdProvincia 	  INT 




















)
BEGIN 




















    SELECT l.IdLocalidad,




















           l.Nombre 




















    FROM Localidades as l




















    INNER JOIN Provincias as p ON l.IdProvincia = p.IdProvincia




















    WHERE p.IdProvincia = pIdProvincia




















    ORDER BY  l.Nombre ;




















END ;;
DELIMITER ;
/*!50003 SET sql_mode              = @saved_sql_mode */ ;
/*!50003 SET character_set_client  = @saved_cs_client */ ;
/*!50003 SET character_set_results = @saved_cs_results */ ;
/*!50003 SET collation_connection  = @saved_col_connection */ ;
/*!50003 DROP PROCEDURE IF EXISTS `SP_getProvincias` */;
/*!50003 SET @saved_cs_client      = @@character_set_client */ ;
/*!50003 SET @saved_cs_results     = @@character_set_results */ ;
/*!50003 SET @saved_col_connection = @@collation_connection */ ;
/*!50003 SET character_set_client  = utf8mb4 */ ;
/*!50003 SET character_set_results = utf8mb4 */ ;
/*!50003 SET collation_connection  = utf8mb4_unicode_ci */ ;
/*!50003 SET @saved_sql_mode       = @@sql_mode */ ;
/*!50003 SET sql_mode              = 'NO_AUTO_VALUE_ON_ZERO' */ ;
DELIMITER ;;
CREATE DEFINER=`root`@`localhost` PROCEDURE `SP_getProvincias`()
BEGIN 




















    SELECT IdProvincia,




















           Nombre 




















    FROM Provincias




















    ORDER BY Nombre;




















END ;;
DELIMITER ;
/*!50003 SET sql_mode              = @saved_sql_mode */ ;
/*!50003 SET character_set_client  = @saved_cs_client */ ;
/*!50003 SET character_set_results = @saved_cs_results */ ;
/*!50003 SET collation_connection  = @saved_col_connection */ ;
/*!50003 DROP PROCEDURE IF EXISTS `SP_getReservaTemp` */;
/*!50003 SET @saved_cs_client      = @@character_set_client */ ;
/*!50003 SET @saved_cs_results     = @@character_set_results */ ;
/*!50003 SET @saved_col_connection = @@collation_connection */ ;
/*!50003 SET character_set_client  = utf8 */ ;
/*!50003 SET character_set_results = utf8 */ ;
/*!50003 SET collation_connection  = utf8_general_ci */ ;
/*!50003 SET @saved_sql_mode       = @@sql_mode */ ;
/*!50003 SET sql_mode              = 'NO_AUTO_CREATE_USER,NO_ENGINE_SUBSTITUTION' */ ;
DELIMITER ;;
CREATE DEFINER=`root`@`localhost` PROCEDURE `SP_getReservaTemp`(pIdCancha INT(11), pIdComplejo INT(11))
select count(*) as existe

from reservastemporal

where idComplejo = pIdComplejo and idCancha = pIdCancha ;;
DELIMITER ;
/*!50003 SET sql_mode              = @saved_sql_mode */ ;
/*!50003 SET character_set_client  = @saved_cs_client */ ;
/*!50003 SET character_set_results = @saved_cs_results */ ;
/*!50003 SET collation_connection  = @saved_col_connection */ ;
/*!50003 DROP PROCEDURE IF EXISTS `SP_getSuperficies` */;
/*!50003 SET @saved_cs_client      = @@character_set_client */ ;
/*!50003 SET @saved_cs_results     = @@character_set_results */ ;
/*!50003 SET @saved_col_connection = @@collation_connection */ ;
/*!50003 SET character_set_client  = utf8mb4 */ ;
/*!50003 SET character_set_results = utf8mb4 */ ;
/*!50003 SET collation_connection  = utf8mb4_unicode_ci */ ;
/*!50003 SET @saved_sql_mode       = @@sql_mode */ ;
/*!50003 SET sql_mode              = 'NO_AUTO_CREATE_USER,NO_ENGINE_SUBSTITUTION' */ ;
DELIMITER ;;
CREATE DEFINER=`root`@`localhost` PROCEDURE `SP_getSuperficies`()
SELECT IdSuperficie,




















       Descripcion




















    FROM tipossuperficie




















    ORDER BY Descripcion ;;
DELIMITER ;
/*!50003 SET sql_mode              = @saved_sql_mode */ ;
/*!50003 SET character_set_client  = @saved_cs_client */ ;
/*!50003 SET character_set_results = @saved_cs_results */ ;
/*!50003 SET collation_connection  = @saved_col_connection */ ;
/*!50003 DROP PROCEDURE IF EXISTS `SP_getSuperficiesByIdDuenio` */;
/*!50003 SET @saved_cs_client      = @@character_set_client */ ;
/*!50003 SET @saved_cs_results     = @@character_set_results */ ;
/*!50003 SET @saved_col_connection = @@collation_connection */ ;
/*!50003 SET character_set_client  = utf8mb4 */ ;
/*!50003 SET character_set_results = utf8mb4 */ ;
/*!50003 SET collation_connection  = utf8mb4_unicode_ci */ ;
/*!50003 SET @saved_sql_mode       = @@sql_mode */ ;
/*!50003 SET sql_mode              = 'NO_AUTO_VALUE_ON_ZERO' */ ;
DELIMITER ;;
CREATE DEFINER=`root`@`localhost` PROCEDURE `SP_getSuperficiesByIdDuenio`(




















    pIdDuenio  	  INT 




















)
BEGIN 




















    SELECT distinct S.* 




















	FROM tipossuperficie AS S




















	INNER JOIN canchas AS C ON C.idSuperficie = S.idSuperficie




















	INNER JOIN complejos AS CO ON CO.idcomplejo = C.idcomplejo




















	WHERE   C.idEstado = 1




















		AND CO.idestado = 1 




















		AND CO.idDuenio = pIdDuenio;




















END ;;
DELIMITER ;
/*!50003 SET sql_mode              = @saved_sql_mode */ ;
/*!50003 SET character_set_client  = @saved_cs_client */ ;
/*!50003 SET character_set_results = @saved_cs_results */ ;
/*!50003 SET collation_connection  = @saved_col_connection */ ;
/*!50003 DROP PROCEDURE IF EXISTS `SP_getTablaPosiciones` */;
/*!50003 SET @saved_cs_client      = @@character_set_client */ ;
/*!50003 SET @saved_cs_results     = @@character_set_results */ ;
/*!50003 SET @saved_col_connection = @@collation_connection */ ;
/*!50003 SET character_set_client  = utf8 */ ;
/*!50003 SET character_set_results = utf8 */ ;
/*!50003 SET collation_connection  = utf8_general_ci */ ;
/*!50003 SET @saved_sql_mode       = @@sql_mode */ ;
/*!50003 SET sql_mode              = 'NO_ENGINE_SUBSTITUTION' */ ;
DELIMITER ;;
CREATE DEFINER=`root`@`localhost` PROCEDURE `SP_getTablaPosiciones`(

	pIdTorneo	INT

)
BEGIN



	/* Comento por que no voy a grabar esta tabla <PI)>
	SELECT p.*, eq.nombre 
    FROM puntajesporfechas AS P 
    INNER JOIN equipos AS eq ON eq.idEquipo = p.idequipo
    WHERE P.idTorneo = pIdTorneo 
    AND idFecha = (select max(idfecha) from puntajesporfechas porfecha where idTorneo = pIdTorneo )
    ORDER BY P.cantPuntos DESC, eq.nombre;
    */
    SELECT 	idequipo1 as IdEquipo, 
			sum(puntos) as CantPuntos,
			sum(cant) as Jugados,
            sum(ganados) as Ganados, 
            sum(empatados) as Empatados, 
            sum(perdidos) as Perdidos, 
            eq.nombre
    FROM (	
			select   idequipo1, count(1) as cant,
					sum(if(gol1 > gol2,1,0)) as ganados, 
					sum(if(gol1 = gol2,1,0)) as empatados,
					sum(if(gol1 < gol2,1,0)) as perdidos,
					sum(if(gol1 > gol2,1,0)) * 3 + sum(if(gol1 = gol2,1,0)) as puntos
			from fixture 
			where idtorneo= pIdTorneo  and  jugado = 1
			group by idequipo1
            
			union all

			select  idequipo2,  count(1) as cant,
					sum(if(gol2 > gol1,1,0)) as ganados, 
					sum(if(gol2 = gol1,1,0)) as empatados,
					sum(if(gol2 < gol1,1,0)) as perdidos,
					sum(if(gol1 > gol2,1,0)) * 3 + sum(if(gol1 = gol2,1,0)) as puntos
			from fixture 
			where idtorneo= pIdTorneo   and jugado = 1
            group by idequipo2
		 ) as res
	INNER JOIN   equipos AS eq ON eq.idEquipo = res.idequipo1
	GROUP BY idequipo1
    ORDER BY 2 DESC, eq.nombre;

END ;;
DELIMITER ;
/*!50003 SET sql_mode              = @saved_sql_mode */ ;
/*!50003 SET character_set_client  = @saved_cs_client */ ;
/*!50003 SET character_set_results = @saved_cs_results */ ;
/*!50003 SET collation_connection  = @saved_col_connection */ ;
/*!50003 DROP PROCEDURE IF EXISTS `SP_getTarjetaCliente` */;
/*!50003 SET @saved_cs_client      = @@character_set_client */ ;
/*!50003 SET @saved_cs_results     = @@character_set_results */ ;
/*!50003 SET @saved_col_connection = @@collation_connection */ ;
/*!50003 SET character_set_client  = utf8 */ ;
/*!50003 SET character_set_results = utf8 */ ;
/*!50003 SET collation_connection  = utf8_general_ci */ ;
/*!50003 SET @saved_sql_mode       = @@sql_mode */ ;
/*!50003 SET sql_mode              = 'NO_AUTO_CREATE_USER,NO_ENGINE_SUBSTITUTION' */ ;
DELIMITER ;;
CREATE DEFINER=`root`@`localhost` PROCEDURE `SP_getTarjetaCliente`(pIdCliente INT(11))
SELECT NroTarjeta, Mes, Anio



from clientespagos



where IdCliente = pIdCliente ;;
DELIMITER ;
/*!50003 SET sql_mode              = @saved_sql_mode */ ;
/*!50003 SET character_set_client  = @saved_cs_client */ ;
/*!50003 SET character_set_results = @saved_cs_results */ ;
/*!50003 SET collation_connection  = @saved_col_connection */ ;
/*!50003 DROP PROCEDURE IF EXISTS `SP_getTiposDoc` */;
/*!50003 SET @saved_cs_client      = @@character_set_client */ ;
/*!50003 SET @saved_cs_results     = @@character_set_results */ ;
/*!50003 SET @saved_col_connection = @@collation_connection */ ;
/*!50003 SET character_set_client  = utf8mb4 */ ;
/*!50003 SET character_set_results = utf8mb4 */ ;
/*!50003 SET collation_connection  = utf8mb4_unicode_ci */ ;
/*!50003 SET @saved_sql_mode       = @@sql_mode */ ;
/*!50003 SET sql_mode              = 'NO_AUTO_VALUE_ON_ZERO' */ ;
DELIMITER ;;
CREATE DEFINER=`root`@`localhost` PROCEDURE `SP_getTiposDoc`()
BEGIN 




















    SELECT IdTipoDoc,




















           Descripcion 




















    FROM TiposDoc




















    WHERE IdEstado = 1; 




















    




















END ;;
DELIMITER ;
/*!50003 SET sql_mode              = @saved_sql_mode */ ;
/*!50003 SET character_set_client  = @saved_cs_client */ ;
/*!50003 SET character_set_results = @saved_cs_results */ ;
/*!50003 SET collation_connection  = @saved_col_connection */ ;
/*!50003 DROP PROCEDURE IF EXISTS `SP_getTipoTorneos` */;
/*!50003 SET @saved_cs_client      = @@character_set_client */ ;
/*!50003 SET @saved_cs_results     = @@character_set_results */ ;
/*!50003 SET @saved_col_connection = @@collation_connection */ ;
/*!50003 SET character_set_client  = utf8mb4 */ ;
/*!50003 SET character_set_results = utf8mb4 */ ;
/*!50003 SET collation_connection  = utf8mb4_unicode_ci */ ;
/*!50003 SET @saved_sql_mode       = @@sql_mode */ ;
/*!50003 SET sql_mode              = 'NO_AUTO_VALUE_ON_ZERO' */ ;
DELIMITER ;;
CREATE DEFINER=`root`@`localhost` PROCEDURE `SP_getTipoTorneos`(




















    pIdTipoTorneo  	  INT 




















)
BEGIN 




















    SELECT *




















    FROM TipoTorneos 




















    WHERE idtipoTorneo  = IFNULL(pIdTipoTorneo,idtipoTorneo);




















END ;;
DELIMITER ;
/*!50003 SET sql_mode              = @saved_sql_mode */ ;
/*!50003 SET character_set_client  = @saved_cs_client */ ;
/*!50003 SET character_set_results = @saved_cs_results */ ;
/*!50003 SET collation_connection  = @saved_col_connection */ ;
/*!50003 DROP PROCEDURE IF EXISTS `SP_getTorneoByIdTorneo` */;
/*!50003 SET @saved_cs_client      = @@character_set_client */ ;
/*!50003 SET @saved_cs_results     = @@character_set_results */ ;
/*!50003 SET @saved_col_connection = @@collation_connection */ ;
/*!50003 SET character_set_client  = utf8 */ ;
/*!50003 SET character_set_results = utf8 */ ;
/*!50003 SET collation_connection  = utf8_general_ci */ ;
/*!50003 SET @saved_sql_mode       = @@sql_mode */ ;
/*!50003 SET sql_mode              = 'NO_ENGINE_SUBSTITUTION' */ ;
DELIMITER ;;
CREATE DEFINER=`root`@`localhost` PROCEDURE `SP_getTorneoByIdTorneo`(

	pIdTorneo		INT

)
BEGIN

	SELECT 	t.idTorneo, 

			t.nombre, 

            tt.Nombre as tipo, 

            te.descripcion as estado, 

            t.CantEquipos, 

            t.CantJugadores ,

            s.Descripcion as 'superficie',

            t.idaYvuelta,

            t.tiempoPartido    ,

			t.PrecioInscripcion,

            Date_format(t.FecIniInscripcion,'%d/%m/%Y') as 'FecIniInscripcion',

			Date_format(t.FecFinInscripcion,'%d/%m/%Y') as 'FecFinInscripcion',

			t.HorasCancelacion	,

			Date_format(t.FechaInicio,'%d/%m/%Y') as 'FechaInicio',

			Date_format(t.FechaFin,'%d/%m/%Y') as 'FechaFin',

			t.Descripcion	  ,

			t.Reglas	 

	FROM torneos AS t

	INNER JOIN tipotorneos AS tt ON tt.idTipoTorneo = t.idTipoTorneo

	INNER JOIN torneosestados AS te ON te.idEstado = t.idEstado

    INNER JOIN tiposSuperficie AS s ON s.idSuperficie = t.idSuperficie

	WHERE t.idTorneo = pIdTorneo;

END ;;
DELIMITER ;
/*!50003 SET sql_mode              = @saved_sql_mode */ ;
/*!50003 SET character_set_client  = @saved_cs_client */ ;
/*!50003 SET character_set_results = @saved_cs_results */ ;
/*!50003 SET collation_connection  = @saved_col_connection */ ;
/*!50003 DROP PROCEDURE IF EXISTS `SP_getTorneosByDuenio` */;
/*!50003 SET @saved_cs_client      = @@character_set_client */ ;
/*!50003 SET @saved_cs_results     = @@character_set_results */ ;
/*!50003 SET @saved_col_connection = @@collation_connection */ ;
/*!50003 SET character_set_client  = utf8 */ ;
/*!50003 SET character_set_results = utf8 */ ;
/*!50003 SET collation_connection  = utf8_general_ci */ ;
/*!50003 SET @saved_sql_mode       = @@sql_mode */ ;
/*!50003 SET sql_mode              = 'NO_ENGINE_SUBSTITUTION' */ ;
DELIMITER ;;
CREATE DEFINER=`root`@`localhost` PROCEDURE `SP_getTorneosByDuenio`(


	pIdDuenio		INT,


    pTodos 			INT,


    pActivos		INT,


    pInscripcion	INT,


    pFinalizados	INT)
BEGIN


	


    IF (pTodos = 1) THEN


		SELECT t.idTorneo, t.nombre, tt.Nombre as tipo, te.descripcion, t.CantEquipos,  IFNULL(res.cant,0) as 'Inscriptos', t.CantJugadores 


		FROM torneos AS t


		INNER JOIN tipotorneos AS tt ON tt.idTipoTorneo = t.idTipoTorneo


		INNER JOIN torneosestados AS te ON te.idEstado = t.idEstado


		LEFT JOIN (select idtorneo, count(1) as cant 


					from torneosequipos


					group by idTorneo) as res ON res.idTorneo = t.idTorneo


		WHERE t.idDuenio = pIdDuenio


		ORDER BY 1;


	ELSE


		SELECT t.idTorneo, t.nombre, tt.Nombre as tipo, te.descripcion, t.CantEquipos,  IFNULL(res.cant,0) as 'Inscriptos', t.CantJugadores 


		FROM torneos AS t


		INNER JOIN tipotorneos AS tt ON tt.idTipoTorneo = t.idTipoTorneo


		INNER JOIN torneosestados AS te ON te.idEstado = t.idEstado


		LEFT JOIN (select idtorneo, count(1) as cant 


					from torneosequipos


					group by idTorneo) as res ON res.idTorneo = t.idTorneo


		WHERE t.idDuenio = pIdDuenio


        AND t.idEstado in (pActivos,pInscripcion,pFinalizados)


		ORDER BY 1;


    


    END IF;











END ;;
DELIMITER ;
/*!50003 SET sql_mode              = @saved_sql_mode */ ;
/*!50003 SET character_set_client  = @saved_cs_client */ ;
/*!50003 SET character_set_results = @saved_cs_results */ ;
/*!50003 SET collation_connection  = @saved_col_connection */ ;
/*!50003 DROP PROCEDURE IF EXISTS `SP_getTorneosByIdTorneo` */;
/*!50003 SET @saved_cs_client      = @@character_set_client */ ;
/*!50003 SET @saved_cs_results     = @@character_set_results */ ;
/*!50003 SET @saved_col_connection = @@collation_connection */ ;
/*!50003 SET character_set_client  = utf8 */ ;
/*!50003 SET character_set_results = utf8 */ ;
/*!50003 SET collation_connection  = utf8_general_ci */ ;
/*!50003 SET @saved_sql_mode       = @@sql_mode */ ;
/*!50003 SET sql_mode              = 'NO_ENGINE_SUBSTITUTION' */ ;
DELIMITER ;;
CREATE DEFINER=`root`@`localhost` PROCEDURE `SP_getTorneosByIdTorneo`(


	pIdTorneo		INT


)
BEGIN


	SELECT 	t.idTorneo, 


			t.nombre, 


            tt.Nombre as tipo, 


            te.descripcion as estado, 


            t.CantEquipos, 


            t.CantJugadores ,


            s.Descripcion as 'superficie',


            t.idaYvuelta,


            t.tiempoPartido    ,


			t.PrecioInscripcion,


			t.FecIniInscripcion	,


			t.FecFinInscripcion	,


			t.HorasCancelacion	,


			t.FechaInicio	  ,


			t.FechaFin	      ,


			t.Descripcion	  ,


			t.Reglas	 


	FROM torneos AS t


	INNER JOIN tipotorneos AS tt ON tt.idTipoTorneo = t.idTipoTorneo


	INNER JOIN torneosestados AS te ON te.idEstado = t.idEstado


    INNER JOIN tiposSuperficie AS s ON s.idSuperficie = t.idSuperficie


	WHERE t.idTorneo = pIdTorneo;


END ;;
DELIMITER ;
/*!50003 SET sql_mode              = @saved_sql_mode */ ;
/*!50003 SET character_set_client  = @saved_cs_client */ ;
/*!50003 SET character_set_results = @saved_cs_results */ ;
/*!50003 SET collation_connection  = @saved_col_connection */ ;
/*!50003 DROP PROCEDURE IF EXISTS `SP_getTorneosImagenes` */;
/*!50003 SET @saved_cs_client      = @@character_set_client */ ;
/*!50003 SET @saved_cs_results     = @@character_set_results */ ;
/*!50003 SET @saved_col_connection = @@collation_connection */ ;
/*!50003 SET character_set_client  = utf8mb4 */ ;
/*!50003 SET character_set_results = utf8mb4 */ ;
/*!50003 SET collation_connection  = utf8mb4_unicode_ci */ ;
/*!50003 SET @saved_sql_mode       = @@sql_mode */ ;
/*!50003 SET sql_mode              = 'NO_AUTO_VALUE_ON_ZERO' */ ;
DELIMITER ;;
CREATE DEFINER=`root`@`localhost` PROCEDURE `SP_getTorneosImagenes`(












    pIdTorneo  	  INT 












)
BEGIN 












    SELECT t.idtorneo, t.nombre, TI.url,  












    concat('http://localhost:8080/resergol1.1/api/Imagenes/torneos/',TI.url) as imagen, TI.fechaalta












    FROM torneosimagenes AS TI












    INNER JOIN torneos as T ON T.idtorneo = TI.idtorneo












    WHERE T.idtorneo = pIdTorneo












    ORDER BY 5;












END ;;
DELIMITER ;
/*!50003 SET sql_mode              = @saved_sql_mode */ ;
/*!50003 SET character_set_client  = @saved_cs_client */ ;
/*!50003 SET character_set_results = @saved_cs_results */ ;
/*!50003 SET collation_connection  = @saved_col_connection */ ;
/*!50003 DROP PROCEDURE IF EXISTS `SP_insertClientes` */;
/*!50003 SET @saved_cs_client      = @@character_set_client */ ;
/*!50003 SET @saved_cs_results     = @@character_set_results */ ;
/*!50003 SET @saved_col_connection = @@collation_connection */ ;
/*!50003 SET character_set_client  = utf8mb4 */ ;
/*!50003 SET character_set_results = utf8mb4 */ ;
/*!50003 SET collation_connection  = utf8mb4_unicode_ci */ ;
/*!50003 SET @saved_sql_mode       = @@sql_mode */ ;
/*!50003 SET sql_mode              = 'NO_AUTO_VALUE_ON_ZERO' */ ;
DELIMITER ;;
CREATE DEFINER=`root`@`localhost` PROCEDURE `SP_insertClientes`(




















    pUsuario	    VARCHAR(25),




















    pContrasenia	BLOB(30),




















    pNombre	      VARCHAR(60),




















    pApellido	    VARCHAR(60),




















    pIdTipoDoc 	  INT        ,




















    pNroDoc	      INT        ,   




















    pEmail	      VARCHAR(60),




















    OUT pIdCliente  INT




















)
BEGIN 




















    DECLARE Error INT DEFAULT 0;




















    DECLARE idPersonaAux INT DEFAULT 0;




















    DECLARE CONTINUE HANDLER FOR SQLEXCEPTION  SET Error = -1;




















    




















    




















	SELECT IFNULL(idPersona, 0) INTO idPersonaAux FROM personas WHERE  idTipoDoc = pIdTipoDoc and nroDoc = pNroDoc;




















    




















    




















    IF (idPersonaAux = 0) THEN  




















    	CALL SP_insertPersonas (pNombre, pApellido, pIdTipoDoc, 			pNroDoc,pEmail, @idPersona);




















    END IF;




















     




















    IF Error = 0 THEN




















        




















        INSERT INTO Clientes(IdPersona, 




















                            Usuario,




















                            Contrasenia,	




















                            IdEstado,	




















                            FechaAlta,	




















                            FechaBaja)




















        VALUES( @idPersona,




















                pUsuario, 




















                pContrasenia, 




















                1,




















                CURDATE(),




















                null );




















        




















    ELSE




















        SET pIdCliente = -1; 




















    END IF;




















    




















    




















    IF Error=-1 THEN




















        SET pIdCliente = -1; 




















    ELSE




















        SET pIdCliente = (SELECT MAX(idCliente) FROM Clientes); 




















    END IF;









































END ;;
DELIMITER ;
/*!50003 SET sql_mode              = @saved_sql_mode */ ;
/*!50003 SET character_set_client  = @saved_cs_client */ ;
/*!50003 SET character_set_results = @saved_cs_results */ ;
/*!50003 SET collation_connection  = @saved_col_connection */ ;
/*!50003 DROP PROCEDURE IF EXISTS `SP_insertComplejo` */;
/*!50003 SET @saved_cs_client      = @@character_set_client */ ;
/*!50003 SET @saved_cs_results     = @@character_set_results */ ;
/*!50003 SET @saved_col_connection = @@collation_connection */ ;
/*!50003 SET character_set_client  = utf8 */ ;
/*!50003 SET character_set_results = utf8 */ ;
/*!50003 SET collation_connection  = utf8_general_ci */ ;
/*!50003 SET @saved_sql_mode       = @@sql_mode */ ;
/*!50003 SET sql_mode              = 'NO_AUTO_CREATE_USER,NO_ENGINE_SUBSTITUTION' */ ;
DELIMITER ;;
CREATE DEFINER=`root`@`localhost` PROCEDURE `SP_insertComplejo`(OUT `pIdComplejo` INT, IN `pNombre` VARCHAR(60), IN `pDescripcion` VARCHAR(200), IN `pEstacionamiento` TINYINT, IN `pBuffet` TINYINT, IN `pDuchas` TINYINT, IN `pParrillas` TINYINT, IN `pWiFi` TINYINT, IN `pHoraCobroLuz` TIME, IN `pPorcentajeSeña` INT, IN `pHorasCancelacion` INT, IN `pTiempoReserva` TIME, IN `pEmail` VARCHAR(60), IN `pIdEstado` INT, IN `pIdDuenio` INT, IN `pPorcentajeLuz` INT, IN `pNroCelular` INT, IN `pNroTelefono` INT)
    NO SQL
BEGIN





	DECLARE Error INT DEFAULT 0;


    DECLARE CONTINUE HANDLER FOR SQLEXCEPTION  SET Error = -1;





INSERT INTO Complejos 


(


	Nombre


	, Descripcion


	, Estacionamiento


	, Buffet


	, Duchas


    , Parrillas


    , WiFi


    , HoraCobroLuz


    , PorcentajeSeña


    , HorasCancelacion


    , Email


    , IdEstado


    , IdDuenio


    , PorcentajeLuz


    , nroCelular


    , nroTelefono


)


VALUES 


(


	pNombre


    , pDescripcion


    , pEstacionamiento


    , pBuffet


    , pDuchas


    , pParrillas


    , pWiFi


    , pHoraCobroLuz


    , pPorcentajeSeña


    , pHorasCancelacion


    , pEmail


    , pIdEstado


    , pIdDuenio


    , pPorcentajeLuz


    , pNroCelular


    , pNroTelefono


);





    IF Error=-1 THEN


        SET pIdComplejo = -1; 


    ELSE


		SET pIdComplejo = (SELECT MAX(IdComplejo) FROM Complejos);


    END IF;





END ;;
DELIMITER ;
/*!50003 SET sql_mode              = @saved_sql_mode */ ;
/*!50003 SET character_set_client  = @saved_cs_client */ ;
/*!50003 SET character_set_results = @saved_cs_results */ ;
/*!50003 SET collation_connection  = @saved_col_connection */ ;
/*!50003 DROP PROCEDURE IF EXISTS `SP_insertComplejosDireccion` */;
/*!50003 SET @saved_cs_client      = @@character_set_client */ ;
/*!50003 SET @saved_cs_results     = @@character_set_results */ ;
/*!50003 SET @saved_col_connection = @@collation_connection */ ;
/*!50003 SET character_set_client  = utf8 */ ;
/*!50003 SET character_set_results = utf8 */ ;
/*!50003 SET collation_connection  = utf8_general_ci */ ;
/*!50003 SET @saved_sql_mode       = @@sql_mode */ ;
/*!50003 SET sql_mode              = 'NO_AUTO_CREATE_USER,NO_ENGINE_SUBSTITUTION' */ ;
DELIMITER ;;
CREATE DEFINER=`root`@`localhost` PROCEDURE `SP_insertComplejosDireccion`(IN `pIdComplejo` INT, IN `pCalle` VARCHAR(40), IN `pAltura` INT, IN `pIdLocalidad` INT, IN `pIdProvincia` INT, IN `pX` INT, IN `pY` INT, OUT `vResultado` INT)
    NO SQL
BEGIN





    DECLARE Error INT DEFAULT 0;


    DECLARE CONTINUE HANDLER FOR SQLEXCEPTION  SET Error = -1;





INSERT INTO complejosdireccion 


(


    IdComplejo


    ,Calle


    ,Altura


    ,IdLocalidad


    ,IdProvincia


    ,X


    ,Y


) 


VALUES 


(


    pIdComplejo


    ,pCalle


    ,pAltura


    ,pIdLocalidad


    ,pIdProvincia


    ,pX


    ,pY


);





    IF Error=-1 THEN


        SET vResultado = -1; 


    END IF;


    


END ;;
DELIMITER ;
/*!50003 SET sql_mode              = @saved_sql_mode */ ;
/*!50003 SET character_set_client  = @saved_cs_client */ ;
/*!50003 SET character_set_results = @saved_cs_results */ ;
/*!50003 SET collation_connection  = @saved_col_connection */ ;
/*!50003 DROP PROCEDURE IF EXISTS `SP_insertComplejosPagos` */;
/*!50003 SET @saved_cs_client      = @@character_set_client */ ;
/*!50003 SET @saved_cs_results     = @@character_set_results */ ;
/*!50003 SET @saved_col_connection = @@collation_connection */ ;
/*!50003 SET character_set_client  = utf8 */ ;
/*!50003 SET character_set_results = utf8 */ ;
/*!50003 SET collation_connection  = utf8_general_ci */ ;
/*!50003 SET @saved_sql_mode       = @@sql_mode */ ;
/*!50003 SET sql_mode              = 'NO_AUTO_CREATE_USER,NO_ENGINE_SUBSTITUTION' */ ;
DELIMITER ;;
CREATE DEFINER=`root`@`localhost` PROCEDURE `SP_insertComplejosPagos`(IN `pIdComplejo` INT, IN `pCBU` VARCHAR(22), IN `pNroCuenta` VARCHAR(18))
    NO SQL
BEGIN 


    DECLARE Error INT DEFAULT 0;


    DECLARE CONTINUE HANDLER FOR SQLEXCEPTION  SET Error = -1;





INSERT INTO complejospagos


(


    IdComplejo


    ,CBU


    ,NroCuenta


) 


VALUES 


(


    pIdComplejo


    ,pCBU


    ,pNroCuenta


);





END ;;
DELIMITER ;
/*!50003 SET sql_mode              = @saved_sql_mode */ ;
/*!50003 SET character_set_client  = @saved_cs_client */ ;
/*!50003 SET character_set_results = @saved_cs_results */ ;
/*!50003 SET collation_connection  = @saved_col_connection */ ;
/*!50003 DROP PROCEDURE IF EXISTS `SP_insertDiasComplejos` */;
/*!50003 SET @saved_cs_client      = @@character_set_client */ ;
/*!50003 SET @saved_cs_results     = @@character_set_results */ ;
/*!50003 SET @saved_col_connection = @@collation_connection */ ;
/*!50003 SET character_set_client  = utf8 */ ;
/*!50003 SET character_set_results = utf8 */ ;
/*!50003 SET collation_connection  = utf8_general_ci */ ;
/*!50003 SET @saved_sql_mode       = @@sql_mode */ ;
/*!50003 SET sql_mode              = 'NO_AUTO_CREATE_USER,NO_ENGINE_SUBSTITUTION' */ ;
DELIMITER ;;
CREATE DEFINER=`root`@`localhost` PROCEDURE `SP_insertDiasComplejos`(IN `pIdComplejo` INT, IN `pIdDiaDesde` INT, IN `pIdDiaHasta` INT, IN `pHoraDesde` TIME, IN `pHoraHasta` TIME)
    NO SQL
BEGIN





	DECLARE Error INT DEFAULT 0;


    DECLARE CONTINUE HANDLER FOR SQLEXCEPTION  SET Error = -1;


    


    INSERT INTO complejosdias 


    (


        IdComplejo


        ,IdDiaDesde


        ,IdDiaHasta


        ,HoraDesde


        ,HoraHasta


    ) 


    VALUES 


    (


        pIdComplejo


        ,pIdDiaDesde


        ,pIdDiaHasta


        ,pHoraDesde


        ,pHoraHasta


    );


    


END ;;
DELIMITER ;
/*!50003 SET sql_mode              = @saved_sql_mode */ ;
/*!50003 SET character_set_client  = @saved_cs_client */ ;
/*!50003 SET character_set_results = @saved_cs_results */ ;
/*!50003 SET collation_connection  = @saved_col_connection */ ;
/*!50003 DROP PROCEDURE IF EXISTS `SP_insertDuenios` */;
/*!50003 SET @saved_cs_client      = @@character_set_client */ ;
/*!50003 SET @saved_cs_results     = @@character_set_results */ ;
/*!50003 SET @saved_col_connection = @@collation_connection */ ;
/*!50003 SET character_set_client  = utf8mb4 */ ;
/*!50003 SET character_set_results = utf8mb4 */ ;
/*!50003 SET collation_connection  = utf8mb4_unicode_ci */ ;
/*!50003 SET @saved_sql_mode       = @@sql_mode */ ;
/*!50003 SET sql_mode              = 'NO_AUTO_VALUE_ON_ZERO' */ ;
DELIMITER ;;
CREATE DEFINER=`root`@`localhost` PROCEDURE `SP_insertDuenios`(




















    pUsuario	      VARCHAR(25),




















    pContrasenia	  BLOB(30),




















    pNombre	        VARCHAR(60),




















    pApellido	      VARCHAR(60),




















    pIdTipoDoc 	    INT        ,




















    pNroDoc	        INT        ,   




















    pEmail	        VARCHAR(60),




















    pNombreComplejo VARCHAR(60),




















    pNroTelef       VARCHAR(15),




















    pIdProv         INT,




















    pIdLoc          INT,




















    pDireccion	    VARCHAR(40),   




















    pNroCalle       INT, 




















    OUT pIdDuenio   INT




















)
BEGIN 




















	




















    




















    DECLARE Error INT DEFAULT 0;




















    DECLARE idPersonaAux INT DEFAULT 0;




















    DECLARE CONTINUE HANDLER FOR SQLEXCEPTION  SET Error = -1;




















    




















      




















      SELECT IFNULL(idPersona, 0) INTO idPersonaAux FROM personas WHERE idTipoDoc = pIdTipoDoc and nroDoc = pNroDoc;




















      




















      IF (idPersonaAux = 0) THEN 




















        CALL SP_insertPersonas (pNombre, pApellido, pIdTipoDoc, pNroDoc,pEmail, @idPersona);




















      END IF;




















      




















    




















     




















    IF (Error = 0) THEN




















        




















        INSERT INTO Duenios(IdPersona, 




















                            Usuario,




















                            Contrasenia,	




















                            IdEstado,	




















                            FechaAlta,	




















                            FechaBaja)




















        VALUES( @idPersona,




















                pUsuario, 




















                pContrasenia, 




















                1,




















                CURDATE(),




















                null );




















                




















         SET pIdDuenio = (SELECT MAX(idDuenio) FROM Duenios);        




















        




















            




















       




















       INSERT INTO DueniosPendientes(IdDuenio,




















                                      nombreComplejo,    




















                                      NroTelef,          




















                                      Calle,	          




















                                      Altura,	         




















                                      IdLocalidad,




















                                      IdProvincia)




















        VALUES( pIdDuenio,




















                pNombreComplejo,




















                pNroTelef, 




















                pDireccion,




















                pNroCalle,




















                pIdLoc,




















                pIdProv);




















    




















				




















    ELSE




















        SET pIdDuenio = -1; 




















    END IF;




















    




















    




















    IF (Error=-1 OR pIdDuenio = -1) THEN




















        SET pIdDuenio = -1; 




















        




















    END IF;




















END ;;
DELIMITER ;
/*!50003 SET sql_mode              = @saved_sql_mode */ ;
/*!50003 SET character_set_client  = @saved_cs_client */ ;
/*!50003 SET character_set_results = @saved_cs_results */ ;
/*!50003 SET collation_connection  = @saved_col_connection */ ;
/*!50003 DROP PROCEDURE IF EXISTS `SP_insertFixtureCopa` */;
/*!50003 SET @saved_cs_client      = @@character_set_client */ ;
/*!50003 SET @saved_cs_results     = @@character_set_results */ ;
/*!50003 SET @saved_col_connection = @@collation_connection */ ;
/*!50003 SET character_set_client  = utf8 */ ;
/*!50003 SET character_set_results = utf8 */ ;
/*!50003 SET collation_connection  = utf8_general_ci */ ;
/*!50003 SET @saved_sql_mode       = @@sql_mode */ ;
/*!50003 SET sql_mode              = 'NO_ENGINE_SUBSTITUTION' */ ;
DELIMITER ;;
CREATE DEFINER=`root`@`localhost` PROCEDURE `SP_insertFixtureCopa`(
  pIdTorneo	   INT,
  pLimite	   INT
)
BEGIN 

	DECLARE done INT DEFAULT FALSE;
    DECLARE vidReserva INT;
    DECLARE vidEquipo INT;
    DECLARE i INT;
    DECLARE vFase INT;
    DECLARE vLimiteFase INT;
    
	
    DECLARE cur1 CURSOR FOR SELECT idreserva from tmpEquipos where pIdTorneo =pIdTorneo;
    DECLARE cur2 CURSOR FOR SELECT idequipo from torneosequipos where IdTorneo =pIdTorneo order by idequipo limit pLimite;
    DECLARE cur3 CURSOR FOR SELECT idequipo from torneosequipos where IdTorneo =pIdTorneo order by idequipo desc limit pLimite;

	DECLARE CONTINUE HANDLER FOR NOT FOUND SET done = TRUE;
    
    /*Cantidad de */
    SET vFase = (select case CantEquipos when 32 then 1 
						when 16 then 2
                        when 8 then 3
                        when 4 then 4
						end
				from torneos where IdTorneo = pIdTorneo);


    /*Cargo la tabla de fixture con los datos que tengo*/
	INSERT INTO fixture( idTorneo,
						 idFecha,
						 idReserva,
						 IdEquipo1,
						 IdEquipo2,
                         jugado
						 )
	SELECT  t.idTorneo,
			vFase,
			R.idReserva,
			1,2,
            1
	FROM reservas as R
	INNER JOIN torneos as T on t.idTorneo = R.idTorneo
	WHERE T.idtorneo = pIdTorneo
	ORDER BY R.fecha
	LIMIT pLimite;
    
    SET vFase = vFase +1;
    SET vLimiteFase = pLimite/2;
    
    /*Sigo llenando el fixture por fases*/
	WHILE vFase <= 5 DO /*5 es la fase de la final*/
    
		
		INSERT INTO fixture( idTorneo,
							 idFecha,
							 idReserva,
							 IdEquipo1,
							 IdEquipo2
							 )
		SELECT  t.idTorneo,
				vFase,
				R.idReserva,
				0,0
		FROM reservas as R
		INNER JOIN torneos as T on t.idTorneo = R.idTorneo
		WHERE T.idtorneo = pIdTorneo
		AND not exists(select res.idReserva
						from reservas res
                        inner join fixture f on f.idreserva = res.idreserva
                        where res.idtorneo =pIdTorneo and R.idReserva = res.idreserva)
		ORDER BY R.fecha
		LIMIT vLimiteFase;
		  
		SET vFase = vFase +1;
        SET vLimiteFase = vLimiteFase/2;
      
	END WHILE;
    
    
    

	/*Cargo la temporal de trabajo*/
    INSERT INTO tmpEquipos (idtorneo , idReserva)
	SELECT  t.idTorneo,
			R.idReserva
	FROM reservas as R
	INNER JOIN torneos as T on t.idTorneo = R.idTorneo
	WHERE T.idtorneo = pIdTorneo
	ORDER BY R.fecha
	LIMIT pLimite;

    SET i =1;

    /*Cursor de posiciones*/ 
	OPEN cur1;
	read_loop: LOOP

		FETCH cur1 INTO vidReserva;
		IF done THEN
		  LEAVE read_loop;
		END IF;

		UPDATE tmpEquipos
        SET posicion = i
        WHERE idreserva = vidReserva;

         SET i =i + 1;
	END LOOP;

    CLOSE cur1;

	/*Cursor de equipo 1*/ 
    SET done = false;
    SET i =1;
	
    OPEN cur2;

	read_loop: LOOP
		FETCH cur2 INTO vidEquipo;
		
        IF done THEN
		  LEAVE read_loop;
		END IF;

		UPDATE tmpEquipos
        SET idequipo1 = vidEquipo
        WHERE posicion = i;
		SET i =i + 1;
	END LOOP;


	CLOSE cur2;

	/*Cursor de equipo 2*/ 
    SET done = false;
    SET i =1;

	OPEN cur3;
	read_loop: LOOP
		FETCH cur3 INTO vidEquipo;
        
		IF done THEN
		  LEAVE read_loop;
		END IF;

		UPDATE tmpEquipos
        SET idequipo2 = vidEquipo
        WHERE posicion = i;
		
        SET i =i + 1;
	END LOOP;

	CLOSE cur3;

    /*Finalizo el fixture*/

    UPDATE fixture as f
	INNER JOIN  tmpEquipos as t ON f.idTorneo = t.idtorneo AND f.idReserva = t.idReserva
	SET f.IdEquipo1 = t.IdEquipo1,
		f.IdEquipo2 = t.IdEquipo2;
    /*Borro la tabla temporal*/

    DELETE FROM tmpEquipos WHERE idTorneo = pIdTorneo;
END ;;
DELIMITER ;
/*!50003 SET sql_mode              = @saved_sql_mode */ ;
/*!50003 SET character_set_client  = @saved_cs_client */ ;
/*!50003 SET character_set_results = @saved_cs_results */ ;
/*!50003 SET collation_connection  = @saved_col_connection */ ;
/*!50003 DROP PROCEDURE IF EXISTS `SP_insertFixtureLiga` */;
/*!50003 SET @saved_cs_client      = @@character_set_client */ ;
/*!50003 SET @saved_cs_results     = @@character_set_results */ ;
/*!50003 SET @saved_col_connection = @@collation_connection */ ;
/*!50003 SET character_set_client  = utf8 */ ;
/*!50003 SET character_set_results = utf8 */ ;
/*!50003 SET collation_connection  = utf8_general_ci */ ;
/*!50003 SET @saved_sql_mode       = @@sql_mode */ ;
/*!50003 SET sql_mode              = 'NO_ENGINE_SUBSTITUTION' */ ;
DELIMITER ;;
CREATE DEFINER=`root`@`localhost` PROCEDURE `SP_insertFixtureLiga`(




	pIdTorneo	   INT,




	pLimite	   INT




)
BEGIN




	DECLARE done INT DEFAULT FALSE;




	DECLARE vfecha INT;




    DECLARE vCantEquipos INT;




    DECLARE vCantPartFecha INT;




    DECLARE vCantFechas INT;




    DECLARE vIdayvuelta INT;




    DECLARE vidReserva INT;




	DECLARE vidEquipo INT;




	DECLARE i INT;




    DECLARE vPos INT;




	DECLARE vContFechas INT;




    DECLARE vContPartidos INT;




	DECLARE vEquipo1	INT;




    DECLARE vEquipo2	INT;




    




    




    




    




    




    DECLARE cur1 CURSOR FOR SELECT idreserva from tmpEquipos where pIdTorneo =pIdTorneo;




 




	DECLARE CONTINUE HANDLER FOR NOT FOUND SET done = TRUE;




    




	SELECT CantEquipos, idayVuelta INTO vCantEquipos, vIdayvuelta FROM torneos WHERE idtorneo = pIdTorneo;




    SET vCantPartFecha = vCantEquipos/2 ;




    




    IF vIdayvuelta = 0 THEN




		  SET vCantFechas = vCantEquipos - 1;




    ELSE




		SET vCantFechas = (vCantEquipos - 1) * 2;




    END IF;




    




    SET vfecha = 1;









	/*Cargo la tabla de fixture con los datos que tengo*/




	INSERT INTO fixture( idTorneo,




						 idFecha,




						 idReserva,




						 IdEquipo1,




						 IdEquipo2,




                         gol1, 




                         gol2, jugado




						 )




	SELECT  t.idTorneo,




			R.idReserva,




			R.idReserva,




			0,0,0,0,1




	FROM reservas as R




	INNER JOIN torneos as T on t.idTorneo = R.idTorneo




	WHERE T.idtorneo = pIdTorneo




	ORDER BY R.fecha;




    









    




    /*Para las fechas*/




	WHILE vfecha <= vCantFechas DO




	




		INSERT INTO tmpEquipos ( idtorneo , idReserva, idFecha)




		SELECT  t.idTorneo,




				R.idReserva,




                vfecha




		FROM reservas as R




		INNER JOIN torneos as T on t.idTorneo = R.idTorneo




		WHERE T.idtorneo = pIdTorneo




		AND NOT EXISTS (select idTorneo,idReserva from tmpEquipos where idTorneo =t.idTorneo and idReserva = R.idReserva)




		ORDER BY R.idReserva




		LIMIT vCantPartFecha;




      




		SET vfecha =vfecha+1;




		




	END WHILE;




    









     




    /*Cursor de posiciones*/




	SET i =1;




	OPEN cur1;




       




	read_loop: LOOP




		FETCH cur1 INTO vidReserva;




		




		IF done THEN




		  LEAVE read_loop;




		END IF;









		UPDATE tmpEquipos




        SET posicion = i




        WHERE idreserva = vidReserva;




        




         SET i =i + 1;




	END LOOP;




	




    CLOSE cur1;




    




    




    /*Para la temporal de quipos*/




    SET vContFechas = 1;




    SET vContPartidos = 1;




    SET vPos = 1;




     









    WHILE vContFechas <= vCantFechas DO




		




        SET vContPartidos = 1;




        




        WHILE vContPartidos <= vCantPartFecha DO




	




            IF ((vIdayvuelta = 0) OR (vIdayvuelta = 1 and vContFechas <= vCantFechas/2)) THEN




		




				select a.IdEquipo, b.IdEquipo  INTO vEquipo1, vEquipo2




				from torneosequipos as a




				inner join torneosequipos as b on a.idtorneo = b.idTorneo and a.IdEquipo != b.IdEquipo




				where a.IdTorneo=pIdTorneo




				and not exists (select 1 




								from tmpEquipos 




								where (IdEquipo1 = a.IdEquipo AND IdEquipo2 = b.IdEquipo)




										OR




									  (IdEquipo1 = b.IdEquipo AND IdEquipo2 = a.IdEquipo)




								) 




				and not exists (select 1 




								from tmpEquipos 




								where ((IdEquipo1 = a.IdEquipo OR IdEquipo2 = b.IdEquipo)




										OR




									  (IdEquipo1 = b.IdEquipo OR IdEquipo2 = a.IdEquipo))




									  AND idfecha =vContFechas




								) 




				limit 1;




                




			ELSE




			




				select  a.IdEquipo2,  a.IdEquipo1 INTO vEquipo1, vEquipo2




				from tmpEquipos as a




				where a.idtorneo = pIdTorneo and a.posicion =  vPos - (vCantFechas * 2)




				limit 1;




            




            END IF;




            




            UPDATE tmpEquipos




			SET idequipo1 = vEquipo1 ,




				idequipo2 = vEquipo2




			WHERE posicion =vPos;




			




			SET vContPartidos =vContPartidos +1;




			SET vPos = vPos +1;




		END WHILE;




        




		set vContFechas = vContFechas +1;




    END WHILE;




    




     /*Finalizo el fixture*/




    UPDATE fixture as f




	INNER JOIN  tmpEquipos as t ON f.idTorneo = t.idtorneo AND f.idReserva = t.idReserva




	SET f.IdEquipo1 = t.IdEquipo1,




		f.IdEquipo2 = t.IdEquipo2,




        f.idfecha = t.idfecha;




        




    /*Borro la tabla temporal*/




    DELETE FROM tmpEquipos WHERE idTorneo = pIdTorneo;









END ;;
DELIMITER ;
/*!50003 SET sql_mode              = @saved_sql_mode */ ;
/*!50003 SET character_set_client  = @saved_cs_client */ ;
/*!50003 SET character_set_results = @saved_cs_results */ ;
/*!50003 SET collation_connection  = @saved_col_connection */ ;
/*!50003 DROP PROCEDURE IF EXISTS `SP_insertImagen` */;
/*!50003 SET @saved_cs_client      = @@character_set_client */ ;
/*!50003 SET @saved_cs_results     = @@character_set_results */ ;
/*!50003 SET @saved_col_connection = @@collation_connection */ ;
/*!50003 SET character_set_client  = utf8mb4 */ ;
/*!50003 SET character_set_results = utf8mb4 */ ;
/*!50003 SET collation_connection  = utf8mb4_unicode_ci */ ;
/*!50003 SET @saved_sql_mode       = @@sql_mode */ ;
/*!50003 SET sql_mode              = 'NO_AUTO_CREATE_USER,NO_ENGINE_SUBSTITUTION' */ ;
DELIMITER ;;
CREATE DEFINER=`root`@`localhost` PROCEDURE `SP_insertImagen`(OUT `pValor` INT(11), IN `pIdComplejo` INT(11), IN `pIdCancha` INT(11), IN `pIdImagen` INT(11), IN `pBytesArchivo` BLOB)
BEGIN 




















    DECLARE Error INT DEFAULT 0;




















    DECLARE CONTINUE HANDLER FOR SQLEXCEPTION  SET Error = -1;




















    




















        INSERT INTO canchasimagenes(IdComplejo,IdCancha,IdImagen,Imagen)




















        VALUES(pIdComplejo,




















                pIdCancha, 




















                pIdImagen, 




















                pBytesArchivo);




















    




















    IF Error=-1 THEN




















        SET pValor = -1; 




















    ELSE




















        SET pValor = (SELECT MAX(IdImagen) FROM canchasimagenes); 




















    END IF;









































END ;;
DELIMITER ;
/*!50003 SET sql_mode              = @saved_sql_mode */ ;
/*!50003 SET character_set_client  = @saved_cs_client */ ;
/*!50003 SET character_set_results = @saved_cs_results */ ;
/*!50003 SET collation_connection  = @saved_col_connection */ ;
/*!50003 DROP PROCEDURE IF EXISTS `SP_insertPersonas` */;
/*!50003 SET @saved_cs_client      = @@character_set_client */ ;
/*!50003 SET @saved_cs_results     = @@character_set_results */ ;
/*!50003 SET @saved_col_connection = @@collation_connection */ ;
/*!50003 SET character_set_client  = utf8mb4 */ ;
/*!50003 SET character_set_results = utf8mb4 */ ;
/*!50003 SET collation_connection  = utf8mb4_unicode_ci */ ;
/*!50003 SET @saved_sql_mode       = @@sql_mode */ ;
/*!50003 SET sql_mode              = 'NO_AUTO_VALUE_ON_ZERO' */ ;
DELIMITER ;;
CREATE DEFINER=`root`@`localhost` PROCEDURE `SP_insertPersonas`(




















    pNombre	    VARCHAR(60),




















    pApellido	  VARCHAR(60),




















    pIdTipoDoc	INT        ,




















    pNroDoc	    INT        ,   




















    pEmail	    VARCHAR(60),




















    OUT pIdPersona  INT




















)
BEGIN 




















    DECLARE Error INT DEFAULT 0;




















    DECLARE CONTINUE HANDLER FOR SQLEXCEPTION  SET Error = -1;




















     




















    




















    




















    




















    INSERT INTO Personas(Nombre, 




















                        ApellidO,




















                        IdTipoDoc,




















                        NroDoc,




















                        Email)




















    VALUES( pNombre,




















            pApellido, 




















            pIdTipoDoc, 




















            pNroDoc,




















            pEmail);




















            




















    IF Error=-1 THEN




















        SET pIdPersona = -1; 




















    ELSE




















        SET pIdPersona = (SELECT MAX(IdPersona) FROM Personas); 




















    END IF;









































END ;;
DELIMITER ;
/*!50003 SET sql_mode              = @saved_sql_mode */ ;
/*!50003 SET character_set_client  = @saved_cs_client */ ;
/*!50003 SET character_set_results = @saved_cs_results */ ;
/*!50003 SET collation_connection  = @saved_col_connection */ ;
/*!50003 DROP PROCEDURE IF EXISTS `SP_insertReservasTorneo` */;
/*!50003 SET @saved_cs_client      = @@character_set_client */ ;
/*!50003 SET @saved_cs_results     = @@character_set_results */ ;
/*!50003 SET @saved_col_connection = @@collation_connection */ ;
/*!50003 SET character_set_client  = utf8 */ ;
/*!50003 SET character_set_results = utf8 */ ;
/*!50003 SET collation_connection  = utf8_general_ci */ ;
/*!50003 SET @saved_sql_mode       = @@sql_mode */ ;
/*!50003 SET sql_mode              = 'NO_ENGINE_SUBSTITUTION' */ ;
DELIMITER ;;
CREATE DEFINER=`root`@`localhost` PROCEDURE `SP_insertReservasTorneo`( 




    pIdTorneo	   INT




    )
BEGIN 




	




    DECLARE Error INT DEFAULT 0;




	DECLARE vCantDePartidos INT DEFAULT 0;




    DECLARE vCantDisponible INT DEFAULT 0;




    DECLARE vCantHorasReserva INT DEFAULT 0;




    DECLARE vTipoTorneo	INT;




    DECLARE vCantFixture INT;




    DECLARE vResultado	varchar(100);




    DECLARE vAux	varchar(100);




    




    DECLARE CONTINUE HANDLER FOR SQLEXCEPTION  SET Error = -1;




    START TRANSACTION;




    




	/*Obtengo la cantidad de partidos del torneo*/




    SET vTipoTorneo = (select idTipoTorneo from torneos where idTorneo = pIdTorneo);




    




    IF vTipoTorneo = 1 THEN /*Liga*/




		SET vCantDePartidos = (select  ((CantEquipos/2) * (CantEquipos-1)) * if(IdaYvuelta = 0, 1,2) 




								from torneos where idtorneo = pIdTorneo);




	ELSE




		SET vCantDePartidos = (select if(IdaYvuelta = 0, CantEquipos, (CantEquipos*2)) 




								from torneos where idtorneo = pIdTorneo);




                                




		SET vCantFixture = (select if(IdaYvuelta = 0, (vCantDePartidos/2), (vCantDePartidos/4) ) 




								from torneos where idtorneo = pIdTorneo);




    END IF;




    




                            




	/*Obtengo la cantidad de horas de reserva*/




    SET vCantHorasReserva = (select if(tiempoPartido <=60,1,2) from torneos where idtorneo = pIdTorneo);




                            




	/*Obtengo la cantidad disponible*/




	SET vCantDisponible = (SELECT count(1)

							FROM torneos as t




							INNER JOIN complejos c ON c.idduenio = t.idDuenio




							INNER JOIN torneosdias as td ON td.idtorneo = t.idtorneo




							INNER JOIN torneoscanchas as tc ON tc.idtorneo = t.idtorneo




							INNER JOIN calendario as ca ON ca.idDia = td.IdDia




							INNER JOIN horas as H ON H.hora >= td.HoraDesde and H.hora < td.HoraHasta




							WHERE t.idtorneo= pIdTorneo




								AND ca.fecha between t.FechaInicio and t.FechaFin 




                                AND  MOD(hour(H.hora),vCantHorasReserva)  = MOD(hour(td.HoraDesde),vCantHorasReserva)




								AND not exists(select idcomplejo




												from reservas R




												where R.idcomplejo = c.IdComplejo




												and R.idCancha = tc.idcancha




												and R.fecha = ca.fecha




												and h.hora >= HoraInicio and h.hora < horafin));




   




   /*Si hay disponibles hago la reserva*/




   IF vCantDePartidos <= vCantDisponible THEN




		INSERT INTO reservas(IdCliente, 




                            IdComplejo,




                            IdCancha,	




                            Fecha,	




                            HoraInicio,	




                            HoraFin,




                            APagar,




                            Pagado, 




                            PorcentajePago,




                            IdEstado,




                            FechaReserva,




                            idTorneo)




		SELECT  32, /*cliente 32 es torneo*/




				c.IdComplejo,




                tc.IdCancha,




				ca.fecha, 




                h.hora,




                DATE_ADD(hora,INTERVAL vCantHorasReserva hour),




                0.0,




                0.0,




                0,




                1,




                CURDATE(),




                t.IdTorneo




		FROM torneos as t




		INNER JOIN complejos c ON c.idduenio = t.idDuenio




		INNER JOIN torneosdias as td on td.idtorneo = t.idtorneo




		INNER JOIN torneoscanchas as tc on tc.idtorneo = t.idtorneo




		INNER JOIN calendario as ca on ca.idDia = td.IdDia




		INNER JOIN horas as H on H.hora >= td.HoraDesde and H.hora < td.HoraHasta




		WHERE t.idtorneo= pIdTorneo




			AND ca.fecha between t.FechaInicio and t.FechaFin 




            AND  MOD(hour(H.hora),vCantHorasReserva)  = MOD(hour(td.HoraDesde),vCantHorasReserva)




			AND not exists(select idcomplejo




							from reservas R




							where R.idcomplejo = c.IdComplejo




							and R.idCancha = tc.idcancha




							and R.fecha = ca.fecha




							and h.hora >= HoraInicio and h.hora < horafin)




		ORDER BY ca.fecha,  tc.IdCancha, h.hora




		LIMIT vCantDePartidos;




		




        IF (Error = 0) THEN




			IF vTipoTorneo = 1 THEN /*Liga*/




				CALL SP_insertFixtureLiga(pIdTorneo,  vCantDePartidos/vCantFixture);




            ELSE




				CALL SP_insertFixtureCopa(pIdTorneo, vCantFixture); /*COPA*/




            END IF;    




		ELSE




			SET vResultado =(SELECT 'Se produjo un error.');




            ROLLBACK;




		END IF;




   ELSE




		SET vResultado =(SELECT 'No hay lugar disponible. Cambie las fechas del torneo.');




        ROLLBACK;




   END IF;




   




    IF (Error = 0) THEN




		SET vResultado =(SELECT 'OK.');




        COMMIT;




    ELSE




		SET vResultado =(SELECT 'Se produjo un error.');




        ROLLBACK;




	END IF;




   




	SELECT vResultado as Res;




    /*SELECT vResultado as Res, vAux;*/




    /*SELECT vCantDePartidos as Res, vCantDisponible, vCantHorasReserva;*/




    









END ;;
DELIMITER ;
/*!50003 SET sql_mode              = @saved_sql_mode */ ;
/*!50003 SET character_set_client  = @saved_cs_client */ ;
/*!50003 SET character_set_results = @saved_cs_results */ ;
/*!50003 SET collation_connection  = @saved_col_connection */ ;
/*!50003 DROP PROCEDURE IF EXISTS `SP_InsertReservaTemp` */;
/*!50003 SET @saved_cs_client      = @@character_set_client */ ;
/*!50003 SET @saved_cs_results     = @@character_set_results */ ;
/*!50003 SET @saved_col_connection = @@collation_connection */ ;
/*!50003 SET character_set_client  = utf8mb4 */ ;
/*!50003 SET character_set_results = utf8mb4 */ ;
/*!50003 SET collation_connection  = utf8mb4_unicode_ci */ ;
/*!50003 SET @saved_sql_mode       = @@sql_mode */ ;
/*!50003 SET sql_mode              = 'NO_AUTO_CREATE_USER,NO_ENGINE_SUBSTITUTION' */ ;
DELIMITER ;;
CREATE DEFINER=`root`@`localhost` PROCEDURE `SP_InsertReservaTemp`(IN `pIdCancha` INT(11), IN `pIdComplejo` INT(11), OUT `pValor` INT)
BEGIN 





    DECLARE Error INT DEFAULT 0;


    DECLARE CONTINUE HANDLER FOR SQLEXCEPTION  SET Error = -1;





 





    





    








        INSERT INTO reservastemporal(idComplejo, idCancha)











        VALUES( pIdComplejo, pIdCancha);





	





    IF Error=-1 THEN





        SET pValor = -1; 





    ELSE











        SET pValor = 1; 











    END IF;







































































END ;;
DELIMITER ;
/*!50003 SET sql_mode              = @saved_sql_mode */ ;
/*!50003 SET character_set_client  = @saved_cs_client */ ;
/*!50003 SET character_set_results = @saved_cs_results */ ;
/*!50003 SET collation_connection  = @saved_col_connection */ ;
/*!50003 DROP PROCEDURE IF EXISTS `SP_insertTarjeta` */;
/*!50003 SET @saved_cs_client      = @@character_set_client */ ;
/*!50003 SET @saved_cs_results     = @@character_set_results */ ;
/*!50003 SET @saved_col_connection = @@collation_connection */ ;
/*!50003 SET character_set_client  = utf8mb4 */ ;
/*!50003 SET character_set_results = utf8mb4 */ ;
/*!50003 SET collation_connection  = utf8mb4_unicode_ci */ ;
/*!50003 SET @saved_sql_mode       = @@sql_mode */ ;
/*!50003 SET sql_mode              = 'NO_AUTO_CREATE_USER,NO_ENGINE_SUBSTITUTION' */ ;
DELIMITER ;;
CREATE DEFINER=`root`@`localhost` PROCEDURE `SP_insertTarjeta`(IN `pIdCliente` INT(11), IN `pNroTarjeta` VARCHAR(16), IN `pMes` INT(2), IN `pAnio` INT(2), IN `pCodigo` BLOB, OUT `pValor` INT)
BEGIN 









    DECLARE Error INT DEFAULT 0;




	DECLARE EXISTE INT DEFAULT 0;









    DECLARE CONTINUE HANDLER FOR SQLEXCEPTION  SET Error = -1;




	




    









    set EXISTE = (SELECT count(*) FROM clientespagos where IdCliente = pIdCliente);




    




    




	IF EXISTE = 0 THEN




        INSERT INTO clientespagos(IdCliente, 




                            NroTarjeta,




                            Mes,	




                            Anio,	




                            Codigo)









        VALUES( pIdCliente,




                pNroTarjeta, 




                pMes, 




                pAnio,




               	pCodigo);




	ELSE




    	UPDATE clientespagos




        SET NroTarjeta = pNroTarjeta,




        	Mes = pMes,




            Anio = pAnio,




            Codigo = pCodigo;









    END IF;




    	









    IF Error=-1 THEN




        SET pValor = -1; 




    ELSE









        SET pValor = 1; 









    END IF;



























































END ;;
DELIMITER ;
/*!50003 SET sql_mode              = @saved_sql_mode */ ;
/*!50003 SET character_set_client  = @saved_cs_client */ ;
/*!50003 SET character_set_results = @saved_cs_results */ ;
/*!50003 SET collation_connection  = @saved_col_connection */ ;
/*!50003 DROP PROCEDURE IF EXISTS `SP_insertTorneos` */;
/*!50003 SET @saved_cs_client      = @@character_set_client */ ;
/*!50003 SET @saved_cs_results     = @@character_set_results */ ;
/*!50003 SET @saved_col_connection = @@collation_connection */ ;
/*!50003 SET character_set_client  = utf8mb4 */ ;
/*!50003 SET character_set_results = utf8mb4 */ ;
/*!50003 SET collation_connection  = utf8mb4_unicode_ci */ ;
/*!50003 SET @saved_sql_mode       = @@sql_mode */ ;
/*!50003 SET sql_mode              = 'NO_AUTO_VALUE_ON_ZERO' */ ;
DELIMITER ;;
CREATE DEFINER=`root`@`localhost` PROCEDURE `SP_insertTorneos`(







    pIdDuenio	        INT          ,







	pIdTipoTorneo	    INT          ,







	pNombre	          	VARCHAR(30)  ,







	pCantEquipos	    INT          ,







	pCantJugadores	    INT          ,







	pIdSuperficie	    INT          ,







	pIdaYvuelta	      	BOOL         ,







    ptiempoPartido      INT          ,







	pPrecioInscripcion	DOUBLE(6,2)  ,







	pFecIniInscripcion	VARCHAR(10)  ,







	pFecFinInscripcion	VARCHAR(10)  ,







	pHorasCancelacion	INT          ,







	pFechaInicio	    VARCHAR(10)  ,







	pFechaFin	        VARCHAR(10)  ,







	pDescripcion	    VARCHAR(300) ,







	pReglas	          	VARCHAR(300) ,







	pIdEstado	        INT          ,







    OUT pIdTorneo   	INT







)
BEGIN 







	







    /*call SP_insertTorneos(1, 2, 'Libertadores',16,11,3, false,200.00,'20/05/2016', '30/05/2016', 24,'05/06/2016','05/09/2016','Este es el primer torneo', 'Reglas: las de un torneo de 11',3,  @du);















select @du;*/







    DECLARE Error INT DEFAULT 0;







    DECLARE CONTINUE HANDLER FOR SQLEXCEPTION  SET Error = -1;







  







	INSERT INTO Torneos	(IdDuenio	      ,







						 IdTipoTorneo	  ,







						 Nombre	          ,







						 CantEquipos	      ,







						 CantJugadores	  ,







						 IdSuperficie	  ,







						 IdaYvuelta	      ,







                         tiempoPartido,







						 PrecioInscripcion	,







						 FecIniInscripcion	,







						 FecFinInscripcion	,







						 HorasCancelacion	,







						 FechaInicio	      ,







						 FechaFin	      ,







						 Descripcion	      ,







						 Reglas	,          







						 IdEstado







							)	        







	VALUES( pIdDuenio	        ,







			pIdTipoTorneo	    ,







			pNombre	          	,







			pCantEquipos	    ,







			pCantJugadores	    ,







			pIdSuperficie	    ,







			pIdaYvuelta	      	,







            ptiempoPartido      ,







			pPrecioInscripcion	,







			STR_TO_DATE(pFecIniInscripcion, '%d/%m/%Y'),







            STR_TO_DATE(pFecFinInscripcion, '%d/%m/%Y'),







			pHorasCancelacion	,







            STR_TO_DATE(pFechaInicio, '%d/%m/%Y'),







            STR_TO_DATE(pFechaFin, '%d/%m/%Y'),







			pDescripcion	    ,







			pReglas	          	,







			pIdEstado	        







			);  







			







	SET pIdTorneo = (SELECT MAX(IdTorneo) FROM Torneos);  







	







	IF (Error=-1)  THEN







        SET pIdTorneo = -1; /*Devuelve -1 en caso de error*/







    END IF;







END ;;
DELIMITER ;
/*!50003 SET sql_mode              = @saved_sql_mode */ ;
/*!50003 SET character_set_client  = @saved_cs_client */ ;
/*!50003 SET character_set_results = @saved_cs_results */ ;
/*!50003 SET collation_connection  = @saved_col_connection */ ;
/*!50003 DROP PROCEDURE IF EXISTS `SP_insertTorneosCanchas` */;
/*!50003 SET @saved_cs_client      = @@character_set_client */ ;
/*!50003 SET @saved_cs_results     = @@character_set_results */ ;
/*!50003 SET @saved_col_connection = @@collation_connection */ ;
/*!50003 SET character_set_client  = utf8mb4 */ ;
/*!50003 SET character_set_results = utf8mb4 */ ;
/*!50003 SET collation_connection  = utf8mb4_unicode_ci */ ;
/*!50003 SET @saved_sql_mode       = @@sql_mode */ ;
/*!50003 SET sql_mode              = 'NO_AUTO_VALUE_ON_ZERO' */ ;
DELIMITER ;;
CREATE DEFINER=`root`@`localhost` PROCEDURE `SP_insertTorneosCanchas`(




















    pIdTorneo	        INT          ,




















	pIdComplejo         INT          ,




















	pIdCancha      	    INT          ,




















    OUT vResultado       INT




















)
BEGIN 




















	




















    




















    DECLARE Error INT DEFAULT 0;




















    DECLARE CONTINUE HANDLER FOR SQLEXCEPTION  SET Error = -1;




















    




















    SET vResultado = 1;




















  




















	INSERT INTO TorneosCanchas	(IdTorneo	,




















                                 IdComplejo	,




















                                 IdCancha	          




















							     )	        




















	VALUES( pIdTorneo,




















			pIdComplejo,




















			pIdCancha	          	        




















			);  









































	IF (Error=-1)  THEN




















        SET vResultado = -1; 




















    END IF;




















END ;;
DELIMITER ;
/*!50003 SET sql_mode              = @saved_sql_mode */ ;
/*!50003 SET character_set_client  = @saved_cs_client */ ;
/*!50003 SET character_set_results = @saved_cs_results */ ;
/*!50003 SET collation_connection  = @saved_col_connection */ ;
/*!50003 DROP PROCEDURE IF EXISTS `SP_insertTorneosDias` */;
/*!50003 SET @saved_cs_client      = @@character_set_client */ ;
/*!50003 SET @saved_cs_results     = @@character_set_results */ ;
/*!50003 SET @saved_col_connection = @@collation_connection */ ;
/*!50003 SET character_set_client  = utf8mb4 */ ;
/*!50003 SET character_set_results = utf8mb4 */ ;
/*!50003 SET collation_connection  = utf8mb4_unicode_ci */ ;
/*!50003 SET @saved_sql_mode       = @@sql_mode */ ;
/*!50003 SET sql_mode              = 'NO_AUTO_VALUE_ON_ZERO' */ ;
DELIMITER ;;
CREATE DEFINER=`root`@`localhost` PROCEDURE `SP_insertTorneosDias`(




















    pIdTorneo	        INT          ,




















	pIddia              INT          ,




















	pHoraDesde      	TIME         ,




















    pHoraHasta      	TIME         ,




















    OUT vResultado       INT




















)
BEGIN 




















	




















    




















    DECLARE Error INT DEFAULT 0;




















    DECLARE CONTINUE HANDLER FOR SQLEXCEPTION  SET Error = -1;




















    




















    SET vResultado = 1;




















  




















	INSERT INTO TorneosDias	(IdTorneo	,




















                             IdDia	,




















                             HoraDesde,




















                             HoraHasta




















							     )	        




















	VALUES( pIdTorneo,




















			pIddia,




















			pHoraDesde,




















            pHoraHasta




















			);  









































	IF (Error=-1)  THEN




















        SET vResultado = -1; 




















    END IF;




















END ;;
DELIMITER ;
/*!50003 SET sql_mode              = @saved_sql_mode */ ;
/*!50003 SET character_set_client  = @saved_cs_client */ ;
/*!50003 SET character_set_results = @saved_cs_results */ ;
/*!50003 SET collation_connection  = @saved_col_connection */ ;
/*!50003 DROP PROCEDURE IF EXISTS `SP_insertTorneosImagenes` */;
/*!50003 SET @saved_cs_client      = @@character_set_client */ ;
/*!50003 SET @saved_cs_results     = @@character_set_results */ ;
/*!50003 SET @saved_col_connection = @@collation_connection */ ;
/*!50003 SET character_set_client  = utf8mb4 */ ;
/*!50003 SET character_set_results = utf8mb4 */ ;
/*!50003 SET collation_connection  = utf8mb4_unicode_ci */ ;
/*!50003 SET @saved_sql_mode       = @@sql_mode */ ;
/*!50003 SET sql_mode              = 'NO_AUTO_VALUE_ON_ZERO' */ ;
DELIMITER ;;
CREATE DEFINER=`root`@`localhost` PROCEDURE `SP_insertTorneosImagenes`(












    pIdTorneo	        INT        ,












	pUrl                VARCHAR(150),












    OUT vResultado       INT












)
BEGIN 












    DECLARE Error INT DEFAULT 0;












    DECLARE CONTINUE HANDLER FOR SQLEXCEPTION  SET Error = -1;












    












    SET vResultado = 1;












  












	INSERT INTO torneosimagenes	(IdTorneo,url,fechaAlta)	        












	VALUES( pIdTorneo,












			pUrl,












            NOW());  

























	IF (Error=-1)  THEN












        SET vResultado = -1; /*Devuelve -1 en caso de error*/












    END IF;












END ;;
DELIMITER ;
/*!50003 SET sql_mode              = @saved_sql_mode */ ;
/*!50003 SET character_set_client  = @saved_cs_client */ ;
/*!50003 SET character_set_results = @saved_cs_results */ ;
/*!50003 SET collation_connection  = @saved_col_connection */ ;
/*!50003 DROP PROCEDURE IF EXISTS `SP_PRUEBA_DUMP` */;
/*!50003 SET @saved_cs_client      = @@character_set_client */ ;
/*!50003 SET @saved_cs_results     = @@character_set_results */ ;
/*!50003 SET @saved_col_connection = @@collation_connection */ ;
/*!50003 SET character_set_client  = utf8 */ ;
/*!50003 SET character_set_results = utf8 */ ;
/*!50003 SET collation_connection  = utf8_general_ci */ ;
/*!50003 SET @saved_sql_mode       = @@sql_mode */ ;
/*!50003 SET sql_mode              = 'NO_AUTO_CREATE_USER,NO_ENGINE_SUBSTITUTION' */ ;
DELIMITER ;;
CREATE DEFINER=`root`@`localhost` PROCEDURE `SP_PRUEBA_DUMP`()
BEGIN












select *












from clientes;












END ;;
DELIMITER ;
/*!50003 SET sql_mode              = @saved_sql_mode */ ;
/*!50003 SET character_set_client  = @saved_cs_client */ ;
/*!50003 SET character_set_results = @saved_cs_results */ ;
/*!50003 SET collation_connection  = @saved_col_connection */ ;
/*!50003 DROP PROCEDURE IF EXISTS `SP_reservar` */;
/*!50003 SET @saved_cs_client      = @@character_set_client */ ;
/*!50003 SET @saved_cs_results     = @@character_set_results */ ;
/*!50003 SET @saved_col_connection = @@collation_connection */ ;
/*!50003 SET character_set_client  = utf8mb4 */ ;
/*!50003 SET character_set_results = utf8mb4 */ ;
/*!50003 SET collation_connection  = utf8mb4_unicode_ci */ ;
/*!50003 SET @saved_sql_mode       = @@sql_mode */ ;
/*!50003 SET sql_mode              = 'NO_AUTO_CREATE_USER,NO_ENGINE_SUBSTITUTION' */ ;
DELIMITER ;;
CREATE DEFINER=`root`@`localhost` PROCEDURE `SP_reservar`(IN `pIdCliente` INT(11), IN `pIdComplejo` INT(11), IN `pIdCancha` INT(11), IN `pFecha` VARCHAR(10), IN `pHDesde` TIME, IN `pHHasta` TIME, IN `pImporteAPagar` DOUBLE, IN `pPagado` DOUBLE, IN `pPorcentajePago` INT(11), IN `pIdEstado` INT(11), OUT `pIdReserva` INT(11))
    DETERMINISTIC
BEGIN 





























    DECLARE Error INT DEFAULT 0;














    DECLARE CONTINUE HANDLER FOR SQLEXCEPTION  SET Error = -1;





























   












































        INSERT INTO reservas(IdCliente, 





























                            IdComplejo,





























                            IdCancha,	





























                            Fecha,	





























                            HoraInicio,	





























                            HoraFin,














                             














                            APagar,














                             














                            Pagado, 














                            














                            PorcentajePago,














                             














                            IdEstado,














                             














                            FechaReserva)





























        VALUES( pIdCliente,





























                pIdComplejo, 





























                pIdCancha, 





























                STR_TO_DATE(pFecha, '%d/%m/%Y'),














               	














               	pHDesde,














               














                pHHasta,














               














                pImporteAPagar,














               














                pPagado,














               














                pPorcentajePago,














               














                pIdEstado,





























                NOW());





























        





























    IF Error=-1 THEN





























        SET pIdReserva = -1; 





























    ELSE





























        SET pIdReserva = (SELECT MAX(idReserva) FROM reservas); 





























    END IF;



























































END ;;
DELIMITER ;
/*!50003 SET sql_mode              = @saved_sql_mode */ ;
/*!50003 SET character_set_client  = @saved_cs_client */ ;
/*!50003 SET character_set_results = @saved_cs_results */ ;
/*!50003 SET collation_connection  = @saved_col_connection */ ;
/*!50003 DROP PROCEDURE IF EXISTS `SP_setComplejosDias` */;
/*!50003 SET @saved_cs_client      = @@character_set_client */ ;
/*!50003 SET @saved_cs_results     = @@character_set_results */ ;
/*!50003 SET @saved_col_connection = @@collation_connection */ ;
/*!50003 SET character_set_client  = utf8mb4 */ ;
/*!50003 SET character_set_results = utf8mb4 */ ;
/*!50003 SET collation_connection  = utf8mb4_unicode_ci */ ;
/*!50003 SET @saved_sql_mode       = @@sql_mode */ ;
/*!50003 SET sql_mode              = 'NO_AUTO_CREATE_USER,NO_ENGINE_SUBSTITUTION' */ ;
DELIMITER ;;
CREATE DEFINER=`root`@`localhost` PROCEDURE `SP_setComplejosDias`(IN `pIdComplejo` INT, IN `pIdDiaDesde` INT, IN `pIdDiaHasta` INT, IN `pHoraDesde` TIME, IN `pHoraHasta` TIME)
BEGIN 





	DECLARE EXISTE INT DEFAULT 0;





	SET EXISTE = (SELECT count(*) FROM complejosdireccion where IdComplejo = pIdComplejoDireccion);





	IF(EXISTE = 1) THEN


    


        INSERT INTO complejosdias 


        (


            IdComplejo


            ,IdDiaDesde


            ,IdDiaHasta


            ,HoraDesde


            ,HoraHasta


        ) 


        VALUES 


        (


            pIdComplejo


            ,pIdDiaDesde


            ,pIdDiaHasta


            ,pHoraDesde


            ,pHoraHasta


        );


            


	ELSE


    


        UPDATE complejosdias SET 


            HoraDesde = pHoraDesde


            ,HoraHasta = pHoraHasta


        WHERE IdComplejo = pIdComplejo


        AND IdDiaDesde = pIdDiaDesde


        AND IdDiaHasta = pIdDiaHasta;


    


    END IF;





END ;;
DELIMITER ;
/*!50003 SET sql_mode              = @saved_sql_mode */ ;
/*!50003 SET character_set_client  = @saved_cs_client */ ;
/*!50003 SET character_set_results = @saved_cs_results */ ;
/*!50003 SET collation_connection  = @saved_col_connection */ ;
/*!50003 DROP PROCEDURE IF EXISTS `SP_setComplejosDireccion` */;
/*!50003 SET @saved_cs_client      = @@character_set_client */ ;
/*!50003 SET @saved_cs_results     = @@character_set_results */ ;
/*!50003 SET @saved_col_connection = @@collation_connection */ ;
/*!50003 SET character_set_client  = utf8mb4 */ ;
/*!50003 SET character_set_results = utf8mb4 */ ;
/*!50003 SET collation_connection  = utf8mb4_unicode_ci */ ;
/*!50003 SET @saved_sql_mode       = @@sql_mode */ ;
/*!50003 SET sql_mode              = 'NO_AUTO_CREATE_USER,NO_ENGINE_SUBSTITUTION' */ ;
DELIMITER ;;
CREATE DEFINER=`root`@`localhost` PROCEDURE `SP_setComplejosDireccion`(IN `pIdComplejoDireccion` INT, IN `pCalle` VARCHAR(40), IN `pAltura` INT, IN `pIdLocalidad` INT, IN `pIdProvincia` INT, IN `pX` INT, IN `pY` INT)
BEGIN





	DECLARE EXISTE INT DEFAULT 0;





	set EXISTE = (SELECT count(*) FROM complejosdireccion where IdComplejo = pIdComplejoDireccion);





	IF(EXISTE = 1) THEN


    


        UPDATE complejosdireccion SET 


            Calle = pCalle


            ,Altura = pAltura


            ,IdLocalidad = pIdLocalidad


            ,IdProvincia = pIdProvincia


            ,X = pX


            ,Y = pY


        WHERE 


            IdComplejo = pIdComplejoDireccion;


            


	ELSE


    


        INSERT INTO complejosdireccion 


        (


            IdComplejo


            ,Calle


            ,Altura


            ,IdLocalidad


            ,IdProvincia


            ,X


            ,Y


        ) 


        VALUES 


        (


            pIdComplejoDireccion


            ,pCalle


            ,pAltura


            ,pIdLocalidad


            ,pIdProvincia


            ,pX


            ,pY


        );


    


    END IF;





END ;;
DELIMITER ;
/*!50003 SET sql_mode              = @saved_sql_mode */ ;
/*!50003 SET character_set_client  = @saved_cs_client */ ;
/*!50003 SET character_set_results = @saved_cs_results */ ;
/*!50003 SET collation_connection  = @saved_col_connection */ ;
/*!50003 DROP PROCEDURE IF EXISTS `SP_setComplejosPagos` */;
/*!50003 SET @saved_cs_client      = @@character_set_client */ ;
/*!50003 SET @saved_cs_results     = @@character_set_results */ ;
/*!50003 SET @saved_col_connection = @@collation_connection */ ;
/*!50003 SET character_set_client  = utf8mb4 */ ;
/*!50003 SET character_set_results = utf8mb4 */ ;
/*!50003 SET collation_connection  = utf8mb4_unicode_ci */ ;
/*!50003 SET @saved_sql_mode       = @@sql_mode */ ;
/*!50003 SET sql_mode              = 'NO_AUTO_CREATE_USER,NO_ENGINE_SUBSTITUTION' */ ;
DELIMITER ;;
CREATE DEFINER=`root`@`localhost` PROCEDURE `SP_setComplejosPagos`(IN `pIdComplejoPagos` INT, IN `pCBU` INT, IN `pNroCuenta` INT)
BEGIN 





	DECLARE EXISTE INT DEFAULT 0;





	set EXISTE = (SELECT count(*) FROM complejospagos where IdComplejo = pIdComplejoPagos);





	IF(EXISTE = 1) THEN


    


        UPDATE  complejospagos  SET 


        	CBU = pCBU


        	,NroCuenta = pNroCuenta 


        WHERE 


        	IdComplejo = pIdComplejoPagos;


            


	ELSE


    


        INSERT INTO complejospagos


        (


            IdComplejo


            ,CBU


            ,NroCuenta


        ) 


        VALUES 


        (


            pIdComplejoPagos


            ,pCBU


            ,pNroCuenta


        );


    


    END IF;





END ;;
DELIMITER ;
/*!50003 SET sql_mode              = @saved_sql_mode */ ;
/*!50003 SET character_set_client  = @saved_cs_client */ ;
/*!50003 SET character_set_results = @saved_cs_results */ ;
/*!50003 SET collation_connection  = @saved_col_connection */ ;
/*!50003 DROP PROCEDURE IF EXISTS `SP_updateComplejo` */;
/*!50003 SET @saved_cs_client      = @@character_set_client */ ;
/*!50003 SET @saved_cs_results     = @@character_set_results */ ;
/*!50003 SET @saved_col_connection = @@collation_connection */ ;
/*!50003 SET character_set_client  = utf8 */ ;
/*!50003 SET character_set_results = utf8 */ ;
/*!50003 SET collation_connection  = utf8_general_ci */ ;
/*!50003 SET @saved_sql_mode       = @@sql_mode */ ;
/*!50003 SET sql_mode              = 'NO_AUTO_CREATE_USER,NO_ENGINE_SUBSTITUTION' */ ;
DELIMITER ;;
CREATE DEFINER=`root`@`localhost` PROCEDURE `SP_updateComplejo`(IN `pNombre` VARCHAR(60), IN `pDescripcion` VARCHAR(200), IN `pEstacionamiento` TINYINT, IN `pBuffet` TINYINT, IN `pDuchas` TINYINT, IN `pParrillas` TINYINT, IN `pWiFi` INT, IN `pHoraCobroLuz` TIME, IN `pPorcentajeSeña` INT, IN `pHorasCancelacion` INT, IN `pTiempoReserva` TIME, IN `pEmail` VARCHAR(60), IN `pIdEstado` INT, IN `pIdDuenio` INT, IN `pPorcentajeLuz` INT, IN `pnroCelular` INT, IN `pnroTelefono` INT, IN `pIdComplejo` INT)
    NO SQL
BEGIN





	DECLARE Error INT DEFAULT 0;


    DECLARE CONTINUE HANDLER FOR SQLEXCEPTION  SET Error = -1;





UPDATE complejos SET 


	Nombre = pNombre


	,Descripcion = pDescripcion


	,Estacionamiento = pEstacionamiento


	,Buffet = pBuffet			


	,Duchas = pDuchas		


	,Parrillas = pParrillas			


	,WiFi =	pWiFi			


	,HoraCobroLuz =	pHoraCobroLuz	


	,PorcentajeSeña = pPorcentajeSeña


	,HorasCancelacion = pHorasCancelacion	


	,TiempoReserva = pTiempoReserva		


	,Email = pEmail			


	,IdEstado =	pIdEstado		


	,IdDuenio =	pIdDuenio	


	,PorcentajeLuz = pPorcentajeLuz	


	,nroCelular = pnroCelular	


	,nroTelefono = pnroTelefono	 


WHERE 


	IdComplejo = pIdComplejo;








END ;;
DELIMITER ;
/*!50003 SET sql_mode              = @saved_sql_mode */ ;
/*!50003 SET character_set_client  = @saved_cs_client */ ;
/*!50003 SET character_set_results = @saved_cs_results */ ;
/*!50003 SET collation_connection  = @saved_col_connection */ ;
/*!50003 DROP PROCEDURE IF EXISTS `SP_updateComplejoDireccion` */;
/*!50003 SET @saved_cs_client      = @@character_set_client */ ;
/*!50003 SET @saved_cs_results     = @@character_set_results */ ;
/*!50003 SET @saved_col_connection = @@collation_connection */ ;
/*!50003 SET character_set_client  = utf8 */ ;
/*!50003 SET character_set_results = utf8 */ ;
/*!50003 SET collation_connection  = utf8_general_ci */ ;
/*!50003 SET @saved_sql_mode       = @@sql_mode */ ;
/*!50003 SET sql_mode              = 'NO_AUTO_CREATE_USER,NO_ENGINE_SUBSTITUTION' */ ;
DELIMITER ;;
CREATE DEFINER=`root`@`localhost` PROCEDURE `SP_updateComplejoDireccion`(IN `pCalle` VARCHAR(40), IN `pAltura` INT, IN `pIdLocalidad` INT, IN `pIdProvincia` INT, IN `pX` INT, IN `pY` INT, IN `pIdComplejo` INT, IN `vResultado` INT)
    NO SQL
BEGIN 





	DECLARE Error INT DEFAULT 0;


    DECLARE CONTINUE HANDLER FOR SQLEXCEPTION  SET Error = -1;


    


    SET vResultado = 1;





UPDATE complejosdireccion SET 


	Calle = pCalle


	,Altura = pAltura


	,IdLocalidad = pIdLocalidad


	,IdProvincia = pIdProvincia


	,X = pX


	,Y = pY


WHERE 


	IdComplejo = pIdComplejo;





	IF (Error=-1)  THEN


        SET vResultado = -1; /*Devuelve -1 en caso de error*/


    END IF;


    


END ;;
DELIMITER ;
/*!50003 SET sql_mode              = @saved_sql_mode */ ;
/*!50003 SET character_set_client  = @saved_cs_client */ ;
/*!50003 SET character_set_results = @saved_cs_results */ ;
/*!50003 SET collation_connection  = @saved_col_connection */ ;
/*!50003 DROP PROCEDURE IF EXISTS `SP_updateComplejosPagos` */;
/*!50003 SET @saved_cs_client      = @@character_set_client */ ;
/*!50003 SET @saved_cs_results     = @@character_set_results */ ;
/*!50003 SET @saved_col_connection = @@collation_connection */ ;
/*!50003 SET character_set_client  = utf8 */ ;
/*!50003 SET character_set_results = utf8 */ ;
/*!50003 SET collation_connection  = utf8_general_ci */ ;
/*!50003 SET @saved_sql_mode       = @@sql_mode */ ;
/*!50003 SET sql_mode              = 'NO_AUTO_CREATE_USER,NO_ENGINE_SUBSTITUTION' */ ;
DELIMITER ;;
CREATE DEFINER=`root`@`localhost` PROCEDURE `SP_updateComplejosPagos`(IN `pCBU` VARCHAR(22), IN `pNroCuenta` VARCHAR(18), IN `pIdComplejo` INT)
    NO SQL
BEGIN





UPDATE  complejospagos  SET 


	CBU = pCBU


	,NroCuenta = pNroCuenta 


WHERE 


	IdComplejo = pIdComplejo;





END ;;
DELIMITER ;
/*!50003 SET sql_mode              = @saved_sql_mode */ ;
/*!50003 SET character_set_client  = @saved_cs_client */ ;
/*!50003 SET character_set_results = @saved_cs_results */ ;
/*!50003 SET collation_connection  = @saved_col_connection */ ;
/*!50003 DROP PROCEDURE IF EXISTS `SP_updateDuenio` */;
/*!50003 SET @saved_cs_client      = @@character_set_client */ ;
/*!50003 SET @saved_cs_results     = @@character_set_results */ ;
/*!50003 SET @saved_col_connection = @@collation_connection */ ;
/*!50003 SET character_set_client  = utf8 */ ;
/*!50003 SET character_set_results = utf8 */ ;
/*!50003 SET collation_connection  = utf8_general_ci */ ;
/*!50003 SET @saved_sql_mode       = @@sql_mode */ ;
/*!50003 SET sql_mode              = 'NO_AUTO_CREATE_USER,NO_ENGINE_SUBSTITUTION' */ ;
DELIMITER ;;
CREATE DEFINER=`root`@`localhost` PROCEDURE `SP_updateDuenio`(IN `pIdDuenio` INT, IN `pUsuario` VARCHAR(50), IN `pContrasenia` VARCHAR(50), OUT `pIdPersona` INT)
    NO SQL
BEGIN





UPDATE duenios SET 


    Usuario = pUsuario


    ,Contrasenia = pContrasenia


    ,IdEstado = 3


WHERE


    IdDuenio=pIdDuenio;


    


    SET pIdPersona = (SELECT IdPersona FROM duenios where IdDuenio=pIdDuenio);


    


END ;;
DELIMITER ;
/*!50003 SET sql_mode              = @saved_sql_mode */ ;
/*!50003 SET character_set_client  = @saved_cs_client */ ;
/*!50003 SET character_set_results = @saved_cs_results */ ;
/*!50003 SET collation_connection  = @saved_col_connection */ ;
/*!50003 DROP PROCEDURE IF EXISTS `SP_updateFixture` */;
/*!50003 SET @saved_cs_client      = @@character_set_client */ ;
/*!50003 SET @saved_cs_results     = @@character_set_results */ ;
/*!50003 SET @saved_col_connection = @@collation_connection */ ;
/*!50003 SET character_set_client  = utf8 */ ;
/*!50003 SET character_set_results = utf8 */ ;
/*!50003 SET collation_connection  = utf8_general_ci */ ;
/*!50003 SET @saved_sql_mode       = @@sql_mode */ ;
/*!50003 SET sql_mode              = 'NO_ENGINE_SUBSTITUTION' */ ;
DELIMITER ;;
CREATE DEFINER=`root`@`localhost` PROCEDURE `SP_updateFixture`(

	pIdTorneo	INT,

    pIdFecha	INT,

    pIdReserva	INT,
    pEquipo1	INT,

    pGol1		INT,

    pEquipo2	INT,
    pGol2		INT,

    OUT pResultado   	INT

)
BEGIN

    /*Variables del partido*/
    DECLARE vPuntos1 INT DEFAULT 0;
    DECLARE vGanado1 INT DEFAULT 0;
    DECLARE vEmpatado1 INT DEFAULT 0;
    DECLARE vPerdido1 INT DEFAULT 0;
    DECLARE vPuntos2 INT DEFAULT 0;
    DECLARE vGanado2 INT DEFAULT 0;
    DECLARE vEmpatado2 INT DEFAULT 0;
    DECLARE vPerdido2 INT DEFAULT 0;

    DECLARE Error INT DEFAULT 0;

    DECLARE CONTINUE HANDLER FOR SQLEXCEPTION  SET Error = -1;
    
    

    

    SET pResultado = 1;

    
    /*Primero actualizo el fixture*/

	UPDATE fixture

    SET gol1 = pGol1,

    	gol2 = pGol2,
        jugado = 1

	WHERE idTorneo = pIdTorneo

    AND   idFecha =  pIdFecha

    AND   idreserva = pIdReserva;
    
    /*
    CALL SP_updatePuntajesporfechas(pIdTorneo, pIdFecha, pEquipo1);
    CALL SP_updatePuntajesporfechas(pIdTorneo, pIdFecha, pEquipo2);*/

    

    IF (Error=-1)  THEN

        SET pResultado = -1; /*Devuelve -1 en caso de error*/

    END IF;

END ;;
DELIMITER ;
/*!50003 SET sql_mode              = @saved_sql_mode */ ;
/*!50003 SET character_set_client  = @saved_cs_client */ ;
/*!50003 SET character_set_results = @saved_cs_results */ ;
/*!50003 SET collation_connection  = @saved_col_connection */ ;
/*!50003 DROP PROCEDURE IF EXISTS `SP_updateFixtureCopaIda` */;
/*!50003 SET @saved_cs_client      = @@character_set_client */ ;
/*!50003 SET @saved_cs_results     = @@character_set_results */ ;
/*!50003 SET @saved_col_connection = @@collation_connection */ ;
/*!50003 SET character_set_client  = utf8 */ ;
/*!50003 SET character_set_results = utf8 */ ;
/*!50003 SET collation_connection  = utf8_general_ci */ ;
/*!50003 SET @saved_sql_mode       = @@sql_mode */ ;
/*!50003 SET sql_mode              = 'NO_ENGINE_SUBSTITUTION' */ ;
DELIMITER ;;
CREATE DEFINER=`root`@`localhost` PROCEDURE `SP_updateFixtureCopaIda`(
	pIdTorneo	INT,
    pIdFecha	INT,
    pIdReserva	INT,
    pGol1	INT,
    pGol2	INT,
    OUT pRes	INT
)
BEGIN
	
    DECLARE VIdReserva INT;
    DECLARE VIdEquipoGanador INT;
    DECLARE Error INT DEFAULT 0;
    DECLARE CONTINUE HANDLER FOR SQLEXCEPTION  SET Error = -1;
    
    
    SET pRes = 1;
    
    /*Actualizo el resultado del partido*/
    UPDATE fixture
    SET Gol1 = pGol1,
		Gol2 = pGol2,
        jugado =1
    WHERE IdTorneo=pIdTorneo
    AND IdFecha =pIdFecha
    AND IdReserva = pIdReserva;
    
    /*Obtengo el idEquipo ganador*/
    SET VIdEquipoGanador = (select if(gol1 > gol2,IdEquipo1, IdEquipo2) from fixture where idtorneo = pIdTorneo and idfecha = pIdFecha and IdReserva = pIdReserva);
    
    
    /*obtengo el id reserva para insertar el equipo que gano*/
    SET VIdReserva = (select IdReserva
						from fixture 
						where idtorneo = pIdTorneo 
						and idfecha = (pIdFecha+1)
						and (IdEquipo1 = 0 OR IdEquipo2 = 0)
						order by IdReserva
						LIMIT 1);
                        
	/*Actualizo el id equipo para el equipo vacio*/
    IF( exists (select 1 from fixture where idtorneo = pIdTorneo and idfecha = (pIdFecha+1) and idreserva =VIdReserva and IdEquipo1 = 0)) THEN
		UPDATE fixture
		SET idequipo1 =VIdEquipoGanador
		WHERE idtorneo = pIdTorneo 
		AND idfecha = (pIdFecha+1)
		AND idreserva = VIdReserva;
    ELSE
		UPDATE fixture
		SET idequipo2 =VIdEquipoGanador
		WHERE idtorneo = pIdTorneo 
		AND idfecha = (pIdFecha+1)
		AND idreserva = VIdReserva;
    END IF;
    

    
    IF (Error=-1)  THEN
        SET pRes = -1; /*Devuelve -1 en caso de error*/
	END IF;
END ;;
DELIMITER ;
/*!50003 SET sql_mode              = @saved_sql_mode */ ;
/*!50003 SET character_set_client  = @saved_cs_client */ ;
/*!50003 SET character_set_results = @saved_cs_results */ ;
/*!50003 SET collation_connection  = @saved_col_connection */ ;
/*!50003 DROP PROCEDURE IF EXISTS `SP_updatePersona` */;
/*!50003 SET @saved_cs_client      = @@character_set_client */ ;
/*!50003 SET @saved_cs_results     = @@character_set_results */ ;
/*!50003 SET @saved_col_connection = @@collation_connection */ ;
/*!50003 SET character_set_client  = utf8 */ ;
/*!50003 SET character_set_results = utf8 */ ;
/*!50003 SET collation_connection  = utf8_general_ci */ ;
/*!50003 SET @saved_sql_mode       = @@sql_mode */ ;
/*!50003 SET sql_mode              = 'NO_AUTO_CREATE_USER,NO_ENGINE_SUBSTITUTION' */ ;
DELIMITER ;;
CREATE DEFINER=`root`@`localhost` PROCEDURE `SP_updatePersona`(IN `pIdPersona` INT, IN `pNombre` VARCHAR(60), IN `pIdTipoDoc` INT, IN `pApellido` VARCHAR(60), IN `pNroDoc` VARCHAR(20), IN `pEmail` VARCHAR(60), IN `vResultado` INT)
    NO SQL
BEGIN





	DECLARE Error INT DEFAULT 0;


    DECLARE CONTINUE HANDLER FOR SQLEXCEPTION  SET Error = -1;


    


    SET vResultado = 1;





UPDATE personas SET 


    Nombre = pNombre


    ,Apellido = pApellido


    ,IdTipoDoc = pIdTipoDoc


    ,NroDoc = pNroDoc


    ,Email = pEmail


WHERE 


    IdPersona = pIdPersona;


    


    IF (Error=-1)  THEN


        SET vResultado = -1; /*Devuelve -1 en caso de error*/


    END IF;


    


END ;;
DELIMITER ;
/*!50003 SET sql_mode              = @saved_sql_mode */ ;
/*!50003 SET character_set_client  = @saved_cs_client */ ;
/*!50003 SET character_set_results = @saved_cs_results */ ;
/*!50003 SET collation_connection  = @saved_col_connection */ ;
/*!50003 DROP PROCEDURE IF EXISTS `SP_updatePuntajesporfechas` */;
/*!50003 SET @saved_cs_client      = @@character_set_client */ ;
/*!50003 SET @saved_cs_results     = @@character_set_results */ ;
/*!50003 SET @saved_col_connection = @@collation_connection */ ;
/*!50003 SET character_set_client  = utf8 */ ;
/*!50003 SET character_set_results = utf8 */ ;
/*!50003 SET collation_connection  = utf8_general_ci */ ;
/*!50003 SET @saved_sql_mode       = @@sql_mode */ ;
/*!50003 SET sql_mode              = 'NO_ENGINE_SUBSTITUTION' */ ;
DELIMITER ;;
CREATE DEFINER=`root`@`localhost` PROCEDURE `SP_updatePuntajesporfechas`(
	pIdTorneo	INT,
	pIdFecha	INT,
	pIdEquipo	INT
)
BEGIN

/*DE MOMEMNTO NO USO ESTE SP*/

    /*Variables del partido*/
    DECLARE vPuntos INT DEFAULT 0;
    DECLARE vJugados INT DEFAULT 0;
    DECLARE vGanado INT DEFAULT 0;
    DECLARE vEmpatado INT DEFAULT 0;
    DECLARE vPerdido INT DEFAULT 0;
   
    
    DECLARE vFechaMax INT DEFAULT 0;
	
    SET vFechaMax = (select max(idfecha) from puntajesporfechas porfecha 
										 where idTorneo = pIdTorneo and idequipo = pIdEquipo);
                                         
    /*OBTENGO LAS VARIABLES*/     
    
	SELECT 	sum(puntos) as puntos,
			sum(cant) as jugados,
            sum(ganados) as ganados, 
            sum(empatados) as empatados, 
            sum(perdidos) as perdidos
		INTO vPuntos, vJugados, vGanado, vEmpatado, vPerdido
    FROM (	
			select  count(1) as cant,
					sum(if(gol1 > gol2,1,0)) as ganados, 
					sum(if(gol1 = gol2,1,0)) as empatados,
					sum(if(gol1 < gol2,1,0)) as perdidos,
					sum(if(gol1 > gol2,1,0)) * 3 + sum(if(gol1 = gol2,1,0)) as puntos
			from fixture 
			where idtorneo= pIdTorneo  and idequipo1= pIdEquipo and jugado = 1

			union all

			select  count(1) as cant,
					sum(if(gol2 > gol1,1,0)) as ganados, 
					sum(if(gol2 = gol1,1,0)) as empatados,
					sum(if(gol2 < gol1,1,0)) as perdidos,
					sum(if(gol2 > gol1,1,0)) * 3 + sum(if(gol1 = gol2,1,0)) as puntos
			from fixture 
			where idtorneo= pIdTorneo  and idequipo2= pIdEquipo and jugado = 1
		 ) as res;
                                         
	IF (pIdFecha > vFechaMax) THEN
		INSERT INTO puntajesporfechas(idtorneo, IdFecha, idequipo, CantPuntos, jugados,ganados, empatados, perdidos)
		VALUES ( pIdTorneo, 
				pIdFecha, 
				pIdEquipo, 
				vPuntos, 
                vJugados, 
                vGanado, 
                vEmpatado, 
                vPerdido);
    ELSE
        UPDATE  puntajesporfechas 
		SET CantPuntos = vPuntos , 
			jugados = vJugados,
			ganados = vGanado, 
			empatados = vEmpatado, 
			perdidos = vPerdido
		WHERE idTorneo = pIdTorneo 
		AND idequipo = pIdEquipo
		AND idFecha = pIdFecha;
    END IF;

END ;;
DELIMITER ;
/*!50003 SET sql_mode              = @saved_sql_mode */ ;
/*!50003 SET character_set_client  = @saved_cs_client */ ;
/*!50003 SET character_set_results = @saved_cs_results */ ;
/*!50003 SET collation_connection  = @saved_col_connection */ ;
/*!50003 DROP PROCEDURE IF EXISTS `SP_verificarClienteListaNegra` */;
/*!50003 SET @saved_cs_client      = @@character_set_client */ ;
/*!50003 SET @saved_cs_results     = @@character_set_results */ ;
/*!50003 SET @saved_col_connection = @@collation_connection */ ;
/*!50003 SET character_set_client  = utf8 */ ;
/*!50003 SET character_set_results = utf8 */ ;
/*!50003 SET collation_connection  = utf8_general_ci */ ;
/*!50003 SET @saved_sql_mode       = @@sql_mode */ ;
/*!50003 SET sql_mode              = 'NO_AUTO_CREATE_USER,NO_ENGINE_SUBSTITUTION' */ ;
DELIMITER ;;
CREATE DEFINER=`root`@`localhost` PROCEDURE `SP_verificarClienteListaNegra`(pIdCliente INT(11), pIdComplejo INT(11))
SELECT FechaIngreso

from listanegra

where IdCliente = pIdCliente

and IdComplejo = pIdComplejo ;;
DELIMITER ;
/*!50003 SET sql_mode              = @saved_sql_mode */ ;
/*!50003 SET character_set_client  = @saved_cs_client */ ;
/*!50003 SET character_set_results = @saved_cs_results */ ;
/*!50003 SET collation_connection  = @saved_col_connection */ ;
/*!40103 SET TIME_ZONE=@OLD_TIME_ZONE */;

/*!40101 SET SQL_MODE=@OLD_SQL_MODE */;
/*!40014 SET FOREIGN_KEY_CHECKS=@OLD_FOREIGN_KEY_CHECKS */;
/*!40014 SET UNIQUE_CHECKS=@OLD_UNIQUE_CHECKS */;
/*!40101 SET CHARACTER_SET_CLIENT=@OLD_CHARACTER_SET_CLIENT */;
/*!40101 SET CHARACTER_SET_RESULTS=@OLD_CHARACTER_SET_RESULTS */;
/*!40101 SET COLLATION_CONNECTION=@OLD_COLLATION_CONNECTION */;
/*!40111 SET SQL_NOTES=@OLD_SQL_NOTES */;

-- Dump completed on 2016-07-05  0:31:47
